/*
SQLyog Ultimate v11.25 (64 bit)
MySQL - 8.0.24 : Database - shop
*********************************************************************
*/


/*!40101 SET NAMES utf8 */;

/*!40101 SET SQL_MODE=''*/;

/*!40014 SET @OLD_UNIQUE_CHECKS=@@UNIQUE_CHECKS, UNIQUE_CHECKS=0 */;
/*!40014 SET @OLD_FOREIGN_KEY_CHECKS=@@FOREIGN_KEY_CHECKS, FOREIGN_KEY_CHECKS=0 */;
/*!40101 SET @OLD_SQL_MODE=@@SQL_MODE, SQL_MODE='NO_AUTO_VALUE_ON_ZERO' */;
/*!40111 SET @OLD_SQL_NOTES=@@SQL_NOTES, SQL_NOTES=0 */;
CREATE DATABASE /*!32312 IF NOT EXISTS*/`shop` /*!40100 DEFAULT CHARACTER SET utf8mb4 COLLATE utf8mb4_general_ci */ /*!80016 DEFAULT ENCRYPTION='N' */;

USE `shop`;

/*Table structure for table `app_home` */

DROP TABLE IF EXISTS `app_home`;

CREATE TABLE `app_home` (
  `app_home_id` int NOT NULL AUTO_INCREMENT COMMENT 'app首页表ID',
  `type` int DEFAULT NULL COMMENT '1平台频道  2平台子类  3店铺首页  4商品  5平台子类中类别',
  `app_home_weight` int DEFAULT NULL COMMENT '0=banner 1=min_banner  3=min_son_banner',
  `chang_id` int DEFAULT NULL COMMENT '通用ID',
  PRIMARY KEY (`app_home_id`)
) ENGINE=InnoDB AUTO_INCREMENT=14 DEFAULT CHARSET=utf8mb3;

/*Data for the table `app_home` */

insert  into `app_home`(`app_home_id`,`type`,`app_home_weight`,`chang_id`) values (1,3,0,1),(2,4,0,1),(3,4,1,2),(4,4,0,2),(5,1,0,1),(6,2,0,16),(7,5,0,10),(8,3,1,1),(9,1,1,1),(10,2,1,16),(11,5,1,10),(13,1,1,11);

/*Table structure for table `app_money` */

DROP TABLE IF EXISTS `app_money`;

CREATE TABLE `app_money` (
  `app_moeny_id` int NOT NULL AUTO_INCREMENT COMMENT 'app冻结资金',
  `shop_id` int DEFAULT NULL COMMENT '店铺ID',
  `money` decimal(10,2) DEFAULT NULL COMMENT '金额',
  `jf` decimal(10,2) DEFAULT NULL COMMENT '积分',
  PRIMARY KEY (`app_moeny_id`)
) ENGINE=InnoDB AUTO_INCREMENT=4 DEFAULT CHARSET=utf8mb4 COLLATE=utf8mb4_general_ci;

/*Data for the table `app_money` */

insert  into `app_money`(`app_moeny_id`,`shop_id`,`money`,`jf`) values (1,1,'127607.50','12345.00'),(2,2,'136553.00','72145.00');

/*Table structure for table `app_root` */

DROP TABLE IF EXISTS `app_root`;

CREATE TABLE `app_root` (
  `app_root_id` int NOT NULL AUTO_INCREMENT COMMENT 'app 管理员',
  `root` int DEFAULT NULL COMMENT '权限ID',
  `user_id` int DEFAULT NULL COMMENT '用户ID',
  PRIMARY KEY (`app_root_id`)
) ENGINE=InnoDB DEFAULT CHARSET=utf8mb3;

/*Data for the table `app_root` */

/*Table structure for table `app_root_info` */

DROP TABLE IF EXISTS `app_root_info`;

CREATE TABLE `app_root_info` (
  `app_root_info_id` int NOT NULL AUTO_INCREMENT COMMENT 'app 权限 设置 详情',
  `app_root_info_title` varchar(50) DEFAULT NULL,
  `app_root_info_tf` int DEFAULT '0' COMMENT '0=启用 1=不启用',
  PRIMARY KEY (`app_root_info_id`)
) ENGINE=InnoDB DEFAULT CHARSET=utf8mb3;

/*Data for the table `app_root_info` */

/*Table structure for table `category_parent` */

DROP TABLE IF EXISTS `category_parent`;

CREATE TABLE `category_parent` (
  `category_parent_id` int NOT NULL AUTO_INCREMENT COMMENT '平台频道父ID',
  `category_parent_title` varchar(50) DEFAULT NULL COMMENT '平台父频道名称',
  `category_parent_img` varchar(150) DEFAULT NULL COMMENT '平台父频道img',
  `category_info_title` varchar(10) DEFAULT NULL COMMENT '平台频道简介',
  PRIMARY KEY (`category_parent_id`)
) ENGINE=InnoDB AUTO_INCREMENT=27 DEFAULT CHARSET=utf8mb3;

/*Data for the table `category_parent` */

insert  into `category_parent`(`category_parent_id`,`category_parent_title`,`category_parent_img`,`category_info_title`) values (1,'男装','/category_parent/q.jpg','男装'),(2,'运动户外',NULL,'运动户外'),(3,'男鞋',NULL,'男鞋'),(4,'手机数码',NULL,'手机数码'),(5,'酒水饮料',NULL,'酒水饮料'),(6,'食品',NULL,'食品'),(8,'家具家装',NULL,'家具家装'),(9,'家居厨具',NULL,'家居厨具'),(10,'女装',NULL,'女装'),(11,'电脑办公','/category_parent/0ef7eb26d620bf04.jpg','电脑办公'),(12,'医疗保健',NULL,'医疗保健'),(13,'家用电器',NULL,'家用电器'),(14,'钟表珠宝',NULL,'钟表珠宝'),(15,'玩具乐器',NULL,'玩具乐器'),(16,'家居用品',NULL,'家居用品'),(17,'汽车生活',NULL,'汽车生活'),(18,'礼品鲜花',NULL,'礼品鲜花'),(19,'农资绿植',NULL,'农资绿植'),(20,'箱包手袋',NULL,'箱包手袋'),(21,'计生情趣',NULL,'计生情趣'),(22,'美妆护肤',NULL,'美妆护肤'),(23,'奢侈品',NULL,'奢侈品'),(24,'艺术邮币',NULL,'艺术邮币'),(25,'工业品',NULL,'工业品'),(26,'女鞋',NULL,'女鞋');

/*Table structure for table `category_son` */

DROP TABLE IF EXISTS `category_son`;

CREATE TABLE `category_son` (
  `category_son_id` int NOT NULL AUTO_INCREMENT COMMENT '平台子频道ID',
  `category_parent_id` int DEFAULT NULL COMMENT '平台父频道ID',
  `category_son_title` varchar(50) DEFAULT NULL COMMENT '平台子频道名称',
  `category_son_img` varchar(500) CHARACTER SET utf8 COLLATE utf8_general_ci DEFAULT NULL COMMENT '平台子频道Img',
  `category_son_lei` int DEFAULT NULL COMMENT '类别ID',
  `hot` int DEFAULT '0' COMMENT '是否热购',
  `category_son_activity_img` varchar(500) DEFAULT NULL COMMENT '频道子频道活动IMG',
  `shop_hot` varchar(500) DEFAULT '[]' COMMENT '频道热卖竞价',
  PRIMARY KEY (`category_son_id`)
) ENGINE=InnoDB AUTO_INCREMENT=1369 DEFAULT CHARSET=utf8mb3;

/*Data for the table `category_son` */

insert  into `category_son`(`category_son_id`,`category_parent_id`,`category_son_title`,`category_son_img`,`category_son_lei`,`hot`,`category_son_activity_img`,`shop_hot`) values (10,1,'短袖T恤','/commodity_img/5ac47fffNe7a93aca.jpg',2,1,'/category_parent/eb87a003a1835833.jpg','[\"1\",\"2\"]'),(11,1,'短袖衬衫','/commodity_img/5a0ebc2fNd418b77e.jpg',2,1,NULL,'[]'),(12,1,'连帽卫衣','/commodity_img/5ac4801bN5bd994fa.jpg',2,1,NULL,'[]'),(13,1,'潮牌卫衣','/commodity_img/5ac48021Ne7b57893.jpg',2,0,NULL,'[]'),(14,1,'长袖T恤','/commodity_img/5ac47fa6Nd128653e.jpg',2,0,NULL,'[]'),(15,1,'长袖衬衫','/commodity_img/5ac48007Nb30b2118.jpg',2,0,NULL,'[]'),(16,1,'针织衫','/commodity_img/5ac47fe7N2718dc4b.jpg',2,0,NULL,'[]'),(17,1,'POLO衫','/commodity_img/5ac47ff1N20a0a421.jpg',2,0,NULL,'[]'),(18,1,'夹克','/commodity_img/5a0e9496Necd5bd0e.jpg',3,0,NULL,'[]'),(19,1,'风衣','/commodity_img/5a0e947eN67f0e537.jpg',3,0,NULL,'[]'),(20,1,'单西','/commodity_img/5a0e9499N0e69037f.jpg',3,0,NULL,'[]'),(21,1,'牛仔外套','/commodity_img/5a0e9474N8cbaefe7.jpg',3,0,NULL,'[]'),(22,1,'西服套装','/commodity_img/5a0e9483Na6231535.jpg',3,0,NULL,'[]'),(23,1,'毛呢大衣','/commodity_img/5a0e9465Nd77fc98e.jpg',3,0,NULL,'[]'),(24,1,'真皮外套','/commodity_img/5a0e946eNa5bdc629.jpg',3,0,NULL,'[]'),(25,1,'仿皮大衣','/commodity_img/5a0e948eN9cabd795.jpg',3,0,NULL,'[]'),(26,1,'棒球服','/commodity_img/5aa63d4aN9ee1c065.jpg',3,0,NULL,'[]'),(27,1,'休闲裤','/commodity_img/5ac47c31N24f09d02.jpg',4,0,NULL,'[]'),(28,1,'九分裤','/commodity_img/5ac47c3aNc82719bc.jpg',4,0,NULL,'[]'),(29,1,'七分裤','/commodity_img/5ac47c3eN84bc1bed.jpg',4,0,NULL,'[]'),(30,1,'束脚裤','/commodity_img/5ac47c45N8964ef85.jpg',4,0,NULL,'[]'),(31,1,'哈伦裤','/commodity_img/5ac47c49N21f90935.jpg',4,0,NULL,'[]'),(32,1,'短裤','/commodity_img/5ac47c4eNd42efb7b.jpg',4,0,NULL,'[]'),(33,1,'小脚裤','/commodity_img/5ac47c45N8964ef85.jpg',4,0,NULL,'[]'),(34,1,'运动裤','/commodity_img/5ac47c5bN8711033e.jpg',4,0,NULL,'[]'),(35,1,'西裤','/commodity_img/5ac47c61Nc016c8cb.jpg',4,0,NULL,'[]'),(36,1,'工装裤','/commodity_img/5ac47c66N808e016e.png',4,0,NULL,'[]'),(37,1,'阔腿裤','/commodity_img/5ac47c6dNf537d6b0.jpg',4,0,NULL,'[]'),(38,1,'皮裤','/commodity_img/5ac47c76N139c9508.jpg',4,0,NULL,'[]'),(39,1,'直筒牛仔','/commodity_img/5a0eaec2N724caf0d.jpg',5,0,NULL,'[]'),(40,1,'修身牛仔','/commodity_img/5a0eaecdNc88cd0e1.jpg',5,0,NULL,'[]'),(41,1,'黑色牛仔','/commodity_img/5a0eaeb6N98d31d4a.jpg',5,0,NULL,'[]'),(42,1,'弹力牛仔','/commodity_img/5a0eaeafN19336e5b.jpg',5,0,NULL,'[]'),(43,1,'小脚牛仔','/commodity_img/5a0eaec8N06459852.jpg',5,0,NULL,'[]'),(44,1,'破洞牛仔','/commodity_img/5a0eaeafN19336e5b.jpg',5,0,NULL,'[]'),(45,1,'磨破牛仔','/commodity_img/5a0eaea9N76cd1819.jpg',5,0,NULL,'[]'),(46,1,'白色牛仔','/commodity_img/5a0eaea1N1733e73b.jpg',5,0,NULL,'[]'),(47,1,'工装制服','/commodity_img/5a0e7cbdNd10bb7b9.jpg',6,0,NULL,'[]'),(48,1,'潮牌','/commodity_img/5a0e7cccN86799880.jpg',6,0,NULL,'[]'),(49,1,'大码男装','/commodity_img/5a0e7ca9N5e8bf386.jpg',6,0,NULL,'[]'),(50,1,'机车夹克','/commodity_img/5a0e7cb8Ndbd1c62b.jpg',6,0,NULL,'[]'),(51,1,'中老年男装','/commodity_img/5a0e7cd1N46d2dc38.jpg',6,0,NULL,'[]'),(52,1,'印花卫衣','/commodity_img/5a0e7ce1Nc843eedb.jpg',6,0,NULL,'[]'),(53,1,'唐装/中山装','/commodity_img/5a0e7cc6N5edd9a1d.jpg',6,0,NULL,'[]'),(54,1,'设计师','/commodity_img/5a0e7ce1Nc843eedb.jpg',6,0,NULL,'[]'),(55,1,'棒球衫','/commodity_img/5a0e7cd6N3c33093a.jpg',6,0,NULL,'[]'),(56,3,'休闲鞋','/commodity_img/5a139490Nc7fa0e4a.jpg',7,0,NULL,'[]'),(57,3,'休闲户外鞋','/commodity_img/5a139431Nb7ff4008.jpg',7,0,NULL,'[]'),(58,3,'凉鞋','/commodity_img/5a139411N2cd65a08.jpg',7,0,NULL,'[]'),(59,3,'功能鞋','/commodity_img/5a139431N4e649769.jpg',7,0,NULL,'[]'),(60,3,'豆豆鞋','/commodity_img/5a13945aN18bb6107.jpg',7,0,NULL,'[]'),(61,3,'商务休闲鞋','/commodity_img/5a139489N23c871c6.jpg',7,0,NULL,'[]'),(62,3,'传统布鞋','/commodity_img/5a139422N611a859c.jpg',7,0,NULL,'[]'),(63,3,'板鞋','/commodity_img/5a13945cN82a4c505.jpg',7,0,NULL,'[]'),(64,3,'正装鞋','/commodity_img/5a13947dN5d024b9f.jpg',7,0,NULL,'[]'),(65,3,'增高鞋','/commodity_img/5a139440N023ac2b2.jpg',7,0,NULL,'[]'),(66,3,'拖鞋/人字拖','/commodity_img/5a139429N8c5c158d.jpg',7,0,NULL,'[]'),(67,3,'男靴','/commodity_img/5a13946cNa011ca58.jpg',7,0,NULL,'[]'),(68,3,'乐福鞋','/commodity_img/5a13945aN0c00392c.jpg',7,0,NULL,'[]'),(69,3,'帆布鞋','/commodity_img/5a139451N8d193f3b.jpg',7,0,NULL,'[]'),(70,3,'工装鞋','/commodity_img/5a13942fNfc1f3bb3.jpg',7,0,NULL,'[]'),(71,3,'鞋配件','/commodity_img/5a139351N42847264.jpg',7,0,NULL,'[]'),(72,3,'雨鞋/雨靴','/commodity_img/5a139359N8bc8ebbd.jpg',7,0,NULL,'[]'),(73,3,'定制鞋','/commodity_img/5a13947dN5d024b9f.jpg',7,0,NULL,'[]'),(74,10,'字母I恤','/commodity_img/5a9fbfd2Ncc01c1b5.jpg',7,0,NULL,'[]'),(75,10,'白衬衫','/commodity_img/5a9fbfc7N33c2ad32.jpg',8,0,NULL,'[]'),(76,10,'百搭衬衫','/commodity_img/5a9fbfa0N591929da.jpg',8,0,NULL,'[]'),(77,10,'雪纺衫','/commodity_img/5a9fc00dN205f4cc7.jpg',8,0,NULL,'[]'),(78,10,'打底衫','/commodity_img/5a127ee9Nbc443a5f.jpg',8,0,NULL,'[]'),(79,10,'长袖T恤','/commodity_img/5a9fbfccN574cba12.jpg',8,0,NULL,'[]'),(80,10,'短外套','/commodity_img/5a9fbfdcNc891be87.jpg',8,0,NULL,'[]'),(81,10,'小西装','/commodity_img/5a9fc007N3ef48a88.jpg',8,0,NULL,'[]'),(82,10,'长袖衬衫','/commodity_img/5a9fbfc2N85844dd0.jpg',8,0,NULL,'[]'),(83,10,'风衣','/commodity_img/5a9fc012N86f3fb22.jpg',8,0,NULL,'[]'),(84,10,'卫衣','/commodity_img/5a127fbaN2780918c.jpg',8,0,NULL,'[]'),(85,10,'宽松卫衣','/commodity_img/5a9fbff4N02a4be7b.jpg',8,0,NULL,'[]'),(86,10,'棒球衫','/commodity_img/5a9fbfe6N60e7552b.jpg',8,0,NULL,'[]'),(87,10,'针织衫','/commodity_img/5a9fbff9Nadff76ec.jpg',8,0,NULL,'[]'),(88,10,'连帽卫衣','/commodity_img/5a9fbfefN8a66a14c.jpg',8,0,NULL,'[]'),(89,10,'半高领针织','/commodity_img/5a9fc001N69a37487.jpg',8,0,NULL,'[]'),(90,10,'铅笔裤','/commodity_img/5a126bcdN5660d28e.jpg',9,0,NULL,'[]'),(91,10,'小脚裤','/commodity_img/5a9fc131N24687ff1.jpg',9,0,NULL,'[]'),(92,10,'休闲裤','/commodity_img/5a126be2N3b5eb185.jpg',9,0,NULL,'[]'),(93,10,'阔腿裤','/commodity_img/5a126bd7N20bbe151.jpg',9,0,NULL,'[]'),(94,10,'牛仔裤','/commodity_img/5a126be8N4b73e73d.jpg',9,0,NULL,'[]'),(95,10,'哈伦裤','/commodity_img/5a126bddN3b541f68.jpg',9,0,NULL,'[]'),(96,10,'破洞牛仔裤','/commodity_img/5a126bc2N924c1ec9.jpg',9,0,NULL,'[]'),(97,10,'背带裤','/commodity_img/5a126bc7Nae619031.jpg',9,0,NULL,'[]'),(98,10,'喇叭裤','/commodity_img/5a126bd2Ndc808348.jpg',9,0,NULL,'[]'),(99,10,'高腰裤','/commodity_img/5a9fc146Ned0eb0aa.jpg',9,0,NULL,'[]'),(100,10,'运动裤','/commodity_img/5a9fc136Na88b6ebf.jpg',9,0,NULL,'[]'),(101,10,'直筒牛仔','/commodity_img/5a9fc13fN217b0032.jpg',9,0,NULL,'[]'),(102,10,'半身裙','/commodity_img/5a12846cNf3df9f87.jpg',10,0,NULL,'[]'),(103,10,'套装裙','/commodity_img/5a1284a4N7b739204.jpg',10,0,NULL,'[]'),(104,10,'长袖连衣裙','/commodity_img/5a1284dfNb5bd1460.jpg',10,0,NULL,'[]'),(105,10,'性感连衣裙','/commodity_img/5a128463Nce1ae193.jpg',10,0,NULL,'[]'),(106,10,'蕾丝连衣裙','/commodity_img/5a1284d0Nbdba3775.jpg',10,0,NULL,'[]'),(107,10,'连衣裙','/commodity_img/5a1284e4N5f6ac63d.jpg',10,0,NULL,'[]'),(108,10,'原创连衣裙','/commodity_img/5a128473N0e516a0c.jpg',10,0,NULL,'[]'),(109,10,'针织连衣裙','/commodity_img/5a1284d7N48bf3e99.jpg',10,0,NULL,'[]'),(110,10,'背带裙','/commodity_img/5a12848bNca4b1172.jpg',10,0,NULL,'[]'),(111,10,'旗袍/唐装','/commodity_img/5a126a3eNf6c91bfd.jpg',11,0,NULL,'[]'),(112,10,'大码女装','/commodity_img/5a126a63N26bf8fe2.jpg',11,0,NULL,'[]'),(113,10,'妈妈装','/commodity_img/5a126a48Nca076d94.jpg',11,0,NULL,'[]'),(114,10,'礼服','/commodity_img/5a126a39N4a228006.jpg',11,0,NULL,'[]'),(115,10,'设计师','/commodity_img/5a126a4fN4ada7f64.jpg',11,0,NULL,'[]'),(116,10,'婚纱','/commodity_img/5a126a5aN99085a6b.jpg',11,0,NULL,'[]'),(117,26,'休闲鞋','/commodity_img/5aa640b5N0342a5e7.jpg',12,0,NULL,'[]'),(118,26,'中跟单鞋','/commodity_img/5aa640f8Nc9384a63.jpg',12,0,NULL,'[]'),(119,26,'大码女鞋','/commodity_img/5aa6410bNec7253f4.jpg',12,0,NULL,'[]'),(120,26,'深口单鞋','/commodity_img/5aa640c9Naf286d88.jpg',12,0,NULL,'[]'),(121,26,'粗跟单鞋','/commodity_img/5aa640fdN8d5d8afd.jpg',12,0,NULL,'[]'),(122,26,'妈妈鞋','/commodity_img/5aa640ebN0cf82dd3.jpg',12,0,NULL,'[]'),(123,26,'婚鞋','/commodity_img/5aa640deNb3d97795.jpg',12,0,NULL,'[]'),(124,26,'通勤OL','/commodity_img/5a13f446N1df58a24.jpg',12,0,NULL,'[]'),(125,26,'凉鞋','/commodity_img/5aa64105N88a4830d.jpg',12,0,NULL,'[]'),(126,26,'高跟单鞋','/commodity_img/5aa640f0N2a7e6946.jpg',12,0,NULL,'[]'),(127,26,'尖头单鞋','/commodity_img/5aa640cfN6eb190f3.jpg',12,0,NULL,'[]'),(128,26,'单鞋','/commodity_img/5aa640c2N7d425d4b.jpg',12,0,NULL,'[]'),(129,26,'平底单鞋','/commodity_img/5aa640d9N0a8135c7.jpg',12,0,NULL,'[]'),(130,26,'帆布鞋','/commodity_img/5aa640e5N831531ee.jpg',12,0,NULL,'[]'),(131,26,'小白鞋','/commodity_img/5aa64197N1cf453d4.jpg',12,0,NULL,'[]'),(132,26,'玛丽珍','/commodity_img/5aa64424N4c9df21f.jpg',12,0,NULL,'[]'),(133,26,'豆豆鞋','/commodity_img/5aa64178N971579bf.jpg',12,0,NULL,'[]'),(134,26,'短靴','/commodity_img/5aa640bcN5332c272.jpg',12,0,NULL,'[]'),(135,26,'布鞋/绣花鞋','/commodity_img/5aa64111N05a293d0.jpg',12,0,NULL,'[]'),(136,26,'拖鞋/人字拖','/commodity_img/5aa64118N909a7461.jpg',12,0,NULL,'[]'),(137,26,'内增高','/commodity_img/5aa64434N99454e63.jpg',12,0,NULL,'[]'),(138,26,'雨鞋/雨靴','/commodity_img/5aa6442fN056d8897.jpg',12,0,NULL,'[]'),(139,26,'鞋配件','/commodity_img/5aa6411fN3e98cf48.jpg',12,0,NULL,'[]'),(140,26,'袜鞋','/commodity_img/5aa64429N43bfcdba.jpg',12,0,NULL,'[]'),(141,2,'仰卧板/收腹机','/commodity_img/5a27e63aNc3f81cfb.jpg',13,0,NULL,'[]'),(142,2,'哑铃','/commodity_img/5a1fb54dNc8ade0cc.jpg',13,0,NULL,'[]'),(143,2,'其他器械','/commodity_img/5a27e617Nf1d7fbb2.jpg',13,0,NULL,'[]'),(144,2,'运动护具','/commodity_img/5a27e633Nbba71819.jpg',13,0,NULL,'[]'),(145,2,'瑜伽用品','/commodity_img/5a27e62eN882d748e.jpg',13,0,NULL,'[]'),(146,2,'甩脂机','/commodity_img/5a27e5e3N9884ea63.jpg',13,0,NULL,'[]'),(147,2,'武术搏击','/commodity_img/5a27e629N7e884b46.jpg',13,0,NULL,'[]'),(148,2,'跑步机','/commodity_img/5a1fb545Nbbb405b3.jpg',13,0,NULL,'[]'),(149,2,'动感单车','/commodity_img/5a1fb551Ndd363b8d.jpg',13,0,NULL,'[]'),(150,2,'综合训练器','/commodity_img/5a27e61bN9cb400d7.jpg',13,0,NULL,'[]'),(151,2,'椭圆机','/commodity_img/5a27e61eN43b0623e.jpg',13,0,NULL,'[]'),(152,2,'踏步机','/commodity_img/5a27e60cN0f61fa3a.jpg',13,0,NULL,'[]'),(153,2,'运动套装','/commodity_img/5a1fb5a7N668d3a07.jpg',14,0,NULL,'[]'),(154,2,'运动裤','/commodity_img/5a1fb59fNea5fbaff.jpg',14,0,NULL,'[]'),(155,2,'运动T恤','/commodity_img/5a28a17eNa8280016.jpg',14,0,NULL,'[]'),(156,2,'卫衣/套头衫','/commodity_img/5a28a184N20d65efd.jpg',14,0,NULL,'[]'),(157,2,'夹克/风衣','/commodity_img/5a28a179N0a94c724.jpg',14,0,NULL,'[]'),(158,2,'运动配饰','/commodity_img/5a28a16eN284569d1.jpg',14,0,NULL,'[]'),(159,2,'健身服','/commodity_img/5a28a174N10534680.jpg',14,0,NULL,'[]'),(160,2,'棉服','/commodity_img/5a28a188N1a21d315.jpg',14,0,NULL,'[]'),(161,2,'羽绒服','/commodity_img/5a1fb5bbN245ca3e7.jpg',14,0,NULL,'[]'),(162,2,'望远镜','/commodity_img/5a1fb57dN1440f025.jpg',15,0,NULL,'[]'),(163,2,'户外配饰','/commodity_img/5a27e6a2N0dce2293.jpg',15,0,NULL,'[]'),(164,2,'户外照明','/commodity_img/5a1fb562Nbd73a3a9.jpg',15,0,NULL,'[]'),(165,2,'军迷用品','/commodity_img/5a27e6a4N5330a0f5.jpg',15,0,NULL,'[]'),(166,2,'帐篷/垫子','/commodity_img/5a1fb567N41c718cd.jpg',15,0,NULL,'[]'),(167,2,'野餐/烧烤','/commodity_img/5a27e6beN502ff0d2.jpg',15,0,NULL,'[]'),(168,2,'背包','/commodity_img/5a27e6aaNd4900c29.jpg',15,0,NULL,'[]'),(169,2,'便携桌床椅','/commodity_img/5a27e6b3N466a8fda.jpg',15,0,NULL,'[]'),(170,2,'户外工具','/commodity_img/5a27e667Nd99bae63.jpg',15,0,NULL,'[]'),(171,2,'旅游用品','/commodity_img/5a27e6acN393dda8e.jpg',15,0,NULL,'[]'),(172,2,'睡袋/吊床','/commodity_img/5a27e69aN33c529c8.jpg',15,0,NULL,'[]'),(173,2,'户外仪表','/commodity_img/5a27e694N3729423b.jpg',15,0,NULL,'[]'),(174,2,'登山攀岩','/commodity_img/5a27e66bN9d4824c0.jpg',15,0,NULL,'[]'),(175,2,'极限户外','/commodity_img/5a27e661Nf70be908.jpg',15,0,NULL,'[]'),(176,2,'救援装备','/commodity_img/5a27e661Nc1f25f8d.jpg',15,0,NULL,'[]'),(177,2,'滑雪装备','/commodity_img/5a27e63eNaad5800b.jpg',15,0,NULL,'[]'),(178,2,'冲浪潜水','/commodity_img/5a27e6a6Nfb6be6a0.jpg',15,0,NULL,'[]'),(179,2,'辅助装备','/commodity_img/5a27e5b5Nf2acfa98.jpg',16,0,NULL,'[]'),(180,2,'钓鱼配件','/commodity_img/5a27e5b8N6ea21725.jpg',16,0,NULL,'[]'),(181,2,'钓竿','/commodity_img/5a1fb534Nc3749891.jpg',16,0,NULL,'[]'),(182,2,'鱼饵','/commodity_img/5a27e5d5Nb58b8aef.jpg',16,0,NULL,'[]'),(183,2,'浮漂','/commodity_img/5a1fb52aN9cea3c85.jpg',16,0,NULL,'[]'),(184,2,'鱼线','/commodity_img/5a1fb530Nec578c95.jpg',16,0,NULL,'[]'),(185,2,'渔具包','/commodity_img/5a27e5caN43e40b88.jpg',16,0,NULL,'[]'),(186,2,'鱼线轮','/commodity_img/5a27e5c0N418e42de.jpg',16,0,NULL,'[]'),(187,2,'钓箱钓椅','/commodity_img/5a27e5c5N543d333c.jpg',16,0,NULL,'[]'),(188,2,'钓鱼灯','/commodity_img/5a27e5baNda26f41c.jpg',16,0,NULL,'[]'),(189,2,'跑步鞋','/commodity_img/5a1fb5d4N4997f018.jpg',17,0,NULL,'[]'),(190,2,'乒羽网鞋','/commodity_img/5a28a196Ne1d2ae34.jpg',17,0,NULL,'[]'),(191,2,'休闲鞋','/commodity_img/5a1fb5cdN48062334.jpg',17,0,NULL,'[]'),(192,2,'帆布鞋','/commodity_img/5a28a1b5N8f94a60b.jpg',17,0,NULL,'[]'),(193,2,'专项运动鞋','/commodity_img/5a28a18fN351cfe02.jpg',17,0,NULL,'[]'),(194,2,'篮球鞋','/commodity_img/5a1fb5c3N6cb0115a.jpg',17,0,NULL,'[]'),(195,2,'拖鞋','/commodity_img/5a28a1b0Nc738c321.jpg',17,0,NULL,'[]'),(196,2,'运动包','/commodity_img/5a28a1abNdccf2aac.jpg',17,0,NULL,'[]'),(197,2,'板鞋','/commodity_img/5a28a1a4N52edd0ec.jpg',17,0,NULL,'[]'),(198,2,'足球鞋','/commodity_img/5a28a19fNbba18b44.jpg',17,0,NULL,'[]'),(199,2,'训练鞋','/commodity_img/5a28a19bNa9b8e2f9.jpg',17,0,NULL,'[]'),(200,2,'登山鞋','/commodity_img/5a28a14cN39e1221f.jpg',18,0,NULL,'[]'),(201,2,'抓绒衣裤','/commodity_img/5a28a107N8b535b42.jpg',18,0,NULL,'[]'),(202,2,'T恤','/commodity_img/5a28a146N3738d9ba.jpg',18,0,NULL,'[]'),(203,2,'军迷服饰','/commodity_img/5a28a163N6eadc95c.jpg',18,0,NULL,'[]'),(204,2,'徒步鞋','/commodity_img/5a1fb57cN42c488f1.jpg',18,0,NULL,'[]'),(205,2,'户外风衣','/commodity_img/5a1fb598N5cdd989d.jpg',18,0,NULL,'[]'),(206,2,'速干衣服','/commodity_img/5a1fb587Ndc0bc7df.jpg',18,0,NULL,'[]'),(207,2,'休闲鞋','/commodity_img/5a28a15dN392bcceb.jpg',18,0,NULL,'[]'),(208,2,'冲锋衣裤','/commodity_img/5a28a152N22214bf9.jpg',18,0,NULL,'[]'),(209,2,'休闲衣裤','/commodity_img/5a28a157N58953d24.jpg',18,0,NULL,'[]'),(210,2,'越野跑鞋','/commodity_img/5a28a10cN17fd5d5a.jpg',18,0,NULL,'[]'),(211,2,'溯溪鞋','/commodity_img/5a28a132N372b12c3.jpg',18,0,NULL,'[]'),(212,2,'沙滩/凉拖','/commodity_img/5a28a12dNd684ccd7.jpg',18,0,NULL,'[]'),(213,2,'户外袜','/commodity_img/5a28a128N35dad9a0.jpg',18,0,NULL,'[]'),(214,2,'功能内衣','/commodity_img/5a28a123N5a83760d.jpg',18,0,NULL,'[]'),(215,2,'羽绒服/棉服','/commodity_img/5a28a106Nfb17d843.jpg',18,0,NULL,'[]'),(216,2,'工装鞋','/commodity_img/5a28a10bNdc0268cf.jpg',18,0,NULL,'[]'),(217,2,'软壳衣裤','/commodity_img/5a28a102Nce3fbe8c.jpg',18,0,NULL,'[]'),(218,2,'穿戴设备','/commodity_img/5a27e646N17b1f49a.jpg',19,0,NULL,'[]'),(219,2,'平衡车','/commodity_img/5a27e629Nccb53b21.jpg',19,0,NULL,'[]'),(220,2,'电动车','/commodity_img/5a1fb550N37a8e69c.jpg',19,0,NULL,'[]'),(221,2,'折叠车','/commodity_img/5a1fb566Nbfba92b4.jpg',19,0,NULL,'[]'),(222,2,'山地车','/commodity_img/5a1fb56bN91fd1e7f.jpg',19,0,NULL,'[]'),(223,2,'城市自行车','/commodity_img/5a27e623N56a5aabc.jpg',19,0,NULL,'[]'),(224,2,'骑行服','/commodity_img/5a27e62dNfe9d2031.jpg',19,0,NULL,'[]'),(225,2,'乒乓球','/commodity_img/5a1fb52fN224375a2.jpg',20,0,NULL,'[]'),(226,2,'羽毛球','/commodity_img/5a1fb545Nee5a5de6.jpg',20,0,NULL,'[]'),(227,2,'轮滑滑板','/commodity_img/5a27e5e2N1e0f2af0.jpg',20,0,NULL,'[]'),(228,2,'篮球','/commodity_img/5a1fb53bN8adbba6e.jpg',20,0,NULL,'[]'),(229,2,'台球','/commodity_img/5a27e5cfN67d82de2.jpg',20,0,NULL,'[]'),(230,2,'棋牌麻将','/commodity_img/5a27e5e3Ne91d4c76.jpg',20,0,NULL,'[]'),(231,2,'其他','/commodity_img/5a27e5d6N6c98aaaa.jpg',20,0,NULL,'[]'),(232,2,'足球','/commodity_img/5a27e602N7e3d4dd6.jpg',20,0,NULL,'[]'),(233,2,'网球','/commodity_img/5a27e5e6N04e8c79f.jpg',20,0,NULL,'[]'),(234,2,'泳帽','/commodity_img/5a1fb51cN5003b32d.jpg',21,0,NULL,'[]'),(235,2,'泳镜','/commodity_img/5a1fb522N876b526c.png',21,0,NULL,'[]'),(236,2,'女士泳衣','/commodity_img/5a27e5a6Na686bf4e.jpg',21,0,NULL,'[]'),(237,2,'比基尼','/commodity_img/5a27e59dN50dcd791.jpg',21,0,NULL,'[]'),(238,2,'游泳包防水包','/commodity_img/5a1fb516N236cabdc.jpg',21,0,NULL,'[]'),(239,2,'游泳配件','/commodity_img/5a27e597Ncfe1e54e.jpg',21,0,NULL,'[]'),(240,2,'男士泳衣','/commodity_img/5a27e5a1N1a44260e.png',21,0,NULL,'[]'),(241,2,'游泳圈','/commodity_img/5a27e599N64cadc38.jpg',21,0,NULL,'[]'),(242,4,'老人机','/commodity_img/5a169217N5d1b842e.jpg',22,0,NULL,'[]'),(243,4,'手机','/commodity_img/5a169216N0701c7f1.jpg',22,0,NULL,'[]'),(244,4,'全面屏手机','/commodity_img/5ac48d27N3f5bb821.jpg',22,0,NULL,'[]'),(245,4,'游戏手机','/commodity_img/5a169238Nc8f0882b.jpg',22,0,NULL,'[]'),(246,4,'拍照手机','/commodity_img/5a169232Ndf76f53c.jpg',22,0,NULL,'[]'),(247,4,'对讲机','/commodity_img/5a169204Nd4aa27bb.jpg',22,0,NULL,'[]'),(248,4,'数据线','/commodity_img/5ac48672N11cf61fe.jpg',23,0,NULL,'[]'),(249,4,'手机存储卡','/commodity_img/5a167b73Na69aae95.jpg',23,0,NULL,'[]'),(250,4,'充电宝','/commodity_img/d9503871495a5a18.jpg',23,0,NULL,'[]'),(251,4,'手机贴膜','/commodity_img/5ac486c6N0c8a93dc.jpg',23,0,NULL,'[]'),(252,4,'手机耳机','/commodity_img/5ac486ccN2d8031c1.jpg',23,0,NULL,'[]'),(253,4,'蓝牙耳机','/commodity_img/5ac486d1Ncae5823b.jpg',23,0,NULL,'[]'),(254,4,'手机支架','/commodity_img/5ac486d7N3afa8a3e.jpg',23,0,NULL,'[]'),(255,4,'手机饰品','/commodity_img/5ac486deN24e397cb.jpg',23,0,NULL,'[]'),(256,4,'车载配件','/commodity_img/5ac48749Nf95f399e.jpg',23,0,NULL,'[]'),(257,4,'充电器','/commodity_img/5ac4874fN6bc007b0.jpg',23,0,NULL,'[]'),(258,4,'手机电池','/commodity_img/5ac48770N435b114d.jpg',23,0,NULL,'[]'),(259,4,'创意配件','/commodity_img/5ac48776N9bf8b7c7.jpg',23,0,NULL,'[]'),(260,4,'拍照配件','/commodity_img/5ac4877eNa263158a.jpg',23,0,NULL,'[]'),(261,4,'苹果周边','/commodity_img/5ac48786N17d8442a.jpg',23,0,NULL,'[]'),(262,4,'手机壳/保护套','/commodity_img/be8812eec2e74c61.jpg',23,0,NULL,'[]'),(263,4,'无线充电器','/commodity_img/dc08edc60977b020.jpg',23,0,NULL,'[]'),(264,4,'背夹充电宝','/commodity_img/0fefc1b200564b1b.jpg',23,0,NULL,'[]'),(265,4,'手机转接','/commodity_img/8b0b4c154d39f97a.jpg',23,0,NULL,'[]'),(266,4,'单反相机','/commodity_img/5a1679f2Nc2f659b6.jpg',24,0,NULL,'[]'),(267,4,'数码相机','/commodity_img/5a1679caNada7f827.jpg',24,0,NULL,'[]'),(268,4,'拍立得','/commodity_img/5a1679e9Nc3e2dd28.jpg',24,0,NULL,'[]'),(269,4,'户外器材','/commodity_img/5a1679c3N67e2b3f1.jpg',24,0,NULL,'[]'),(270,4,'单电/微单相机','/commodity_img/5a1679f1N577ba68b.jpg',24,0,NULL,'[]'),(271,4,'摄像机','/commodity_img/5a1679daNbea69778.jpg',24,0,NULL,'[]'),(272,4,'运动相机','/commodity_img/5a1679d5Nfdcfe9bb.jpg',24,0,NULL,'[]'),(273,4,'镜头','/commodity_img/5a1679b9N42a5f8e5.jpg',24,0,NULL,'[]'),(274,4,'冲印服务','/commodity_img/5a1679baNaffaf88c.png',24,0,NULL,'[]'),(275,4,'便携/无线音箱','/commodity_img/5a167864Ne52020f2.jpg',25,0,NULL,'[]'),(276,4,'音箱/音响','/commodity_img/5a167859N01d8198b.jpg',25,0,NULL,'[]'),(277,4,'MP3/MP4','/commodity_img/5a16782fN5899ee5e.jpg',25,0,NULL,'[]'),(278,4,'耳机/耳麦','/commodity_img/5a167866N8c853168.jpg',25,0,NULL,'[]'),(279,4,'麦克风','/commodity_img/5a167834N97e065bb.jpg',25,0,NULL,'[]'),(280,4,'专业音频','/commodity_img/5a16782eN9012c0c4.jpg',25,0,NULL,'[]'),(281,4,'存储卡','/commodity_img/5a1676e9N1ba70a81.jpg',26,0,NULL,'[]'),(282,4,'三脚架/云台','/commodity_img/5a1676d7N70b9300c.jpg',26,0,NULL,'[]'),(283,4,'数码支架','/commodity_img/5a16769aNc48193e6.jpg',26,0,NULL,'[]'),(284,4,'读卡器','/commodity_img/5a1676f9N0198258e.jpg',26,0,NULL,'[]'),(285,4,'滤镜','/commodity_img/5a1676efN42553f76.jpg',26,0,NULL,'[]'),(286,4,'相机清洁/贴膜','/commodity_img/5a1676d4Nb81ebdcb.jpg',26,0,NULL,'[]'),(287,4,'相机包','/commodity_img/5a1676e6Na93e4fd1.jpg',26,0,NULL,'[]'),(288,4,'闪光灯/手柄','/commodity_img/5a1676ecNfdacde72.jpg',26,0,NULL,'[]'),(289,4,'电池/充电器','/commodity_img/5a16767bNe089435f.jpg',26,0,NULL,'[]'),(290,4,'智能手环','/commodity_img/5a1674a2Nf5dc75c6.jpg',27,0,NULL,'[]'),(291,4,'智能手表','/commodity_img/5a16749eN34794086.jpg',27,0,NULL,'[]'),(292,4,'智能家居','/commodity_img/5a167490N092a2af2.jpg',27,0,NULL,'[]'),(293,4,'智能机器人','/commodity_img/5a16745dNa1c329c2.jpg',27,0,NULL,'[]'),(294,4,'体感车','/commodity_img/5a16747aNeecc001b.jpg',27,0,NULL,'[]'),(295,4,'无人机','/commodity_img/5a16745aN29dedc36.jpg',27,0,NULL,'[]'),(296,4,'其他配件','/commodity_img/5a167464Nb18dbd59.jpg',27,0,NULL,'[]'),(297,4,'VR眼镜','/commodity_img/5a167484N0a623a5b.jpg',27,0,NULL,'[]'),(298,4,'智能配饰','/commodity_img/5a167467Ndd23929b.jpg',27,0,NULL,'[]'),(299,4,'学生平板','/commodity_img/5a167302N7103e54c.jpg',28,0,NULL,'[]'),(300,4,'电纸书','/commodity_img/5a167317Nde2f9a4b.jpg',28,0,NULL,'[]'),(301,4,'录音笔','/commodity_img/5a167312N33ea5808.jpg',28,0,NULL,'[]'),(302,4,'早教益智','/commodity_img/5a1672fbN487f682b.jpg',28,0,NULL,'[]'),(303,4,'点读机/笔','/commodity_img/5a167308Ne65f7b7c.jpg',28,0,NULL,'[]'),(304,4,'复读机','/commodity_img/5a16730dN65cbc05a.jpg',28,0,NULL,'[]'),(305,5,'白酒','/commodity_img/5afeb44dN71307ca2.jpg',29,0,NULL,'[]'),(306,5,'葡萄酒','/commodity_img/5afeb452N6f3b2526.jpg',29,0,NULL,'[]'),(307,5,'啤酒','/commodity_img/5afeb458N157ca653.jpg',29,0,NULL,'[]'),(308,5,'黄酒/养生酒','/commodity_img/5afeb45eNd927ad59.jpg',29,0,NULL,'[]'),(309,5,'洋酒','/commodity_img/5afeb464N9b715679.jpg',29,0,NULL,'[]'),(310,5,'纯净水','/commodity_img/5afeb92fNddd2c121.jpg',30,0,NULL,'[]'),(311,5,'苏打水','/commodity_img/5afeb934N993638b6.jpg',30,0,NULL,'[]'),(312,5,'矿泉水','/commodity_img/5afeb939N8f997fb7.jpg',30,0,NULL,'[]'),(313,5,'母婴水','/commodity_img/5afeb93eNc223d4a0.jpg',30,0,NULL,'[]'),(314,5,'气泡水','/commodity_img/5afeb943N9dc11bd5.jpg',30,0,NULL,'[]'),(315,5,'碳酸饮料','/commodity_img/5afeb956Na0fe3b4c.jpg',31,0,NULL,'[]'),(316,5,'蛋白质饮料','/commodity_img/5afeb95bN01221d80.jpg',31,0,NULL,'[]'),(317,5,'功能饮料','/commodity_img/5afeb960Nc2e5778d.jpg',31,0,NULL,'[]'),(318,5,'果味饮料','/commodity_img/5afeb966Nb3406e49.jpg',31,0,NULL,'[]'),(319,5,'茶饮料','/commodity_img/5afeb96cN8375530c.jpg',31,0,NULL,'[]'),(320,5,'即饮咖啡','/commodity_img/5afeb971N3ab5b08a.jpg',31,0,NULL,'[]'),(321,5,'速溶咖啡','/commodity_img/5afeb980Nc6a096ff.jpg',32,0,NULL,'[]'),(322,5,'咖啡豆/粉','/commodity_img/5afeb988Ne7458830.jpg',32,0,NULL,'[]'),(323,5,'奶茶','/commodity_img/5afeb990N9ab1471a.jpg',32,0,NULL,'[]'),(324,5,'成人奶粉','/commodity_img/5afeb995N419f991d.jpg',32,0,NULL,'[]'),(325,5,'麦片谷物冲饮','/commodity_img/5afeb99bN8849e96b.jpg',32,0,NULL,'[]'),(326,5,'代餐/谷粉','/commodity_img/5afeb9aaN0f7bad22.jpg',32,0,NULL,'[]'),(327,5,'牛奶酸奶','/commodity_img/5afeb9b1Nfd977d35.jpg',32,0,NULL,'[]'),(328,5,'铁观音','/commodity_img/5afeba8eNf0b6649d.jpg',33,0,NULL,'[]'),(329,5,'红茶','/commodity_img/5afeba88N1a5f5541.jpg',33,0,NULL,'[]'),(330,5,'绿茶','/commodity_img/5afeba83Nf040db66.jpg',33,0,NULL,'[]'),(331,5,'普洱','/commodity_img/5afeba7dN00170c31.jpg',33,0,NULL,'[]'),(332,5,'龙井','/commodity_img/5afeba75N69e9414b.jpg',33,0,NULL,'[]'),(333,5,'养生茶','/commodity_img/5afeba70Nf5ccb545.jpg',33,0,NULL,'[]'),(334,5,'黑茶','/commodity_img/5afeba6aNf9599fae.jpg',33,0,NULL,'[]'),(335,5,'白茶','/commodity_img/5afeba64Neb1d0526.jpg',33,0,NULL,'[]'),(336,5,'花草茶','/commodity_img/5afeba25Nefbad54f.jpg',33,0,NULL,'[]'),(337,5,'乌龙茶','/commodity_img/5afeba58N755b0ce6.jpg',33,0,NULL,'[]'),(338,5,'花果茶','/commodity_img/5afeba2aN87be838f.jpg',33,0,NULL,'[]'),(339,5,'茶礼盒','/commodity_img/5afeba25Nefbad54f.jpg',33,0,NULL,'[]'),(340,6,'休闲零食','/commodity_img/59ffd6e2N287c043d.jpg',34,0,NULL,'[]'),(341,6,'坚果炒货','/commodity_img/59ffd6d0Ncb29412d.png',34,0,NULL,'[]'),(342,6,'糖巧','/commodity_img/59ffd6b9Nc88344b5.png',34,0,NULL,'[]'),(343,6,'饼干蛋糕','/commodity_img/59ffd6ccNb9875d1d.jpg',34,0,NULL,'[]'),(344,6,'肉干肉铺','/commodity_img/59fc31b6N4feb7d84.jpg',34,0,NULL,'[]'),(345,6,'蜜饯果干','/commodity_img/59ffd6fbN047718c7.jpg',34,0,NULL,'[]'),(346,6,'无糖食品','/commodity_img/59ffd6ffN95ab2f9b.jpg',34,0,NULL,'[]'),(347,6,'大米','/commodity_img/59dc753fN205018c1.jpg',35,0,NULL,'[]'),(348,6,'食用油','/commodity_img/5a0564c7N3da70f2c.jpg',35,0,NULL,'[]'),(349,6,'方便速食','/commodity_img/5a0564d3N315cbc9d.jpg',35,0,NULL,'[]'),(350,6,'调味品','/commodity_img/5a0564ceN3a65d5eb.jpg',35,0,NULL,'[]'),(351,6,'南北干货','/commodity_img/5a0564e7N24b2f750.jpg',35,0,NULL,'[]'),(352,6,'面粉','/commodity_img/5a0564b5Ne126460d.jpg',35,0,NULL,'[]'),(353,6,'杂粮','/commodity_img/5a0564bdN760afe2b.jpg',35,0,NULL,'[]'),(354,6,'烘焙原料','/commodity_img/5a0564d6Na553bc94.jpg',35,0,NULL,'[]'),(355,6,'有机食品','/commodity_img/5a0564dfN60e183fa.jpg',35,0,NULL,'[]'),(356,6,'新鲜水果','/commodity_img/5a055de1N8c4e9dea.png',36,0,NULL,'[]'),(357,6,'大闸蟹','/commodity_img/5a055f40N62903c0f.png',36,0,NULL,'[]'),(358,6,'精选肉类','/commodity_img/5a055f22N6268fe11.jpg',36,0,NULL,'[]'),(359,6,'新鲜蔬菜','/commodity_img/5a055f30N5c860a4f.png',36,0,NULL,'[]'),(360,6,'蛋类','/commodity_img/5a055f0eNbd78b0ca.jpg',36,0,NULL,'[]'),(361,6,'饮品甜品','/commodity_img/fe1988a182919b16.jpg',36,0,NULL,'[]'),(362,6,'海鲜水产','/commodity_img/5a055de9N801bbdd8.png',36,0,NULL,'[]'),(363,6,'冷冻食品','/commodity_img/5a055f39Nec72b58a.jpg',36,0,NULL,'[]'),(364,6,'乳品冷饮','/commodity_img/063de70a42863bcd.png',36,0,NULL,'[]'),(365,6,'营养健康','/commodity_img/5a091238N6e451ae2.jpg',37,0,NULL,'[]'),(366,6,'滋补养生','/commodity_img/5a091227N71d2b2c1.jpg',37,0,NULL,'[]'),(367,6,'营养成分','/commodity_img/5a091230Ncf13842b.jpg',37,0,NULL,'[]'),(368,6,'饼干蛋糕','/commodity_img/5a093af5N193312ed.jpg',38,0,NULL,'[]'),(369,6,'冲调饮品','/commodity_img/5a093ae8N1b102134.jpg',38,0,NULL,'[]'),(370,6,'休闲零食','/commodity_img/5a093ad9Nc6721d03.jpg',38,0,NULL,'[]'),(371,6,'糖果巧克力','/commodity_img/5a093aeeNf37638ca.jpg',38,0,NULL,'[]'),(372,6,'粮油调味','/commodity_img/5a093ae4Nea740638.jpg',38,0,NULL,'[]'),(373,8,'龙头','/commodity_img/5a1eb11eN8fdd22ab.jpg',39,0,NULL,'[]'),(374,8,'厨卫挂件','/commodity_img/5a1eb124N05a204a3.jpg',39,0,NULL,'[]'),(375,8,'浴室柜','/commodity_img/5a28e911Ndd032756.jpg',39,0,NULL,'[]'),(376,8,'淋浴花洒','/commodity_img/5a1eb12cN5ab932bb.jpg',39,0,NULL,'[]'),(377,8,'淋浴房','/commodity_img/5a28e8ecNa506867b.jpg',39,0,NULL,'[]'),(378,8,'沐浴桶','/commodity_img/5a28e8eaN02afca5a.jpg',39,0,NULL,'[]'),(379,8,'马桶','/commodity_img/5a28e91bN5227f4f2.jpg',39,0,NULL,'[]'),(380,8,'陶瓷件组装','/commodity_img/5a28e8c9Ndb0c47ef.jpg',39,0,NULL,'[]'),(381,8,'橱柜','/commodity_img/5a28e8f1Nc375ad49.jpg',39,0,NULL,'[]'),(382,8,'水槽','/commodity_img/5a28e921Na8be1a34.jpg',39,0,NULL,'[]'),(383,8,'浴缸','/commodity_img/5a28e8e5N30d386d5.jpg',39,0,NULL,'[]'),(384,8,'厨卫配件','/commodity_img/5a28e8e5Neaff4ed9.jpg',39,0,NULL,'[]'),(385,8,'净水软水','/commodity_img/5a28e903N41151446.jpg',39,0,NULL,'[]'),(386,8,'智能马桶盖','/commodity_img/5a28e910N1a292f6b.jpg',39,0,NULL,'[]'),(387,8,'LED灯','/commodity_img/5a28e8dcN564c0571.jpg',40,0,NULL,'[]'),(388,8,'吊灯','/commodity_img/5a1eb115Na5705672.jpg',40,0,NULL,'[]'),(389,8,'室外/庭院灯','/commodity_img/5a28e8c3N06c782dd.jpg',40,0,NULL,'[]'),(390,8,'简灯/射灯','/commodity_img/5a1eb106N708d1c5c.jpg',40,0,NULL,'[]'),(391,8,'手电筒/应急灯','/commodity_img/5a28e8c6Nf2f0049e.jpg',40,0,NULL,'[]'),(392,8,'台灯','/commodity_img/5a1eb10cN88574157.jpg',40,0,NULL,'[]'),(393,8,'装饰灯','/commodity_img/5a28e8cfN22e375ec.jpg',40,0,NULL,'[]'),(394,8,'氛围灯','/commodity_img/5a28e8aaNe0a7782f.jpg',40,0,NULL,'[]'),(395,8,'节能灯','/commodity_img/5a28e8cdNb19d57ac.jpg',40,0,NULL,'[]'),(396,8,'落地灯','/commodity_img/5a28e8b4Na3702bff.jpg',40,0,NULL,'[]'),(397,8,'布艺沙发','/commodity_img/5a1eb080N38c2e7b7.jpg',41,0,NULL,'[]'),(398,8,'边桌/茶几','/commodity_img/5a28e0cbN142a133d.jpg',41,0,NULL,'[]'),(399,8,'沙发','/commodity_img/5a1eb085N58db3383.jpg',41,0,NULL,'[]'),(400,8,'凳子','/commodity_img/5a28e0d6N80f30096.jpg',41,0,NULL,'[]'),(401,8,'鞋柜','/commodity_img/5a28e0dcN66e42a98.jpg',41,0,NULL,'[]'),(402,8,'皮沙发','/commodity_img/5a28e0efN5948dfd4.jpg',41,0,NULL,'[]'),(403,8,'沙发床','/commodity_img/5a28e0e2N8a14e610.jpg',41,0,NULL,'[]'),(404,8,'电视柜','/commodity_img/5a28e0b2N6f74d6e0.jpg',41,0,NULL,'[]'),(405,8,'实木沙发','/commodity_img/5a1eb07bN888fc342.jpg',41,0,NULL,'[]'),(406,8,'屏风','/commodity_img/5a28e097N75cf37a4.jpg',41,0,NULL,'[]'),(407,8,'功能沙发','/commodity_img/5a28e0e1N0f3a98b9.jpg',41,0,NULL,'[]'),(408,8,'壁炉','/commodity_img/5a28e0b6Nfc121ead.jpg',41,0,NULL,'[]'),(409,8,'床','/commodity_img/5a1eb09bNacf0137d.jpg',42,0,NULL,'[]'),(410,8,'实木床','/commodity_img/5a1eb096N6326e0bd.jpg',42,0,NULL,'[]'),(411,8,'双人床','/commodity_img/5a1eb08eN94f43f90.jpg',42,0,NULL,'[]'),(412,8,'床垫','/commodity_img/5a28e2b3Ncd8a97a2.jpg',42,0,NULL,'[]'),(413,8,'乳胶床垫','/commodity_img/5a28e2aeN6e6c9f66.jpg',42,0,NULL,'[]'),(414,8,'衣柜','/commodity_img/5a28e2a8N6f9d732b.jpg',42,0,NULL,'[]'),(415,8,'实木衣柜','/commodity_img/5a28e2a0Ne0cb7ab8.jpg',42,0,NULL,'[]'),(416,8,'床头柜','/commodity_img/5a28e29aN1d628a5a.jpg',42,0,NULL,'[]'),(417,8,'简易衣柜','/commodity_img/5a28e295N9453ebc2.jpg',42,0,NULL,'[]'),(418,8,'斗柜','/commodity_img/5a28e28fNa273c34a.jpg',42,0,NULL,'[]'),(419,8,'梳妆台/凳','/commodity_img/5a28e289Ne2f12de1.jpg',42,0,NULL,'[]'),(420,8,'穿衣镜','/commodity_img/5a28e281Nb5672448.jpg',42,0,NULL,'[]'),(421,8,'书桌','/commodity_img/5a1eb064N65ccd510.jpg',43,0,NULL,'[]'),(422,8,'电脑椅','/commodity_img/5a28e08aN04cf0034.jpg',43,0,NULL,'[]'),(423,8,'电脑桌','/commodity_img/5a1eb073N35b5c78b.jpg',43,0,NULL,'[]'),(424,8,'书柜','/commodity_img/5a1eb05eNbefd497b.jpg',43,0,NULL,'[]'),(425,8,'电竞椅','/commodity_img/5a28e0a6N593f9a62.jpg',43,0,NULL,'[]'),(426,8,'椅子','/commodity_img/5a28e0a4Nde6cb765.jpg',43,0,NULL,'[]'),(427,8,'机电五金','/commodity_img/5a28e747Nf2322fa2.jpg',44,0,NULL,'[]'),(428,8,'工具组套','/commodity_img/5a28e75aN366a922e.jpg',44,0,NULL,'[]'),(429,8,'智能锁','/commodity_img/5a1eb0feN2cfd0a03.jpg',44,0,NULL,'[]'),(430,8,'气动工具','/commodity_img/5a28e743N4678e7fa.jpg',44,0,NULL,'[]'),(431,8,'工具配件','/commodity_img/5a28e73dN063b7136.jpg',44,0,NULL,'[]'),(432,8,'手动工具','/commodity_img/5a1eb0f1N8b170b13.jpg',44,0,NULL,'[]'),(433,8,'测量工具','/commodity_img/5a28e75eNfbf7d034.jpg',44,0,NULL,'[]'),(434,8,'劳防用品','/commodity_img/5a28e753N5ceb3af5.jpg',44,0,NULL,'[]'),(435,8,'家用五金','/commodity_img/5a1eb0f6N044d2125.jpg',44,0,NULL,'[]'),(436,8,'机械锁','/commodity_img/5a28e743Nf6d99998.jpg',44,0,NULL,'[]'),(437,8,'鞋架','/commodity_img/5a28e08cNb94ab0f0.jpg',45,0,NULL,'[]'),(438,8,'挂衣架','/commodity_img/5a28e095N654ff5bd.jpg',45,0,NULL,'[]'),(439,8,'衣帽架','/commodity_img/5a28e0a0N390f84d7.jpg',45,0,NULL,'[]'),(440,8,'墙面搁架','/commodity_img/5a1eb051Nae62c373.jpg',45,0,NULL,'[]'),(441,8,'层架/置物架','/commodity_img/5a1e7bfeN679d9741.jpg',45,0,NULL,'[]'),(442,8,'储物/收纳用品','/commodity_img/5a1eb056N4673626e.jpg',45,0,NULL,'[]'),(443,8,'壁纸','/commodity_img/5a28e721Nc0473d1b.jpg',46,0,NULL,'[]'),(444,8,'油漆/涂料','/commodity_img/5a1eb0d2Nc6075228.jpg',46,0,NULL,'[]'),(445,8,'地板','/commodity_img/5a1eb0c5N663d5000.jpg',46,0,NULL,'[]'),(446,8,'涂刷辅料/胶类','/commodity_img/5a28e71cNb2647b6b.jpg',46,0,NULL,'[]'),(447,8,'木板/板材','/commodity_img/5a28e716Nae1c7dd0.jpg',46,0,NULL,'[]'),(448,8,'管材管件','/commodity_img/5a28e711Nc327231b.jpg',46,0,NULL,'[]'),(449,8,'瓷砖','/commodity_img/5a1eb0caNc84169e2.jpg',46,0,NULL,'[]'),(450,8,'浴霸','/commodity_img/5a1eb0bdNf3266b9d.jpg',47,0,NULL,'[]'),(451,8,'园艺休闲','/commodity_img/5a28e6f6Nb417236e.jpg',47,0,NULL,'[]'),(452,8,'窗','/commodity_img/5a28e700Nf458e445.jpg',47,0,NULL,'[]'),(453,8,'散热器','/commodity_img/5a1eb0b8Na7cd59ba.jpg',47,0,NULL,'[]'),(454,8,'吊顶','/commodity_img/5a28e709Nb7882b84.jpg',47,0,NULL,'[]'),(455,8,'门','/commodity_img/5a28e704Naf6077cc.jpg',47,0,NULL,'[]'),(456,8,'移门壁柜','/commodity_img/5a28e6fbN59fa43ab.jpg',47,0,NULL,'[]'),(457,8,'壁炉/壁挂炉/地暖','/commodity_img/5a1eb0b2Nbafaa29c.jpg',47,0,NULL,'[]'),(458,8,'儿童沙发','/commodity_img/5a28dbe6Na40659f9.jpg',48,0,NULL,'[]'),(459,8,'儿童椅凳','/commodity_img/5a28dbe9N3eb1f710.jpg',48,0,NULL,'[]'),(460,8,'儿童桌椅套装','/commodity_img/5a1eaff2Nb8820fee.jpg',48,0,NULL,'[]'),(461,8,'儿童床垫','/commodity_img/5a28dc05N590dcef3.jpg',48,0,NULL,'[]'),(462,8,'儿童衣柜','/commodity_img/5a28dbf7N0a60827a.jpg',48,0,NULL,'[]'),(463,8,'儿童书桌','/commodity_img/5a28dbe3Nfc50c6f5.jpg',48,0,NULL,'[]'),(464,8,'儿童床','/commodity_img/5a1eaff7N5985ccc8.jpg',48,0,NULL,'[]'),(465,8,'麻将机','/commodity_img/5a28de3eN1351eaaa.jpg',49,0,NULL,'[]'),(466,8,'货架','/commodity_img/5a28de44Nfeab4a89.jpg',49,0,NULL,'[]'),(467,8,'屏风','/commodity_img/5a28de38N52a5f2c7.jpg',49,0,NULL,'[]'),(468,8,'班台/班桌','/commodity_img/5a28de33N87ad163f.jpg',49,0,NULL,'[]'),(469,8,'文件柜','/commodity_img/5a1eb010N0f7372b5.jpg',49,0,NULL,'[]'),(470,8,'办公桌','/commodity_img/5a1eafe2Ne5322d13.jpg',49,0,NULL,'[]'),(471,8,'会议桌','/commodity_img/5a1eafe2Ne5322d13.jpg',49,0,NULL,'[]'),(472,8,'铁皮柜','/commodity_img/5a1eafe2Ne5322d13.jpg',49,0,NULL,'[]'),(473,8,'办公桌椅','/commodity_img/5a28de2dN8f04d70b.jpg',49,0,NULL,'[]'),(474,8,'智能家居','/commodity_img/5a1eb0e7Nbe85787a.jpg',50,0,NULL,'[]'),(475,8,'接线板/排插','/commodity_img/5a1eb0e2Na8b65429.jpg',50,0,NULL,'[]'),(476,8,'配电箱/断路器','/commodity_img/5a28e733N27f9bd5c.jpg',50,0,NULL,'[]'),(477,8,'电线/电缆','/commodity_img/5a1eb0dcNf5198de0.jpg',50,0,NULL,'[]'),(478,8,'开关插座','/commodity_img/5a28e72dN96c9448c.jpg',50,0,NULL,'[]'),(479,8,'电料配件','/commodity_img/5a28e728N20c8e579.jpg',50,0,NULL,'[]'),(480,8,'餐边柜','/commodity_img/5a28de91N27d073ed.jpg',51,0,NULL,'[]'),(481,8,'实木餐桌','/commodity_img/5a1eb022N2339fdc0.jpg',51,0,NULL,'[]'),(482,8,'椅子','/commodity_img/5a28deb9N1a455302.jpg',51,0,NULL,'[]'),(483,8,'酒柜','/commodity_img/5a28deabNde02efcf.jpg',51,0,NULL,'[]'),(484,8,'餐桌','/commodity_img/5a1eb00aN71d1c109.jpg',51,0,NULL,'[]'),(485,8,'折叠餐桌','/commodity_img/5a1eb014Na78f3fbf.jpg',51,0,NULL,'[]'),(486,8,'吊篮/秋千','/commodity_img/5a28debbNe7a26493.jpg',52,0,NULL,'[]'),(487,8,'折叠床','/commodity_img/5a1eb034N49bfe56a.jpg',52,0,NULL,'[]'),(488,8,'户外家具','/commodity_img/5a28dec5Nea97ac33.jpg',52,0,NULL,'[]'),(489,8,'晾衣架','/commodity_img/5a1eb03aNdecf2fcd.jpg',52,0,NULL,'[]'),(490,8,'花架/装饰架','/commodity_img/5a28dec4N0830427c.jpg',52,0,NULL,'[]'),(491,8,'家用梯','/commodity_img/5a1eb02aN180f3d45.jpg',52,0,NULL,'[]'),(492,9,'沙发垫套','/commodity_img/5a28d9ddNbc8654fc.jpg',53,0,NULL,'[]'),(493,9,'被子','/commodity_img/5a28d617N1dedd321.jpg',53,0,NULL,'[]'),(494,9,'枕芯','/commodity_img/5a28d9e8N0b556b71.jpg',53,0,NULL,'[]'),(495,9,'床垫/床褥','/commodity_img/5a28da04N3844e590.jpg',53,0,NULL,'[]'),(496,9,'枕套枕巾','/commodity_img/5a28d9eeNc53e5c0c.jpg',53,0,NULL,'[]'),(497,9,'地毯','/commodity_img/5a28da16Nd5d3ac21.jpg',53,0,NULL,'[]'),(498,9,'窗帘','/commodity_img/5a28da0aN1c4eae86.jpg',53,0,NULL,'[]'),(499,9,'床品件套','/commodity_img/5a28d60dN99cd74e6.jpg',53,0,NULL,'[]'),(500,9,'电热毯','/commodity_img/5a28d5fdNe42e63e3.jpg',53,0,NULL,'[]'),(501,9,'毛巾浴巾','/commodity_img/5a28da16N88ed6591.jpg',53,0,NULL,'[]'),(502,9,'毯子','/commodity_img/5a28da23N987d925a.jpg',53,0,NULL,'[]'),(503,9,'被套','/commodity_img/5a28da0eN20b9f9b2.jpg',53,0,NULL,'[]'),(504,9,'床单被罩','/commodity_img/5a28da0bN7e834b5e.jpg',53,0,NULL,'[]'),(505,9,'桌布','/commodity_img/5a28d9e2N2e0e2736.jpg',53,0,NULL,'[]'),(506,9,'抱枕靠垫','/commodity_img/5a28d9d3N239db356.jpg',53,0,NULL,'[]'),(507,9,'布艺软饰','/commodity_img/5a28d9d1N9aa98476.jpg',53,0,NULL,'[]'),(508,9,'蚊帐','/commodity_img/5a28d9cbNe52768ce.jpg',53,0,NULL,'[]'),(509,9,'凉席','/commodity_img/5a28d9c4Ndd7a62be.jpg',53,0,NULL,'[]'),(510,9,'创意家居','/commodity_img/5a28d3eaN19479fb6.jpg',54,0,NULL,'[]'),(511,9,'墙贴/照片墙','/commodity_img/5a28d408Ne511ad95.jpg',54,0,NULL,'[]'),(512,9,'装饰字画','/commodity_img/5a28d3f9Ne56104b1.jpg',54,0,NULL,'[]'),(513,9,'节庆饰品','/commodity_img/5a28d41dNd7946df3.jpg',54,0,NULL,'[]'),(514,9,'帘艺隔断','/commodity_img/5a28d410N302ad296.jpg',54,0,NULL,'[]'),(515,9,'钟饰','/commodity_img/5a28d3fdN0c452768.jpg',54,0,NULL,'[]'),(516,9,'花瓶花艺','/commodity_img/5a28d3f3Nb1ebf227.jpg',54,0,NULL,'[]'),(517,9,'香薰蜡烛','/commodity_img/5a28d3f4Nb4c85cf1.jpg',54,0,NULL,'[]'),(518,9,'手工/十字绣','/commodity_img/5a28d41cNa73a7e26.jpg',54,0,NULL,'[]'),(519,9,'水壶','/commodity_img/5a28d3bdNe89f1d49.jpg',55,0,NULL,'[]'),(520,9,'平底锅/煎锅','/commodity_img/5a28d39fN847ed84e.jpg',55,0,NULL,'[]'),(521,9,'高压锅','/commodity_img/5a28d39fN847ed84e.jpg',55,0,NULL,'[]'),(522,9,'锅具套装','/commodity_img/5a28d3e1Nc64709a6.jpg',55,0,NULL,'[]'),(523,9,'火锅','/commodity_img/5a28d3b8Nfc012be9.jpg',55,0,NULL,'[]'),(524,9,'砂锅','/commodity_img/5a28d3dfNf1539140.jpg',55,0,NULL,'[]'),(525,9,'蒸锅','/commodity_img/5a28d3ccNd91797b8.jpg',55,0,NULL,'[]'),(526,9,'汤锅','/commodity_img/5a28d3c7Nf3174992.jpg',55,0,NULL,'[]'),(527,9,'奶锅','/commodity_img/5a28d3b6N01b09a6e.jpg',55,0,NULL,'[]'),(528,9,'储物/置物架','/commodity_img/5a28d35bN29c80acb.jpg',56,0,NULL,'[]'),(529,9,'菜刀','/commodity_img/5a28d380N8cea5be2.jpg',56,0,NULL,'[]'),(530,9,'砧板','/commodity_img/5a28d385N0b472923.jpg',56,0,NULL,'[]'),(531,9,'厨房DIY小工具','/commodity_img/5a28b9efN444cd2df.jpg',56,0,NULL,'[]'),(532,9,'刀具套装','/commodity_img/5a28d38bN3c4ed913.jpg',56,0,NULL,'[]'),(533,9,'剪刀','/commodity_img/5a28d378N4c04a20f.jpg',56,0,NULL,'[]'),(534,9,'瓜果刀/刨','/commodity_img/5a28d35eN54f992bd.jpg',56,0,NULL,'[]'),(535,9,'保鲜盒','/commodity_img/5a28d361Nc98075a7.jpg',56,0,NULL,'[]'),(536,9,'多功能刀','/commodity_img/5a28d367N38b21931.jpg',56,0,NULL,'[]'),(537,9,'饭盒/提锅','/commodity_img/5a28d343N545c8316.jpg',56,0,NULL,'[]'),(538,9,'烘焙烧烤','/commodity_img/5a28b9eaN98a396a1.jpg',56,0,NULL,'[]'),(539,9,'茶杯','/commodity_img/5a28b9dcNf6abec61.jpg',57,0,NULL,'[]'),(540,9,'茶壶','/commodity_img/5a28b9d6N95b454ed.jpg',57,0,NULL,'[]'),(541,9,'茶盘茶托','/commodity_img/5a28b9d3Nd7c6f91c.jpg',57,0,NULL,'[]'),(542,9,'茶叶罐','/commodity_img/5a28b9cbNcae29e48.jpg',57,0,NULL,'[]'),(543,9,'茶具配件','/commodity_img/5a28b9c2Nf90f3413.jpg',57,0,NULL,'[]'),(544,9,'茶宠摆件','/commodity_img/5a28b9bfNaf05d5aa.jpg',57,0,NULL,'[]'),(545,9,'其他','/commodity_img/5a28b9b4N7f7e2d8f.jpg',57,0,NULL,'[]'),(546,9,'咖啡具','/commodity_img/5a28b9baNd5c0703a.jpg',57,0,NULL,'[]'),(547,9,'浴室用品','/commodity_img/5a28d45dN5d24a38c.jpg',58,0,NULL,'[]'),(548,9,'缝纫/针织用品','/commodity_img/5a28d44fN7beeb4e7.jpg',58,1,NULL,'[]'),(549,9,'洗晒/熨烫','/commodity_img/5a28d446N317bc541.jpg',58,0,NULL,'[]'),(550,9,'净化除味','/commodity_img/5a28d44aN739fe68c.jpg',58,0,NULL,'[]'),(551,9,'雨伞雨具','/commodity_img/5a28d43cN46b76fa7.jpg',58,0,NULL,'[]'),(552,9,'收纳箱','/commodity_img/5a28d43eNde1e3e55.jpg',58,0,NULL,'[]'),(553,9,'压缩袋','/commodity_img/5a28d439N6f15ad18.jpg',58,0,NULL,'[]'),(554,9,'保暖防护','/commodity_img/5a28d434N812305ee.jpg',58,0,NULL,'[]'),(555,9,'保温壶','/commodity_img/5a28d3aeN6694625a.jpg',59,0,NULL,'[]'),(556,9,'玻璃杯','/commodity_img/5a28d3abN0a4a8b9c.jpg',59,0,NULL,'[]'),(557,9,'塑料杯','/commodity_img/5a28d394Naab79e84.jpg',59,0,NULL,'[]'),(558,9,'杯具套装','/commodity_img/5a28d39aNda790bfc.jpg',59,1,NULL,'[]'),(559,9,'陶瓷/马克杯','/commodity_img/5a28d394N57054bcb.jpg',59,0,NULL,'[]'),(560,9,'运动水壶','/commodity_img/5a28d3a0N49b9006b.jpg',59,0,NULL,'[]'),(561,9,'果盘/果篮','/commodity_img/5a28b994N58745d54.jpg',60,0,NULL,'[]'),(562,9,'碗/碟/盘','/commodity_img/5a28b9a3N734be076.jpg',60,0,NULL,'[]'),(563,9,'筷勺/刀叉','/commodity_img/5a28b99eN33111004.jpg',60,0,NULL,'[]'),(564,9,'一次性用品','/commodity_img/5a28b988N65f12413.jpg',60,0,NULL,'[]'),(565,9,'餐具套装','/commodity_img/5a28b98fNc3bb6c75.jpg',60,1,NULL,'[]'),(566,11,'笔记本','/commodity_img/5a17b976N7ab8a3a6.jpg',61,0,NULL,'[]'),(567,11,'平板电脑','/commodity_img/5a17b918N0785e503.jpg',61,0,NULL,'[]'),(568,11,'一体机','/commodity_img/5a17b978N2a93f7a9.jpg',61,0,NULL,'[]'),(569,11,'台式机','/commodity_img/5a17b996Nba3bed32.jpg',61,0,NULL,'[]'),(570,11,'笔记本配件','/commodity_img/5a17b933N825c264a.jpg',61,0,NULL,'[]'),(571,11,'游戏台式机','/commodity_img/5a17b948Nf6918c9e.jpg',61,0,NULL,'[]'),(572,11,'商用台式机','/commodity_img/5a17b94eN820f6506.jpg',61,0,NULL,'[]'),(573,11,'游戏本','/commodity_img/5a17b971N14214c4f.jpg',61,0,NULL,'[]'),(574,11,'平板电脑配件','/commodity_img/5a17b8dcNd0418625.jpg',61,0,NULL,'[]'),(575,11,'轻薄本','/commodity_img/5a17b962Nf77d9f6c.jpg',61,0,NULL,'[]'),(576,11,'二合一平板','/commodity_img/5a17b93dN89330bb3.jpg',61,0,NULL,'[]'),(577,11,'服务器/工作站','/commodity_img/5a17b921Nf71bb1a4.jpg',61,1,NULL,'[]'),(578,11,'鼠标','/commodity_img/5a16a5f0Nc6b32dda.jpg',62,0,NULL,'[]'),(579,11,'U盘','/commodity_img/5a16a5aaNdac2fe89.jpg',62,1,NULL,'[]'),(580,11,'键盘','/commodity_img/5a16a5f6Nad15240a.jpg',62,0,NULL,'[]'),(581,11,'鼠标垫','/commodity_img/5a16a5b5N4075325c.jpg',62,0,NULL,'[]'),(582,11,'移动硬盘','/commodity_img/5a16a5adN67c1a043.jpg',62,0,NULL,'[]'),(583,11,'手写板','/commodity_img/5a16a594Ncb41c95a.jpg',62,0,NULL,'[]'),(584,11,'硬盘盒','/commodity_img/5a16a59eNadecac30.jpg',62,0,NULL,'[]'),(585,11,'线缆','/commodity_img/5a16a592N7e614f3d.jpg',62,0,NULL,'[]'),(586,11,'手机U盘','/commodity_img/5a16a585N73dd2d73.jpg',62,0,NULL,'[]'),(587,11,'电脑清洁','/commodity_img/5a16a57dNed5b68f6.jpg',62,0,NULL,'[]'),(588,11,'插座','/commodity_img/5a16a578N283a0f75.jpg',62,0,NULL,'[]'),(589,11,'键鼠套装','/commodity_img/5a16a56dN9e6309e0.jpg',62,1,NULL,'[]'),(590,11,'UPS电源','/commodity_img/5a16a566N8fb4f9ae.jpg',62,0,NULL,'[]'),(591,11,'电脑工具','/commodity_img/5a16a560Nc7626d33.jpg',62,0,NULL,'[]'),(592,11,'机械键盘','/commodity_img/5a16a58cNb6b027df.jpg',62,0,NULL,'[]'),(593,11,'摄像头','/commodity_img/5a16a588Nff477d9d.jpg',62,0,NULL,'[]'),(594,11,'网络仪表仪器','/commodity_img/5a16a572N83179fdc.jpg',62,0,NULL,'[]'),(595,11,'网络存储','/commodity_img/97e6d73f5438a246.jpg',62,0,NULL,'[]'),(596,11,'显示器','/commodity_img/5a17b610N6ab3c530.jpg',63,0,NULL,'[]'),(597,11,'硬盘','/commodity_img/5a17b5fdN5902ff1c.jpg',63,0,NULL,'[]'),(598,11,'电源','/commodity_img/5a17b5d6Ndd76bc59.jpg',63,0,NULL,'[]'),(599,11,'内存','/commodity_img/5a17b5f6N09faf599.jpg',63,0,NULL,'[]'),(600,11,'CPU','/commodity_img/5a17b602N70cb6fae.jpg',63,0,NULL,'[]'),(601,11,'机箱','/commodity_img/5a17b5f0N06ab312c.jpg',63,0,NULL,'[]'),(602,11,'散热器','/commodity_img/5a17b5dbN84f9f393.jpg',63,0,NULL,'[]'),(603,11,'刻录机/光驱','/commodity_img/5a17b5e2Ne87b72a2.jpg',63,0,NULL,'[]'),(604,11,'组装电脑','/commodity_img/5a17b615Nb96e7337.jpg',63,0,NULL,'[]'),(605,11,'曲面屏显示器','/commodity_img/5a17b60bN67eeb4eb.png',63,0,NULL,'[]'),(606,11,'声卡/拓展卡','/commodity_img/5a17b567Nb7530d99.jpg',63,1,NULL,'[]'),(607,11,'装机配件','/commodity_img/5a17b559Nf7b25cf4.jpg',63,0,NULL,'[]'),(608,11,'路由器','/commodity_img/5a16a0c0Nc9e4641e.jpg',64,0,NULL,'[]'),(609,11,'网卡','/commodity_img/5a16a0cbN03d41e72.jpg',64,0,NULL,'[]'),(610,11,'网络配件','/commodity_img/5a16a0bdNd3bc6d55.jpg',64,0,NULL,'[]'),(611,11,'4G/3G上网','/commodity_img/5a16a0d2Nd1e83955.jpg',64,0,NULL,'[]'),(612,11,'网络盒子','/commodity_img/5a16a0c2N5926aded.jpg',64,0,NULL,'[]'),(613,11,'交换机','/commodity_img/5a16a0b1Nd29a04bf.jpg',64,0,NULL,'[]'),(614,11,'安防监控','/commodity_img/5a169f9fN086c1597.jpg',65,0,NULL,'[]'),(615,11,'多功能一体机','/commodity_img/5a16a000Na535727b.jpg',65,0,NULL,'[]'),(616,11,'打印机','/commodity_img/5a169ffaN432b60b4.jpg',65,0,NULL,'[]'),(617,11,'摄影机','/commodity_img/5a169ff4Nd36c2ac2.jpg',65,0,NULL,'[]'),(618,11,'验钞/点钞机','/commodity_img/5a169fdbN8670f3ed.jpg',65,1,NULL,'[]'),(619,11,'投影配件','/commodity_img/5a169fd1Naf22e820.jpg',65,0,NULL,'[]'),(620,11,'家用打印机','/commodity_img/5a169fd0Nb4b3355d.jpg',65,0,NULL,'[]'),(621,11,'传真设备','/commodity_img/5a169fb6N7c15a724.jpg',65,0,NULL,'[]'),(622,11,'扫描设备','/commodity_img/5a169fd4Nacba62e0.jpg',65,0,NULL,'[]'),(623,11,'装订/封装机','/commodity_img/5a169fa4N712d120f.jpg',65,0,NULL,'[]'),(624,11,'考勤机','/commodity_img/5a169fbdN57149e63.jpg',65,0,NULL,'[]'),(625,11,'会议音频视频','/commodity_img/5a169fafNcd14b6db.jpg',65,0,NULL,'[]'),(626,11,'保险柜','/commodity_img/5a169fa9N133b5781.jpg',65,0,NULL,'[]'),(627,11,'碎纸机','/commodity_img/5a169fc4N88455546.jpg',65,0,NULL,'[]'),(628,11,'收银机','/commodity_img/5a169fb7Nfd0acdc3.jpg',65,0,NULL,'[]'),(629,11,'白板','/commodity_img/5a169f94N33ac0e26.jpg',65,0,NULL,'[]'),(630,11,'办公家具','/commodity_img/5a169f9aNfdc0ff6f.jpg',65,0,NULL,'[]'),(631,11,'复合机','/commodity_img/5a169fcaN26350f25.jpg',65,1,NULL,'[]'),(632,11,'纸类','/commodity_img/5a169742N0af905e2.jpg',66,0,NULL,'[]'),(633,11,'笔类','/commodity_img/5a1696f6N3408697c.jpg',66,0,NULL,'[]'),(634,11,'墨盒','/commodity_img/5a16972cNd40a4079.jpg',66,0,NULL,'[]'),(635,11,'计算器','/commodity_img/5a169702N98a42bf9.jpg',66,0,NULL,'[]'),(636,11,'办公文具','/commodity_img/5a169725Ndfca5501.jpg',66,0,NULL,'[]'),(637,11,'学生文具','/commodity_img/5a169749N31cd0500.jpg',66,0,NULL,'[]'),(638,11,'硒鼓/墨粉','/commodity_img/5a16973cNc9f13a7c.jpg',66,0,NULL,'[]'),(639,11,'色带','/commodity_img/5a169733N126aaad9.jpg',66,0,NULL,'[]'),(640,11,'文件管理','/commodity_img/5a169719N15f63ce6.jpg',66,0,NULL,'[]'),(641,11,'财会用品','/commodity_img/5a16970fN05bf943b.jpg',66,0,NULL,'[]'),(642,11,'激光笔','/commodity_img/5a1696feN7f69306f.jpg',66,0,NULL,'[]'),(643,11,'画具画材','/commodity_img/5a1696eeN6f61ae93.jpg',66,1,NULL,'[]'),(644,11,'游戏耳机','/commodity_img/5a16a013N851d3dbf.jpg',67,0,NULL,'[]'),(645,11,'游戏机','/commodity_img/5a16a018N24b3c8be.jpg',67,0,NULL,'[]'),(646,11,'手柄/方向盘','/commodity_img/5a169ff0Nce537fbc.jpg',67,0,NULL,'[]'),(647,12,'补肾壮阳','/commodity_img/5a1f7b2fNc5daf7f9.jpg',68,0,NULL,'[]'),(648,12,'男科/泌尿','/commodity_img/5a269d3bN114d7d33.jpg',68,0,NULL,'[]'),(649,12,'补气养血','/commodity_img/5a1f7b2fN94a8589c.jpg',68,0,NULL,'[]'),(650,12,'耳鼻喉用药','/commodity_img/5a269d22N056cc7a8.jpg',68,0,NULL,'[]'),(651,12,'避孕用药','/commodity_img/5a269d11Na36654b5.jpg',68,0,NULL,'[]'),(652,12,'皮肤用药','/commodity_img/5a269d41N92f43c18.jpg',68,0,NULL,'[]'),(653,12,'妇科用药','/commodity_img/5a269d35N9d2eca6a.jpg',68,1,NULL,'[]'),(654,12,'肠胃消化','/commodity_img/5a1f7b3cN9f10c291.jpg',68,0,NULL,'[]'),(655,12,'风湿骨外伤','/commodity_img/5a269d50N92d21f24.jpg',68,0,NULL,'[]'),(656,12,'维矿物质','/commodity_img/5a269d49N9e44bf77.jpg',68,0,NULL,'[]'),(657,12,'眼科用药','/commodity_img/5a269d28N3aca2454.jpg',68,0,NULL,'[]'),(658,12,'口腔用药','/commodity_img/5a269d1cN7986f437.jpg',68,0,NULL,'[]'),(659,12,'感冒咳嗽','/commodity_img/5a269d17Nc1de6fd2.jpg',68,0,NULL,'[]'),(660,12,'心脑血管','/commodity_img/5a269d0cNeaeb97be.jpg',68,0,NULL,'[]'),(661,12,'肝胆用药','/commodity_img/5a269d07Ne9a42214.jpg',68,0,NULL,'[]'),(662,12,'儿科用药','/commodity_img/5a269d2dNfe995334.jpg',68,0,NULL,'[]'),(663,12,'血压计','/commodity_img/5a1f7afaN378605cd.jpg',69,0,NULL,'[]'),(664,12,'血糖仪','/commodity_img/5a1f7af5N461ff1f2.jpg',69,0,NULL,'[]'),(665,12,'血氧仪','/commodity_img/5a1f7af0Nd49476ee.jpg',69,1,NULL,'[]'),(666,12,'体温计','/commodity_img/5a269bf9N00ecf2f3.jpg',69,0,NULL,'[]'),(667,12,'胎心仪','/commodity_img/5a269bc5N3781eb6a.jpg',69,0,NULL,'[]'),(668,12,'理疗仪','/commodity_img/5a269bb8N775c5614.jpg',69,0,NULL,'[]'),(669,12,'制氧机','/commodity_img/5a269bb8N775c5614.jpg',69,0,NULL,'[]'),(670,12,'雾化器','/commodity_img/5a269bb2Nc60e33b1.jpg',69,0,NULL,'[]'),(671,12,'轮椅','/commodity_img/5a269baeNfe1edaaa.jpg',69,0,NULL,'[]'),(672,12,'拐杖','/commodity_img/5a269ba7N95fb0930.jpg',69,0,NULL,'[]'),(673,12,'中医保健','/commodity_img/5a269ba0Nc80955ae.jpg',69,0,NULL,'[]'),(674,12,'养生器械','/commodity_img/5a269b9cN76d846ea.jpg',69,0,NULL,'[]'),(675,12,'家庭护理','/commodity_img/5a269b97Nd5af2946.jpg',69,0,NULL,'[]'),(676,12,'护理床','/commodity_img/5a269bf1Ndbb289db.jpg',69,0,NULL,'[]'),(677,12,'智能健康','/commodity_img/5a269b90Ne3530871.jpg',69,0,NULL,'[]'),(678,12,'调节免疫','/commodity_img/5a1f7b17Nd916632d.jpg',70,0,NULL,'[]'),(679,12,'骨骼健康','/commodity_img/5a1f7afeN8a5b19d3.jpg',70,0,NULL,'[]'),(680,12,'美容养颜','/commodity_img/5a1f7b25N22b58d1c.jpg',70,0,NULL,'[]'),(681,12,'调节三高','/commodity_img/5a269cd4N046ea5d9.jpg',70,0,NULL,'[]'),(682,12,'肠胃养护','/commodity_img/5a269ccfN4815fd05.jpg',70,1,NULL,'[]'),(683,12,'肝肾养护','/commodity_img/5a269cc8N8d233ec0.jpg',70,0,NULL,'[]'),(684,12,'美体塑身','/commodity_img/5a269c83Nae2e161f.jpg',70,0,NULL,'[]'),(685,12,'缓解疲劳','/commodity_img/5a269c7dN3af3549e.jpg',70,0,NULL,'[]'),(686,12,'改善睡眠','/commodity_img/5a269c52N7f834466.jpg',70,0,NULL,'[]'),(687,12,'孕期营养','/commodity_img/5a269c4bNb35eee42.jpg',70,0,NULL,'[]'),(688,12,'药食同源','/commodity_img/5a269ae1N5f5e4451.jpg',71,0,NULL,'[]'),(689,12,'冬虫夏草','/commodity_img/5a1f7adbNa72a313f.jpg',71,0,NULL,'[]'),(690,12,'阿胶','/commodity_img/5a1f7ae6N50408d5c.jpg',71,0,NULL,'[]'),(691,12,'枸杞','/commodity_img/5a269b63Nb39e7953.jpg',71,0,NULL,'[]'),(692,12,'人参/西洋参','/commodity_img/5a1f7addN3827a4e7.jpg',71,0,NULL,'[]'),(693,12,'燕窝','/commodity_img/5a269b73N2cb42b61.jpg',71,0,NULL,'[]'),(694,12,'蜂蜜/蜂产品','/commodity_img/5a269b69Nee795f2c.jpg',71,0,NULL,'[]'),(695,12,'三七','/commodity_img/5a269b5eN9d9415e9.jpg',71,0,NULL,'[]'),(696,12,'石斛/枫斗','/commodity_img/5a269b5aN538f334a.jpg',71,0,NULL,'[]'),(697,12,'养生茶饮','/commodity_img/5a269b55N9e5d57b6.jpg',71,1,NULL,'[]'),(698,12,'灵芝/孢子粉','/commodity_img/5a269b6eN8af87562.jpg',71,0,NULL,'[]'),(699,12,'玛咖','/commodity_img/5a1f7b32N70c43b92.jpg',72,0,NULL,'[]'),(700,12,'蛋白质','/commodity_img/5a1f7b31Ne4f8235f.jpg',72,0,NULL,'[]'),(701,12,'维生素/矿物质','/commodity_img/5a269ce2N04aace95.jpg',72,0,NULL,'[]'),(702,12,'胶原蛋白','/commodity_img/5a1f7b2cNcb18b348.jpg',72,0,NULL,'[]'),(703,12,'左旋肉碱','/commodity_img/5a269cf1Nb5f3eaf9.jpg',72,0,NULL,'[]'),(704,12,'酵素','/commodity_img/5a269cedNba47c8c2.jpg',72,0,NULL,'[]'),(705,12,'益生菌','/commodity_img/5a269ce8N72312d1f.jpg',72,0,NULL,'[]'),(706,12,'鱼油/磷脂','/commodity_img/5a269cdcN270d9ba7.jpg',72,0,NULL,'[]'),(707,12,'葡萄籽','/commodity_img/5a269cf6Ne5b8a204.jpg',72,0,NULL,'[]'),(708,12,'口罩','/commodity_img/5a1f7b0bN84c9cfd6.jpg',73,0,NULL,'[]'),(709,12,'眼罩/耳塞','/commodity_img/5a1f7b0aNbf86ff03.jpg',73,0,NULL,'[]'),(710,12,'跌打损伤','/commodity_img/5a1f7b04N1b890e67.jpg',73,0,NULL,'[]'),(711,12,'暖贴','/commodity_img/5a269c29N3420ac3f.jpg',73,0,NULL,'[]'),(712,12,'鼻喉护理','/commodity_img/5a269c1fNf8609b91.jpg',73,0,NULL,'[]'),(713,12,'体重秤','/commodity_img/5a269c24N32bdc4c7.jpg',73,0,NULL,'[]'),(714,12,'眼部保健','/commodity_img/5a269c19N24eddf79.jpg',73,1,NULL,'[]'),(715,12,'美体护理','/commodity_img/5a269c14Nc9f9572c.jpg',73,0,NULL,'[]'),(716,12,'半年抛','/commodity_img/5a269ac5N807a68f4.jpg',74,0,NULL,'[]'),(717,12,'月抛','/commodity_img/5a269ac9N360e3851.jpg',74,0,NULL,'[]'),(718,12,'日抛','/commodity_img/5a269aceN99205441.jpg',74,0,NULL,'[]'),(719,12,'年抛','/commodity_img/5a269abfNfff955b8.jpg',74,0,NULL,'[]'),(720,12,'彩色隐形','/commodity_img/5a1f7aceNb4e0bc14.jpg',74,0,NULL,'[]'),(721,12,'护理液','/commodity_img/5a1f7aabNbc34b4c4.jpg',74,0,NULL,'[]'),(722,12,'透明隐形','/commodity_img/5a1f7acfN96757bb7.jpg',74,0,NULL,'[]'),(723,12,'眼部配件','/commodity_img/5a269ad3N1b7d935d.jpg',74,0,NULL,'[]'),(724,13,'电压力锅','/commodity_img/5a17f21dN905aaf4c.jpg',75,0,NULL,'[]'),(725,13,'电水壶/热水瓶','/commodity_img/5a17f1d2N8078d5e6.jpg',75,0,NULL,'[]'),(726,13,'电饭煲','/commodity_img/5a17f224Nea1d3f59.jpg',75,0,NULL,'[]'),(727,13,'电磁炉','/commodity_img/5a17f1edN56abbe6e.jpg',75,0,NULL,'[]'),(728,13,'微波炉','/commodity_img/5a17f203N50016f64.jpg',75,0,NULL,'[]'),(729,13,'电饼铛','/commodity_img/5a17f1e3Nf7957b34.jpg',75,0,NULL,'[]'),(730,13,'豆浆机','/commodity_img/5a17f229Nc4c681fb.jpg',75,0,NULL,'[]'),(731,13,'多用途锅','/commodity_img/5a17f1ccN019c7fda.jpg',75,0,NULL,'[]'),(732,13,'料理机','/commodity_img/5a17f237Nb9978251.jpg',75,1,NULL,'[]'),(733,13,'榨汁机/原汁机','/commodity_img/5a17f224N9756f6e5.jpg',75,0,NULL,'[]'),(734,13,'电烤箱','/commodity_img/5a17f1f1N9c125c81.jpg',75,0,NULL,'[]'),(735,13,'养生壶/煎药壶','/commodity_img/5a17c966Nd140f4e3.jpg',75,0,NULL,'[]'),(736,13,'电炖锅','/commodity_img/5a17f1aeNf7647558.jpg',75,0,NULL,'[]'),(737,13,'电烧烤炉','/commodity_img/5a17f1a9N8a775fab.jpg',75,0,NULL,'[]'),(738,13,'面包机','/commodity_img/5a17f20aNde6af185.jpg',75,0,NULL,'[]'),(739,13,'咖啡机','/commodity_img/5a17f208N6ea88eba.jpg',75,0,NULL,'[]'),(740,13,'煮蛋器','/commodity_img/5a17f1e3Nbb40dec0.jpg',75,0,NULL,'[]'),(741,13,'电热饭盒','/commodity_img/5a17c968Nb5ea6a23.jpg',75,0,NULL,'[]'),(742,13,'面条机','/commodity_img/5a17c946N052e26a3.jpg',75,0,NULL,'[]'),(743,13,'酸奶机','/commodity_img/5a17f1deN2f022a90.jpg',75,0,NULL,'[]'),(744,13,'空气炸锅','/commodity_img/5a17f1fbNc9df1b71.jpg',75,0,NULL,'[]'),(745,13,'蔬果解毒机','/commodity_img/5a17f1b7N26b23a3a.jpg',75,0,NULL,'[]'),(746,13,'电吹风','/commodity_img/5a17c20fN16e27ed9.png',76,0,NULL,'[]'),(747,13,'剃须刀','/commodity_img/5a17c221Nf85c1934.jpg',76,0,NULL,'[]'),(748,13,'理发器','/commodity_img/5a17c201N6f968e89.jpg',76,1,NULL,'[]'),(749,13,'足浴盆','/commodity_img/5a17c1eeNb9958e28.jpg',76,0,NULL,'[]'),(750,13,'剃/脱毛器','/commodity_img/5a17c21bN9fa5f473.jpg',76,0,NULL,'[]'),(751,13,'按摩仪','/commodity_img/5a17c1f5Nb9390d12.jpg',76,0,NULL,'[]'),(752,13,'卷/直发器','/commodity_img/5a17c1ddNba83885a.jpg',76,0,NULL,'[]'),(753,13,'按摩椅','/commodity_img/5a17c1fcN516045fe.jpg',76,0,NULL,'[]'),(754,13,'口腔护理','/commodity_img/5a17c214N2eab4352.jpg',76,0,NULL,'[]'),(755,13,'电子秤','/commodity_img/5a17c1e8Nbfc87330.jpg',76,0,NULL,'[]'),(756,13,'美容器','/commodity_img/5a17c209Nff3d08aa.jpg',76,0,NULL,'[]'),(757,13,'其他健康电器','/commodity_img/b3a7808943cf3198.jpg',76,0,NULL,'[]'),(758,13,'双门冰箱','/commodity_img/5a17f6aeN280056ea.jpg',77,0,NULL,'[]'),(759,13,'对开门冰箱','/commodity_img/5a17f6c5Ne56d7e26.jpg',77,0,NULL,'[]'),(760,13,'十字对开门','/commodity_img/5a17f6caNd7a7e0aa.jpg',77,0,NULL,'[]'),(761,13,'三门冰箱','/commodity_img/5a17f6aeN47ef140c.jpg',77,0,NULL,'[]'),(762,13,'单门冰箱','/commodity_img/5a17f6aeN55f73ab4.jpg',77,0,NULL,'[]'),(763,13,'多门冰箱','/commodity_img/5a17f6c0N8cf0d399.jpg',77,0,NULL,'[]'),(764,13,'冷柜/冰吧','/commodity_img/5a17f69eN1d10e257.jpg',77,0,NULL,'[]'),(765,13,'冰箱配件','/commodity_img/5a17f69fN782e2397.jpg',77,0,NULL,'[]'),(766,13,'波轮洗衣机','/commodity_img/5a17f6e7Nd3e178e9.jpg',78,0,NULL,'[]'),(767,13,'滚筒洗衣机','/commodity_img/5a17f6eaN9ec936de.jpg',78,0,NULL,'[]'),(768,13,'洗烘一体机','/commodity_img/5a17f6d4Ne2a84dc3.jpg',78,0,NULL,'[]'),(769,13,'迷你洗衣机','/commodity_img/5a17f6f4N217289e8.jpg',78,1,NULL,'[]'),(770,13,'洗衣机配件','/commodity_img/5a17f6daN7348da74.jpg',78,0,NULL,'[]'),(771,13,'电热水器','/commodity_img/5a17f356Nd692ab74.jpg',79,0,NULL,'[]'),(772,13,'燃气热水器','/commodity_img/5a17f352N64668f4c.jpg',79,0,NULL,'[]'),(773,13,'燃气灶','/commodity_img/5a17f371N09a18e9f.jpg',79,0,NULL,'[]'),(774,13,'油烟机','/commodity_img/5a17f374Na646a5b2.jpg',79,0,NULL,'[]'),(775,13,'烟灶套装','/commodity_img/5a17f369N6a55ff3f.jpg',79,0,NULL,'[]'),(776,13,'消毒柜','/commodity_img/5a17f366N01b7f2a2.jpg',79,0,NULL,'[]'),(777,13,'洗碗机','/commodity_img/5a17f361Nd0b768e5.jpg',79,0,NULL,'[]'),(778,13,'互联网电视','/commodity_img/5a17f71eN25360979.jpg',80,0,NULL,'[]'),(779,13,'4K超高清','/commodity_img/5a17f72cN97075084.jpg',80,0,NULL,'[]'),(780,13,'超薄电视','/commodity_img/5a17f724N6b00846c.jpg',80,0,NULL,'[]'),(781,13,'曲面电视','/commodity_img/5a17f73eN1ed10bce.jpg',80,0,NULL,'[]'),(782,13,'量子点电视','/commodity_img/5a17f726N196bd924.jpg',80,0,NULL,'[]'),(783,13,'HDR','/commodity_img/5a17f719N7371175e.jpg',80,0,NULL,'[]'),(784,13,'电视配件','/commodity_img/5a17f71bN47c72a89.jpg',80,0,NULL,'[]'),(785,13,'OLED电视','/commodity_img/5a17f70fN00d172ce.jpg',80,0,NULL,'[]'),(786,13,'吸尘器/除螨仪','/commodity_img/5a17c456Nfeca1ee2.jpg',81,1,NULL,'[]'),(787,13,'饮水机','/commodity_img/5a17c46dN60cc3fc1.jpg',81,0,NULL,'[]'),(788,13,'挂烫机/熨斗','/commodity_img/5a17c45dN98f86edd.jpg',81,0,NULL,'[]'),(789,13,'电风扇','/commodity_img/5a17c47dNca9d0918.jpg',81,0,NULL,'[]'),(790,13,'扫地机器人','/commodity_img/5a17c411Nf0cbb389.jpg',81,0,NULL,'[]'),(791,13,'净水器','/commodity_img/5a17c466Nb13ef479.jpg',81,0,NULL,'[]'),(792,13,'取暖电器','/commodity_img/5a17c485N8f01fa4e.jpg',81,0,NULL,'[]'),(793,13,'空气净化器','/commodity_img/5a17c473N3cfb0086.jpg',81,0,NULL,'[]'),(794,13,'插座','/commodity_img/5a17c441N1b8aa7da.jpg',81,0,NULL,'[]'),(795,13,'电话机','/commodity_img/5a17c44cN1f398dda.jpg',81,0,NULL,'[]'),(796,13,'加湿器','/commodity_img/5a17c431N89ecf984.jpg',81,0,NULL,'[]'),(797,13,'其他生活电器','/commodity_img/5a17c41aNfefa67e6.jpg',81,0,NULL,'[]'),(798,13,'除螨机','/commodity_img/5a17c446Ne3786824.jpg',81,1,NULL,'[]'),(799,13,'除湿机','/commodity_img/5a17c4c1N99d9cd55.jpg',81,1,NULL,'[]'),(800,13,'收录/音机','/commodity_img/5a17c438N32c789e0.jpg',81,0,NULL,'[]'),(801,13,'冷风扇','/commodity_img/5a17c478N9413050f.jpg',81,0,NULL,'[]'),(802,13,'生活电器配件','/commodity_img/5a17c404Nb4deccb1.jpg',81,0,NULL,'[]'),(803,13,'清洁机','/commodity_img/5a17c423N355a415c.jpg',81,0,NULL,'[]'),(804,13,'壁挂式空调','/commodity_img/5a17f6f6Ndfe746aa.jpg',82,0,NULL,'[]'),(805,13,'柜式空调','/commodity_img/5a17f70dN5ecd3e87.jpg',82,0,NULL,'[]'),(806,13,'中央空调','/commodity_img/5a17f6e4N2357e87a.jpg',82,0,NULL,'[]'),(807,13,'空调配件','/commodity_img/5a17f6eaNc63b2c10.jpg',82,0,NULL,'[]'),(808,13,'迷你音响','/commodity_img/5a17bed3N7e971414.jpg',83,0,NULL,'[]'),(809,13,'DVD/电视盒子','/commodity_img/5a17bed4Ne3f36920.jpg',83,0,NULL,'[]'),(810,13,'家庭影院','/commodity_img/5a17beddN189f610f.jpg',83,0,NULL,'[]'),(811,13,'回音壁/Soundbar','/commodity_img/5a17bf70Ndc14566d.jpg',83,0,NULL,'[]'),(812,13,'影音配件','/commodity_img/5a17bea8N02fa11cb.jpg',83,0,NULL,'[]'),(813,13,'功放','/commodity_img/5a17be98N64f3fb3d.png',83,0,NULL,'[]'),(814,14,'瑞表','/commodity_img/5a166fe1Nc6bd2f12.jpg',84,1,NULL,'[]'),(815,14,'国表','/commodity_img/5a166fddNbc219f4f.jpg',84,0,NULL,'[]'),(816,14,'德表','/commodity_img/5a166fbaNc6b4a13f.jpg',84,0,NULL,'[]'),(817,14,'日韩表','/commodity_img/5a166fd7Nd69be6f9.jpg',84,0,NULL,'[]'),(818,14,'儿童手表','/commodity_img/5a166fd1N74f1c1a1.jpg',84,0,NULL,'[]'),(819,14,'欧美表','/commodity_img/5a166fcaN5341f65b.jpg',84,0,NULL,'[]'),(820,14,'智能手表','/commodity_img/5a166fc5Nd8f2c0d6.jpg',84,0,NULL,'[]'),(821,14,'挂钟','/commodity_img/5a166fbfN56260c62.jpg',84,0,NULL,'[]'),(822,14,'钟表配件','/commodity_img/5a166faeN7103ed89.jpg',84,0,NULL,'[]'),(823,14,'闹钟','/commodity_img/5a166fb4N646089bb.jpg',84,0,NULL,'[]'),(824,14,'时尚戒指','/commodity_img/5a1663b8N339d5cf6.jpg',85,0,NULL,'[]'),(825,14,'耳饰','/commodity_img/5a1663c1Na62e50ec.jpg',85,0,NULL,'[]'),(826,14,'项链','/commodity_img/5a1663d9Nca63e916.jpg',85,0,NULL,'[]'),(827,14,'chocker','/commodity_img/5a16639aN9990d315.jpg',85,0,NULL,'[]'),(828,14,'手链/脚链','/commodity_img/5a1663cfN75bb6adc.jpg',85,0,NULL,'[]'),(829,14,'发饰/发卡','/commodity_img/5a1663b7N4eb5e1c8.jpg',85,0,NULL,'[]'),(830,14,'胸针','/commodity_img/5a1663b2Nc686fce2.jpg',85,0,NULL,'[]'),(831,14,'饰品配件','/commodity_img/5a16639fNc1bf75fb.jpg',85,0,NULL,'[]'),(832,14,'婚庆饰品','/commodity_img/5a1663a5Nb3503d32.jpg',85,1,NULL,'[]'),(833,14,'黄金吊坠','/commodity_img/5a164176N13aec0c9.jpg',86,0,NULL,'[]'),(834,14,'金手镯/手链/脚链','/commodity_img/5a164160N765af4c8.jpg',86,0,NULL,'[]'),(835,14,'纯金K金戒指','/commodity_img/5a164155N5bf5b599.jpg',86,0,NULL,'[]'),(836,14,'黄金项链','/commodity_img/5a16416cN1e76aa23.jpg',86,0,NULL,'[]'),(837,14,'黄金转运珠','/commodity_img/5a164160N2578a0da.jpg',86,0,NULL,'[]'),(838,14,'黄金耳饰','/commodity_img/5a16403bNc6b7f506.jpg',86,0,NULL,'[]'),(839,14,'银吊坠/项链','/commodity_img/5a163c9bN49cef326.jpg',87,0,NULL,'[]'),(840,14,'银耳饰','/commodity_img/5a163bdfNa9b2462f.png',87,0,NULL,'[]'),(841,14,'银戒指','/commodity_img/5a163c4cNeed5eec2.jpg',87,0,NULL,'[]'),(842,14,'宝宝银饰','/commodity_img/5a163c35N2a582f16.jpg',87,0,NULL,'[]'),(843,14,'银手镯','/commodity_img/5a163c3eN00ac774d.jpg',87,0,NULL,'[]'),(844,14,'银手链/脚链','/commodity_img/5a163c93N8e1231e4.jpg',87,0,NULL,'[]'),(845,14,'项链/吊坠','/commodity_img/5a16397dNb5104b09.jpg',88,0,NULL,'[]'),(846,14,'手镯/手串','/commodity_img/5a16398fN877fe22a.jpg',88,0,NULL,'[]'),(847,14,'玉石孤品','/commodity_img/5a163979Ne2470f2d.jpg',88,0,NULL,'[]'),(848,14,'翡翠玉石戒指','/commodity_img/5a163989Naa78a02b.jpg',88,0,NULL,'[]'),(849,14,'挂件/摆件/把件','/commodity_img/5a16397fNa9067088.jpg',88,0,NULL,'[]'),(850,14,'耳饰','/commodity_img/5a163968Ncadb232c.jpg',88,0,NULL,'[]'),(851,14,'小叶紫檀','/commodity_img/5a163b32N2ed65d19.jpg',89,1,NULL,'[]'),(852,14,'黄花梨','/commodity_img/5a163b3cNa9674ede.jpg',89,0,NULL,'[]'),(853,14,'沉香木','/commodity_img/5a163b36Nc9360377.jpg',89,0,NULL,'[]'),(854,14,'星月菩提','/commodity_img/5a163b27N6e8ff2e0.jpg',89,0,NULL,'[]'),(855,14,'金刚菩提','/commodity_img/5a163b21Nb87fd36c.jpg',89,0,NULL,'[]'),(856,14,'橄榄核/核桃','/commodity_img/5a163b01N5c7cdf5f.jpg',89,0,NULL,'[]'),(857,14,'其他材质','/commodity_img/5a163afeN4ec39188.jpg',89,0,NULL,'[]'),(858,14,'金丝楠','/commodity_img/5a163b2fN2fb9495e.jpg',89,0,NULL,'[]'),(859,14,'手镯/手链/脚链','/commodity_img/5a16341aNa0836e6d.jpg',90,0,NULL,'[]'),(860,14,'项链/吊坠','/commodity_img/5a163426N4af4db3e.jpg',90,0,NULL,'[]'),(861,14,'水晶玛瑙戒指','/commodity_img/5a163415N1205e6a9.jpg',90,0,NULL,'[]'),(862,14,'头饰/胸针','/commodity_img/5a163410N0eefd648.jpg',90,0,NULL,'[]'),(863,14,'摆件/挂件','/commodity_img/5a16340aN956d30f2.jpg',90,0,NULL,'[]'),(864,14,'耳饰','/commodity_img/5a163420N726dfaed.jpg',90,0,NULL,'[]'),(865,14,'钻石项链/吊坠','/commodity_img/5a163348N0855d553.jpg',91,0,NULL,'[]'),(866,14,'裸钻','/commodity_img/5a163377N16edcbb5.jpg',91,0,NULL,'[]'),(867,14,'钻石戒指','/commodity_img/5a163373Nb802eb54.jpg',91,0,NULL,'[]'),(868,14,'钻石手镯/手链','/commodity_img/5a16333bNb3a42c68.jpg',91,0,NULL,'[]'),(869,14,'钻石耳饰','/commodity_img/5a163340N55dfbf5c.jpg',91,0,NULL,'[]'),(870,14,'铂金戒指','/commodity_img/5a153f8bN09340faa.jpg',92,1,NULL,'[]'),(871,14,'铂金耳饰','/commodity_img/5a153f86N0c577cb8.jpg',92,0,NULL,'[]'),(872,14,'铂金项链','/commodity_img/5a153f95N857636d7.jpg',92,0,NULL,'[]'),(873,14,'铂金手镯/手链/脚链','/commodity_img/5a153f92Nc3705363.jpg',92,0,NULL,'[]'),(874,14,'K金戒指','/commodity_img/5a153ffcN0d98406a.jpg',93,0,NULL,'[]'),(875,14,'K金项链','/commodity_img/5a154005Ndac0013c.jpg',93,0,NULL,'[]'),(876,14,'K金手镯/手链/脚链','/commodity_img/5a153fffNb9f808a4.jpg',93,0,NULL,'[]'),(877,14,'K金耳饰','/commodity_img/5a153ff4Nbbd1d51d.jpg',93,0,NULL,'[]'),(878,14,'K金吊坠','/commodity_img/5a15400dNeac86e68.jpg',93,0,NULL,'[]'),(879,14,'项链/吊坠','/commodity_img/5a1543aeN3334e101.jpg',94,0,NULL,'[]'),(880,14,'耳饰','/commodity_img/5a1543baN949b4df8.jpg',94,0,NULL,'[]'),(881,14,'手镯/手链','/commodity_img/5a1543b5Nc9828d6a.jpg',94,0,NULL,'[]'),(882,14,'彩宝戒指','/commodity_img/5a1543b0N7dcf391f.jpg',94,0,NULL,'[]'),(883,14,'投资金','/commodity_img/5a153f09Ne392bc47.jpg',95,0,NULL,'[]'),(884,14,'投资银','/commodity_img/5a153f05N0af3e486.jpg',95,0,NULL,'[]'),(885,14,'投资收藏','/commodity_img/5a153f01Nb5955f63.jpg',95,0,NULL,'[]'),(886,14,'珍珠胸针','/commodity_img/5a1632c1N7daff6b2.jpg',96,0,NULL,'[]'),(887,14,'珍珠手链','/commodity_img/5a1632ccN27f91e07.jpg',96,0,NULL,'[]'),(888,14,'珍珠项链','/commodity_img/5a1632ddN08e38bfe.jpg',96,0,NULL,'[]'),(889,14,'珍珠吊坠','/commodity_img/5a1632d7Nca6c6d2b.jpg',96,0,NULL,'[]'),(890,14,'珍珠耳饰','/commodity_img/5a1632d1N6ef39b70.jpg',96,1,NULL,'[]'),(891,14,'珍珠戒指','/commodity_img/5a1632c7N87f5dcda.jpg',96,0,NULL,'[]'),(892,15,'0-6个月','/commodity_img/5b02a109N15951410.jpg',97,0,NULL,'[]'),(893,15,'6-12个月','/commodity_img/5b02a10eN399ceaea.jpg',97,0,NULL,'[]'),(894,15,'1-3岁','/commodity_img/5b02a113Na7a0c350.jpg',97,0,NULL,'[]'),(895,15,'3-6岁','/commodity_img/5b02a119Neaa0e73e.jpg',97,0,NULL,'[]'),(896,15,'6-14岁','/commodity_img/5b02a11fN3cc755cc.jpg',97,0,NULL,'[]'),(897,15,'14岁以上','/commodity_img/5b02a124N6429c78c.jpg',97,0,NULL,'[]'),(898,15,'机器人','/commodity_img/5b02a0c0Ne124990e.jpg',98,0,NULL,'[]'),(899,15,'遥控车','/commodity_img/5b02a0c6N3f2770d9.jpg',98,0,NULL,'[]'),(900,15,'遥控飞机','/commodity_img/5b02a0cdN9cf1d8a3.jpg',98,0,NULL,'[]'),(901,15,'轨道/助力','/commodity_img/5b02a0d4Nb01feba8.jpg',98,0,NULL,'[]'),(902,15,'遥控船','/commodity_img/5b02a0dcNdf2b072c.jpg',98,0,NULL,'[]'),(903,15,'立体拼插','/commodity_img/5b02a087Nf6f357db.jpg',99,0,NULL,'[]'),(904,15,'积木','/commodity_img/5b02a08fN9ec30c5f.jpg',99,0,NULL,'[]'),(905,15,'拼图','/commodity_img/5b02a094Nd7c5b479.jpg',99,0,NULL,'[]'),(906,15,'磁力片/棒','/commodity_img/5b02a09aN5227d7d7.jpg',99,0,NULL,'[]'),(907,15,'炫舞毯','/commodity_img/5b02a02cNdbf3135f.jpg',100,0,NULL,'[]'),(908,15,'户外玩具','/commodity_img/5b02a032Nb73b098c.jpg',100,0,NULL,'[]'),(909,15,'戏水玩具','/commodity_img/5b02a062N58a0e6f4.jpg',100,1,NULL,'[]'),(910,15,'爬行垫/毯','/commodity_img/5b02a069N1f2651f2.jpg',100,0,NULL,'[]'),(911,15,'口琴/口风琴/竖笛','/commodity_img/5b029fb1N21c932ca.jpg',101,0,NULL,'[]'),(912,15,'电子琴','/commodity_img/5b029fbdNf7342f80.jpg',101,0,NULL,'[]'),(913,15,'吉他','/commodity_img/5b029fc3N3cf6d4f7.jpg',101,0,NULL,'[]'),(914,15,'钢琴','/commodity_img/5b029fcaN1e63c5f3.jpg',101,0,NULL,'[]'),(915,15,'手风琴','/commodity_img/5b029fd0N832c5581.jpg',101,0,NULL,'[]'),(916,15,'尤克里里','/commodity_img/5b029fd8Nb0816b59.jpg',101,0,NULL,'[]'),(917,15,'民族管弦乐器','/commodity_img/5b029fdeN5934ecd5.jpg',101,0,NULL,'[]'),(918,15,'西洋管弦','/commodity_img/5b029feaNa2019559.jpg',101,0,NULL,'[]'),(919,15,'打击乐器','/commodity_img/5b029ff3N420e1a5d.jpg',101,0,NULL,'[]'),(920,15,'乐器配件','/commodity_img/5b029ffaN15b89c7d.jpg',101,0,NULL,'[]'),(921,15,'电脑音乐','/commodity_img/5b02a001N905262bd.jpg',101,0,NULL,'[]'),(922,15,'工艺礼品乐器','/commodity_img/5b02a007N78278a69.jpg',101,0,NULL,'[]'),(923,15,'电子琴','/commodity_img/5b02a00cN09a20354.jpg',101,0,NULL,'[]'),(924,15,'早教启智','/commodity_img/5b029f4dNd1b38076.jpg',102,0,NULL,'[]'),(925,15,'健身架','/commodity_img/5b029f64Naa9b7f48.jpg',102,0,NULL,'[]'),(926,15,'拖拉玩具','/commodity_img/5b029f5eNa8af5f9a.jpg',102,1,NULL,'[]'),(927,15,'摇铃/床铃','/commodity_img/5b029f58Nb15d78b9.jpg',102,0,NULL,'[]'),(928,15,'芭比娃娃','/commodity_img/5b029f26N5ea1f076.jpg',103,0,NULL,'[]'),(929,15,'卡通娃娃','/commodity_img/5b029f2dN9bbcb8e0.jpg',103,0,NULL,'[]'),(930,15,'智能娃娃','/commodity_img/5b029f32N94b13a27.jpg',103,0,NULL,'[]'),(931,15,'毛绒/布艺','/commodity_img/5b029edfN66192514.jpg',104,0,NULL,'[]'),(932,15,'靠枕/抱枕','/commodity_img/5b029eecN697ff18a.jpg',104,0,NULL,'[]'),(933,15,'拼插模型','/commodity_img/5b029ea2Nab9d5f94.jpg',105,0,NULL,'[]'),(934,15,'仿真模型','/commodity_img/5b029ea8N18643408.jpg',105,0,NULL,'[]'),(935,15,'收藏爱好','/commodity_img/5b029eafN4016945a.jpg',105,0,NULL,'[]'),(936,15,'减压玩具','/commodity_img/5b029e7eN4540d07e.jpg',106,0,NULL,'[]'),(937,15,'创意玩具','/commodity_img/5b029e86N323d2d35.jpg',106,0,NULL,'[]'),(938,15,'电影周边','/commodity_img/5b029e4fNd107ff03.jpg',107,0,NULL,'[]'),(939,15,'卡通周边','/commodity_img/5b029e56Nb8782d85.jpg',107,0,NULL,'[]'),(940,15,'网游周边','/commodity_img/5b029e5dNd25a5940.jpg',107,0,NULL,'[]'),(941,15,'绘画工具','/commodity_img/5b029d37N1c79a120.jpg',108,1,NULL,'[]'),(942,15,'情景玩具','/commodity_img/5b029d44Nbfc36cda.jpg',108,0,NULL,'[]'),(943,15,'手工彩泥','/commodity_img/5b029d54N653ba3a7.jpg',108,0,NULL,'[]'),(944,16,'女士内裤','/commodity_img/5a058fe2N0110e541.jpg',109,0,NULL,'[]'),(945,16,'男士内裤','/commodity_img/5a058febNa251a7b3.jpg',109,0,NULL,'[]'),(946,16,'被子被芯','/commodity_img/5a059007N92578e36.jpg',109,0,NULL,'[]'),(947,16,'毛巾浴巾','/commodity_img/5a058ffcN7568d47a.jpg',109,0,NULL,'[]'),(948,16,'男袜','/commodity_img/d8da2c28e6b68ec0.jpg',109,0,NULL,'[]'),(949,16,'女袜','/commodity_img/5a058fccN60cc0b78.jpg',109,0,NULL,'[]'),(950,16,'睡衣家服','/commodity_img/5a058ff4Nd1a28dbd.jpg',109,0,NULL,'[]'),(951,16,'浴室用品','/commodity_img/5a058f98Nd9f9d618.jpg',109,0,NULL,'[]'),(952,16,'文胸','/commodity_img/5a058fc4N15c3857f.jpg',109,0,NULL,'[]'),(953,16,'纸巾湿巾','/commodity_img/5a057f17Nc76b625d.jpg',110,0,NULL,'[]'),(954,16,'衣物清洁','/commodity_img/5a057ef3N4b20576c.jpg',110,0,NULL,'[]'),(955,16,'洗发护发','/commodity_img/5a057eeaNe24e73fb.jpg',110,0,NULL,'[]'),(956,16,'家庭清洁','/commodity_img/5a057ee0N0dc59d02.jpg',110,0,NULL,'[]'),(957,16,'口腔护理','/commodity_img/5a057efdN543407fa.jpg',110,0,NULL,'[]'),(958,16,'一次性用品','/commodity_img/5a057ed7N507ef94b.jpg',110,1,NULL,'[]'),(959,16,'清洁工具','/commodity_img/5a057eaaNf62e9b4f.jpg',110,0,NULL,'[]'),(960,16,'电动牙刷','/commodity_img/5a057eb7N89a5a55a.jpg',110,0,NULL,'[]'),(961,16,'女性护理','/commodity_img/5a057f0bNb48aef37.jpg',110,0,NULL,'[]'),(962,16,'驱虫用品','/commodity_img/5a057ecdN8f5ef29b.jpg',110,0,NULL,'[]'),(963,16,'皮具护理','/commodity_img/5a057ebfN8eee8a15.jpg',110,0,NULL,'[]'),(964,17,'香水','/commodity_img/5a28ae70N2103e1ad.jpg',111,0,NULL,'[]'),(965,17,'功能小件','/commodity_img/5a28ae4aNc332a72c.jpg',111,0,NULL,'[]'),(966,17,'挂件','/commodity_img/5a28ae7cN14672d9f.jpg',111,0,NULL,'[]'),(967,17,'车贴','/commodity_img/5a28ae6dNbf8afd0d.jpg',111,0,NULL,'[]'),(968,17,'车钥匙扣','/commodity_img/5a28ae93Nbd3a7965.jpg',111,0,NULL,'[]'),(969,17,'车衣','/commodity_img/5a28ae5aN98fe0b9b.jpg',111,0,NULL,'[]'),(970,17,'车身装饰件','/commodity_img/5a28ae20N34461e66.jpg',111,1,NULL,'[]'),(971,17,'头枕腰靠','/commodity_img/5a1fb88cN34faafa3.jpg',111,0,NULL,'[]'),(972,17,'脚垫','/commodity_img/5a1fb894Nc897f859.jpg',111,0,NULL,'[]'),(973,17,'方向盘套','/commodity_img/5a28aea0N7af6bf25.jpg',111,0,NULL,'[]'),(974,17,'座垫座套','/commodity_img/5a1fb899Nb3443228.jpg',111,0,NULL,'[]'),(975,17,'炭包/净化剂','/commodity_img/5a28ae7cN20404195.jpg',111,0,NULL,'[]'),(976,17,'手扶箱','/commodity_img/5a28ae82N504ac8dc.jpg',111,0,NULL,'[]'),(977,17,'雨眉','/commodity_img/5a28ae59N22d853cf.jpg',111,0,NULL,'[]'),(978,17,'遮阳/雪挡','/commodity_img/5a28ae6eNb762e067.jpg',111,0,NULL,'[]'),(979,17,'后备箱垫','/commodity_img/5a28ae6cN06d8cc96.jpg',111,0,NULL,'[]'),(980,17,'行李架/箱','/commodity_img/5a28ae61N7f8f6567.jpg',111,0,NULL,'[]'),(981,17,'踏板','/commodity_img/5a28ae63N6907c7e8.jpg',111,0,NULL,'[]'),(982,17,'毛巾掸子','/commodity_img/5a28aeb0Na5fe4e35.jpg',112,0,NULL,'[]'),(983,17,'车蜡','/commodity_img/5a28aec7N79fdf965.jpg',112,0,NULL,'[]'),(984,17,'补漆笔','/commodity_img/5a28aeb0N4506c877.jpg',112,1,NULL,'[]'),(985,17,'清洁剂','/commodity_img/5a28aecaN768ebd0c.jpg',112,0,NULL,'[]'),(986,17,'玻璃水','/commodity_img/5a1fb8a0N16f3c4c8.jpg',112,0,NULL,'[]'),(987,17,'洗车水枪','/commodity_img/5a1fb8a5Ndce3bc9a.jpg',112,0,NULL,'[]'),(988,17,'洗车配件','/commodity_img/5a28ae93N47c04444.jpg',112,0,NULL,'[]'),(989,17,'洗车机','/commodity_img/5a1fb8abN74454957.jpg',112,0,NULL,'[]'),(990,17,'镀晶镀膜','/commodity_img/5a28ae9eN0e0d518c.jpg',112,0,NULL,'[]'),(991,17,'底盘装甲','/commodity_img/5a28aeb5N9101722c.jpg',112,0,NULL,'[]'),(992,17,'汽车贴膜','/commodity_img/5a28aec2N38d4edad.jpg',112,0,NULL,'[]'),(993,17,'车载充电器','/commodity_img/5a1fb8d2N53bbd2ba.jpg',113,0,NULL,'[]'),(994,17,'车载影音','/commodity_img/5a28af18N58a860d2.jpg',113,0,NULL,'[]'),(995,17,'车载吸尘器','/commodity_img/5a28af63N96093470.jpg',113,0,NULL,'[]'),(996,17,'行车记录仪','/commodity_img/5a1fb8d8Nec239440.jpg',113,1,NULL,'[]'),(997,17,'倒车雷达','/commodity_img/5a28af7dN193b42d2.jpg',113,0,NULL,'[]'),(998,17,'车载电器配件','/commodity_img/5a28af37N7e845bae.jpg',113,0,NULL,'[]'),(999,17,'车载蓝牙','/commodity_img/5a28af8eN8ea0527d.jpg',113,0,NULL,'[]'),(1000,17,'逆变器','/commodity_img/5a28af4cN3c45de83.jpg',113,0,NULL,'[]'),(1001,17,'导航仪','/commodity_img/5a28af76Na536ce46.jpg',113,0,NULL,'[]'),(1002,17,'车载净化器','/commodity_img/5a28af69Ndceb2c4f.jpg',113,0,NULL,'[]'),(1003,17,'车载生活电器','/commodity_img/5a28af32N9edd6163.jpg',113,0,NULL,'[]'),(1004,17,'车机导航','/commodity_img/5a1fb8ccNc70d25f5.jpg',113,0,NULL,'[]'),(1005,17,'安全预警仪','/commodity_img/5a28af6eNeea7197b.jpg',113,0,NULL,'[]'),(1006,17,'应急电源','/commodity_img/5a28af51N289374f3.jpg',113,0,NULL,'[]'),(1007,17,'汽车音响','/commodity_img/5a28af5bN88ae73d3.jpg',113,0,NULL,'[]'),(1008,17,'车载冰箱','/commodity_img/5a28af56N0e0c1047.jpg',113,0,NULL,'[]'),(1009,17,'对讲电台','/commodity_img/5a28af83Nd51234b9.jpg',113,1,NULL,'[]'),(1010,17,'智能驾驶','/commodity_img/5a28af87Ndc6b55ae.jpg',113,0,NULL,'[]'),(1011,17,'雨刷','/commodity_img/5a28aec5Ne425914d.jpg',114,0,NULL,'[]'),(1012,17,'添加剂','/commodity_img/5a1fb8b4N19ad1bca.jpg',114,0,NULL,'[]'),(1013,17,'防冻液','/commodity_img/5a28aefbN02da5d33.jpg',114,0,NULL,'[]'),(1014,17,'滤清器','/commodity_img/5a28af03N07cb55ad.jpg',114,0,NULL,'[]'),(1015,17,'车灯','/commodity_img/5a28af10Nd511ffdd.jpg',114,0,NULL,'[]'),(1016,17,'轮胎','/commodity_img/5a1fb8baNbe801af8.jpg',114,0,NULL,'[]'),(1017,17,'蓄电池','/commodity_img/5a28aef4N004a0d07.jpg',114,0,NULL,'[]'),(1018,17,'刹车盘/片','/commodity_img/5a28aef7N05d04baf.jpg',114,0,NULL,'[]'),(1019,17,'火花塞','/commodity_img/5a28af1aN3b2757cd.jpg',114,1,NULL,'[]'),(1020,17,'轮毂','/commodity_img/5a28af0bNe7504197.jpg',114,0,NULL,'[]'),(1021,17,'维修配件','/commodity_img/5a28af05N66f07996.jpg',114,0,NULL,'[]'),(1022,17,'汽修工具','/commodity_img5a28aed6Ne7048664.jpg',114,0,NULL,'[]'),(1023,17,'改装配件','/commodity_img/5a28aed4N3c5ea973.jpg',114,0,NULL,'[]'),(1024,17,'正时皮带','/commodity_img/5a28aeefNe427e09c.jpg',114,0,NULL,'[]'),(1025,17,'汽车喇叭','/commodity_img/5a28aee2Nb121ce32.jpg',114,0,NULL,'[]'),(1026,17,'机油','/commodity_img/5a1fb8c0Nc032bfba.jpg',114,0,NULL,'[]'),(1027,17,'减震器','/commodity_img/5a28aeffNca84e133.jpg',114,0,NULL,'[]'),(1028,17,'汽车玻璃','/commodity_img/5a28aee4N6d58092c.jpg',114,0,NULL,'[]'),(1029,17,'充气泵','/commodity_img/5a1fb87eN492a80d1.jpg',115,0,NULL,'[]'),(1030,17,'胎压监测','/commodity_img/5a1fb883N2b7cae26.jpg',115,0,NULL,'[]'),(1031,17,'储物箱','/commodity_img/5a28ae2bN42b8fce6.jpg',115,0,NULL,'[]'),(1032,17,'应急救援','/commodity_img/5a28ae41Ne66a694c.jpg',115,0,NULL,'[]'),(1033,17,'自驾野营','/commodity_img/5a28ae34N27003782.jpg',115,0,NULL,'[]'),(1034,17,'车载床','/commodity_img/5a28ae45Ndf989349.jpg',115,0,NULL,'[]'),(1035,17,'防盗设备','/commodity_img/5a28ae39N7312afd9.jpg',115,1,NULL,'[]'),(1036,17,'保温箱','/commodity_img/5a28ae27Na951b751.jpg',115,0,NULL,'[]'),(1037,17,'灭火器','/commodity_img/5a1fb879N5ba11fd1.jpg',115,0,NULL,'[]'),(1038,17,'摩托车头盔','/commodity_img/5a28addeN258ae607.jpg',116,0,NULL,'[]'),(1039,17,'摩托车配件','/commodity_img/5a28adf3N21a5cbb8.jpg',116,0,NULL,'[]'),(1040,17,'摩托车','/commodity_img/5a1fb85fNcd4cd883.jpg',116,0,NULL,'[]'),(1041,17,'摩托车装备','/commodity_img/5a28adf9N02752fbc.jpg',116,0,NULL,'[]'),(1074,18,'工艺摆件','/commodity_img/5a1eaacaNa62b05d7.jpg',117,0,NULL,'[]'),(1075,18,'创意礼品','/commodity_img/5a1eaadfNc6daa4ab.jpg',117,0,NULL,'[]'),(1076,18,'婚庆节庆','/commodity_img/5a2657ceNa1d0e2d8.jpg',117,0,NULL,'[]'),(1077,18,'梳妆礼品','/commodity_img/5a1eaad4Nf71085f9.jpg',117,0,NULL,'[]'),(1078,18,'礼品定制','/commodity_img/5a2657c0Nb1c5996f.jpg',117,0,NULL,'[]'),(1079,18,'购物卡','/commodity_img/5a2657d3N8e0c8ccd.jpg',117,0,NULL,'[]'),(1080,18,'书签','/commodity_img/5a2657c4N656d5e17.jpg',117,1,NULL,'[]'),(1081,18,'佛道','/commodity_img/5a2657bfN8000909e.jpg',117,0,NULL,'[]'),(1082,18,'熏香','/commodity_img/5a2657a2N88971c70.png',117,0,NULL,'[]'),(1083,18,'龙泉宝剑','/commodity_img/5a2657b5N4faa56cf.jpg',117,0,NULL,'[]'),(1084,18,'文房','/commodity_img/5a2657c9Nee73a04e.jpg',117,0,NULL,'[]'),(1085,18,'鲜花','/commodity_img/5a1eaaccNf6e91132.jpg',118,0,NULL,'[]'),(1086,18,'干花','/commodity_img/5a2657a2Nf8d15b9a.jpg',118,0,NULL,'[]'),(1087,18,'永生花','/commodity_img/5a1eaac7N805e90b7.jpg',118,0,NULL,'[]'),(1088,18,'香皂花','/commodity_img/5a1eaab1Nb22d6f10.jpg',118,0,NULL,'[]'),(1089,18,'每周一花','/commodity_img/5a2657a1N4f5ebf8e.jpg',118,0,NULL,'[]'),(1090,18,'卡通花束','/commodity_img/5a26578aN8b3a6323.jpg',118,0,NULL,'[]'),(1091,18,'roseonly','/commodity_img/5a26579dN79fa528b.jpg',118,0,NULL,'[]'),(1092,18,'flowerplus','/commodity_img/5a265786N44eff332.jpg',118,0,NULL,'[]'),(1093,18,'野兽派','/commodity_img/5a26577bN2b1ee4ab.jpg',118,0,NULL,'[]'),(1094,18,'打火机','/commodity_img/5a1eaaafNabf69f07.jpg',119,0,NULL,'[]'),(1095,18,'烟嘴','/commodity_img/5a265779N9ec0cc6c.jpg',119,0,NULL,'[]'),(1096,18,'烟斗','/commodity_img/5a265779N2724bd2c.jpg',119,0,NULL,'[]'),(1097,18,'烟盒','/commodity_img/5a26576eN7b5ed0b4.jpg',119,0,NULL,'[]'),(1098,18,'充电打火机','/commodity_img/5a26576aN827d5c26.jpg',119,0,NULL,'[]'),(1099,18,'电子套装','/commodity_img/5a265766Nb754b69f.jpg',119,0,NULL,'[]'),(1100,18,'Zippo打火机','/commodity_img/5a265741N2d5f583a.jpg',119,0,NULL,'[]'),(1101,19,'花卉','/commodity_img/5a1bdd89Nac28d508.jpg',120,0,NULL,'[]'),(1102,19,'绿植盆栽','/commodity_img/5a1bdd83N72924bf0.jpg',120,0,NULL,'[]'),(1103,19,'苗木','/commodity_img/5a1bdd89N7c1c3cbf.jpg',120,0,NULL,'[]'),(1104,19,'多肉植物','/commodity_img/5a1bdd8dN5d74bd85.jpg',120,0,NULL,'[]'),(1105,19,'瓜果类','/commodity_img/5a1bdd6aNf4a822a5.jpg',121,0,NULL,'[]'),(1106,19,'花草林木类','/commodity_img/5a1bdd6bNdbeed42b.jpg',121,0,NULL,'[]'),(1107,19,'蔬菜/菌类','/commodity_img/5a1bdd74Nb4795bcd.jpg',121,0,NULL,'[]'),(1108,19,'大田作物类','/commodity_img/5a1bdd7fN30b55310.jpg',121,0,NULL,'[]'),(1109,19,'小型农机具','/commodity_img/5a25fddfN0f5e3d3d.png',122,0,NULL,'[]'),(1110,19,'花盆花器','/commodity_img/5a1bdd65N8173bea2.jpg',122,0,NULL,'[]'),(1111,19,'基质/营养土','/commodity_img/5a25fdf0Nd5ae2723.jpg',122,0,NULL,'[]'),(1112,19,'资材','/commodity_img/5a1bdd5eN127529bb.jpg',122,0,NULL,'[]'),(1113,19,'农机整机','/commodity_img/5a25fde5N8e6cdff8.jpg',122,0,NULL,'[]'),(1114,19,'农机配件','/commodity_img/5a25fdc5N25ce378a.png',122,0,NULL,'[]'),(1115,19,'农业机械/工具','/commodity_img/5a1bdd57Nbec35a41.jpg',122,0,NULL,'[]'),(1116,19,'农技服务','/commodity_img/5a25fde4N748b408a.jpg',122,0,NULL,'[]'),(1117,19,'杀虫剂','/commodity_img/5a1bda91N3a3bc22f.jpg',123,0,NULL,'[]'),(1118,19,'除草剂','/commodity_img/5a1bdaa4Ne9798301.jpg',123,0,NULL,'[]'),(1119,19,'杀菌剂','/commodity_img/5a1bda96N07ab3d66.jpg',123,0,NULL,'[]'),(1120,19,'杀螨剂','/commodity_img/5a25fda7N34365f22.jpg',123,0,NULL,'[]'),(1121,19,'植物生长调节剂','/commodity_img/5a25fd99N4c46d9dc.jpg',123,0,NULL,'[]'),(1122,19,'助剂','/commodity_img/5a25fd89N32e21983.png',123,0,NULL,'[]'),(1123,19,'水溶/叶面肥','/commodity_img/5a1bda73N709cb8d9.jpg',124,0,NULL,'[]'),(1124,19,'氮/磷/钾肥','/commodity_img/5a1bda8aN15a42769.jpg',124,0,NULL,'[]'),(1125,19,'生物菌肥','/commodity_img/5a1bda79N5dbde9c2.jpg',124,0,NULL,'[]'),(1126,19,'复合肥','/commodity_img/5a1bda84Nf8661d9e.jpg',124,0,NULL,'[]'),(1127,19,'有机肥','/commodity_img/5a1bda7fNb92dd3bf.jpg',124,0,NULL,'[]'),(1128,19,'预混料','/commodity_img/5a1bda5eN8feedeb3.jpg',125,0,NULL,'[]'),(1129,19,'全价料','/commodity_img/5a1bda67Nd9591cea.jpg',125,0,NULL,'[]'),(1130,19,'浓缩料','/commodity_img/5a1bda63N1b454bab.jpg',125,0,NULL,'[]'),(1131,19,'饲料添加剂','/commodity_img/5a1bda59N65c887af.jpg',125,0,NULL,'[]'),(1132,19,'中兽药','/commodity_img/5a1bda53N13512b8d.jpg',126,0,NULL,'[]'),(1133,19,'西兽药','/commodity_img/5a1bda4eNd0c5960d.jpg',126,0,NULL,'[]'),(1134,19,'生产/运输器具','/commodity_img/5a1bda41N71dc7ce7.jpg',127,0,NULL,'[]'),(1135,19,'兽医器具','/commodity_img/5a1bda45N64db3642.jpg',127,0,NULL,'[]'),(1136,20,'单肩包','/commodity_img/5a152ee0N04e9ca84.jpg',128,0,NULL,'[]'),(1137,20,'手提包','/commodity_img/5a152ed5Ne0df48d5.jpg',128,0,NULL,'[]'),(1138,20,'斜挎包','/commodity_img/5a152edbN5d852327.jpg',128,0,NULL,'[]'),(1139,20,'真皮包','/commodity_img/5a152eceN33812ba3.jpg',128,0,NULL,'[]'),(1140,20,'双肩包','/commodity_img/5a152eeeN0b8a7941.jpg',128,0,NULL,'[]'),(1141,20,'链条包','/commodity_img/5a152ec1N49977ca2.jpg',128,0,NULL,'[]'),(1142,20,'钱包','/commodity_img/5a152ee9Nc9f07b67.jpg',128,0,NULL,'[]'),(1143,20,'卡包/零钱包','/commodity_img/5a152eb8Nc9004176.jpg',128,0,NULL,'[]'),(1144,20,'手拿包','/commodity_img/5a152e7fN9cf9224d.jpg',128,0,NULL,'[]'),(1145,20,'帆布包','/commodity_img/5a152e9aN48ec79ee.jpg',128,0,NULL,'[]'),(1146,20,'小方包','/commodity_img/5a152eaeNc6ae8bb4.jpg',128,0,NULL,'[]'),(1147,20,'小猪包','/commodity_img/5a152ea6N1e7e80b6.jpg',128,0,NULL,'[]'),(1148,20,'水桶包','/commodity_img/5a152ea1N768f575b.jpg',128,0,NULL,'[]'),(1149,20,'迷你包','/commodity_img/5a152e82N43d8c693.jpg',128,0,NULL,'[]'),(1150,20,'子母包','/commodity_img/5a152e8bN9515d81b.jpg',128,0,NULL,'[]'),(1151,20,'贝壳包','/commodity_img/5a152e85N0e24b5ae.jpg',128,0,NULL,'[]'),(1152,20,'菱格包','/commodity_img/5a152e79N8f32908f.jpg',128,0,NULL,'[]'),(1153,20,'钥匙包','/commodity_img/23e197b427840057.jpg',128,0,NULL,'[]'),(1154,20,'男士钱包','/commodity_img/5a152ca8Nd777a9c5.jpg',129,0,NULL,'[]'),(1155,20,'男士手包','/commodity_img/5a152c8cNfbf3e3fb.jpg',129,0,NULL,'[]'),(1156,20,'单肩斜挎包','/commodity_img/5a152c98N024d4348.jpg',129,0,NULL,'[]'),(1157,20,'双肩包','/commodity_img/5a152c8eN036dbb71.jpg',129,0,NULL,'[]'),(1158,20,'公文包','/commodity_img/5a152c8dN315a33bb.jpg',129,0,NULL,'[]'),(1159,20,'男士腰带','/commodity_img/5a152c66Nff4d80ef.jpg',129,0,NULL,'[]'),(1160,20,'帆布腰带','/commodity_img/5a152c5dNde8d86f8.jpg',129,0,NULL,'[]'),(1161,20,'皮具礼盒','/commodity_img/5a152c7aN000ccdb0.jpg',129,0,NULL,'[]'),(1162,20,'信封包','/commodity_img/5a152c6cNbac08d41.jpg',129,0,NULL,'[]'),(1163,20,'邮差包','/commodity_img/5a152c57N2783116a.jpg',129,0,NULL,'[]'),(1164,20,'帆布包','/commodity_img/5a152c46N5d1e19b2.jpg',129,0,NULL,'[]'),(1165,20,'休闲包','/commodity_img/5a152c5bN2088dbef.jpg',129,0,NULL,'[]'),(1166,20,'手提包','/commodity_img/5a152c55N70e1009f.jpg',129,0,NULL,'[]'),(1167,20,'男士胸包','/commodity_img/5a152c4fN9dcb770f.jpg',129,0,NULL,'[]'),(1168,20,'男士腰包','/commodity_img/5a152c3eN1db85b01.jpg',129,0,NULL,'[]'),(1169,20,'证件包','/commodity_img/5a152c3eNad3e4e56.jpg',129,0,NULL,'[]'),(1170,20,'卡包名片夹','/commodity_img/5a152c35N9365415c.jpg',129,0,NULL,'[]'),(1171,20,'钥匙包','/commodity_img/5a152c30Nfcbef336.jpg',129,0,NULL,'[]'),(1172,20,'手机包','/commodity_img/5a152c2bNe985d9fa.jpg',129,0,NULL,'[]'),(1173,20,'男包配件','/commodity_img/5a152c0cN02c7e4f8.jpg',129,0,NULL,'[]'),(1174,20,'皮具护理','/commodity_img/5a152c0bN18e16398.jpg',129,0,NULL,'[]'),(1175,20,'万向轮拉杆箱','/commodity_img/5a1528e4Ne369c7cd.jpg',130,0,NULL,'[]'),(1176,20,'登山包','/commodity_img/5a152898N8c23ae54.jpg',130,0,NULL,'[]'),(1177,20,'旅行包','/commodity_img/5a1528a9Nbc35f30b.jpg',130,0,NULL,'[]'),(1178,20,'登机箱','/commodity_img/5a1528f0Nfd1f25a9.jpg',130,0,NULL,'[]'),(1179,20,'铝框拉杆箱','/commodity_img/5a1528ecNc6c44ce0.jpg',130,0,NULL,'[]'),(1180,20,'布箱','/commodity_img/5a1528ddN7d3c53c2.jpg',130,0,NULL,'[]'),(1181,20,'儿童拉杆箱','/commodity_img/5a1528d8Ncc7871ec.jpg',130,0,NULL,'[]'),(1182,20,'女士拉杆箱','/commodity_img/5a1528d3Ne1125c40.jpg',130,0,NULL,'[]'),(1183,20,'拉杆包','/commodity_img/5a1528cdNe4e12c90.jpg',130,0,NULL,'[]'),(1184,20,'双肩包','/commodity_img/5a1528c4Na6874866.jpg',130,0,NULL,'[]'),(1185,20,'双肩电脑包','/commodity_img/5a1528bfNc9c2499f.jpg',130,0,NULL,'[]'),(1186,20,'手提电脑包','/commodity_img/5a1528b7Nfe2088e5.jpg',130,0,NULL,'[]'),(1187,20,'女士电脑包','/commodity_img/5a1528b0N4175b73e.jpg',130,0,NULL,'[]'),(1188,20,'学生书包','/commodity_img/5a1528a3Ne8548be6.jpg',130,0,NULL,'[]'),(1189,20,'幼儿书包','/commodity_img/5a15289cNb9cc3231.jpg',130,0,NULL,'[]'),(1190,20,'旅行用品','/commodity_img/5a15287dNff00497d.jpg',130,0,NULL,'[]'),(1191,20,'洗漱包','/commodity_img/5a15275fNbd3513b1.jpg',130,0,NULL,'[]'),(1192,20,'箱套','/commodity_img/5a152765N186ac8c3.jpg',130,0,NULL,'[]'),(1193,21,'狼牙套','/commodity_img/5a27dd0fNe2bc9933.jpg',131,0,NULL,'[]'),(1194,21,'延时环','/commodity_img/5a27dd15N3c319e6e.jpg',131,0,NULL,'[]'),(1195,21,'名器','/commodity_img/5a1fa4a4Nbe0dd20a.jpg',131,0,NULL,'[]'),(1196,21,'实体娃娃','/commodity_img/5a27dd19Na55905bf.jpg',131,0,NULL,'[]'),(1197,21,'飞机杯','/commodity_img/5a1fa4aaN5c41ddec.jpg',131,0,NULL,'[]'),(1198,21,'倒模','/commodity_img/5a1fa480Nb25ec042.jpg',131,0,NULL,'[]'),(1199,21,'后庭','/commodity_img/5a27dd09N6e341de3.jpg',131,0,NULL,'[]'),(1200,21,'情趣游戏','/commodity_img/5a27dcf3Nc3c95962.jpg',131,0,NULL,'[]'),(1201,21,'充气娃娃','/commodity_img/5a27dd0eN06ceb604.jpg',131,0,NULL,'[]'),(1202,21,'女用仿真','/commodity_img/5a27dce0N331f1af8.jpg',132,0,NULL,'[]'),(1203,21,'跳蛋','/commodity_img/5a27dcfcN951395bc.jpg',132,0,NULL,'[]'),(1204,21,'振动棒','/commodity_img/5a1fa47bN410ff8f0.jpg',132,0,NULL,'[]'),(1205,21,'AV棒','/commodity_img/5a1fa475Nff6e6f2b.jpg',132,0,NULL,'[]'),(1206,21,'转珠棒','/commodity_img/5a1fa46eNad190bd4.jpg',132,0,NULL,'[]'),(1207,21,'缩阴球','/commodity_img/5a27dcf6Neba3a5aa.jpg',132,0,NULL,'[]'),(1208,21,'持久','/commodity_img/5a1fa4c8N0f80c1fb.jpg',133,0,NULL,'[]'),(1209,21,'螺纹','/commodity_img/5a27dd32N1d77da60.jpg',133,0,NULL,'[]'),(1210,21,'小号','/commodity_img/5a1fa4c5N7359bdad.jpg',133,0,NULL,'[]'),(1211,21,'大颗粒','/commodity_img/5a27dd29N905e2a40.jpg',133,0,NULL,'[]'),(1212,21,'超薄','/commodity_img/5a1fa4cfNdd959c7e.jpg',133,0,NULL,'[]'),(1213,21,'果味','/commodity_img/5a27dd2aN8e3e10aa.jpg',133,0,NULL,'[]'),(1214,21,'丁字裤','/commodity_img/5a27dce5Nea24d0cc.jpg',134,0,NULL,'[]'),(1215,21,'丝袜','/commodity_img/5a27dce0N44b9f566.jpg',134,0,NULL,'[]'),(1216,21,'吊带','/commodity_img/5a1fa454Nb358db45.jpg',134,0,NULL,'[]'),(1217,21,'套装','/commodity_img/5a1fa458N3ffeb9c4.jpg',134,0,NULL,'[]'),(1218,21,'连体衣','/commodity_img/5a1fa44fN91da46b1.jpg',134,0,NULL,'[]'),(1219,21,'角色扮演','/commodity_img/5a27dccaNc1e88220.jpg',134,0,NULL,'[]'),(1220,21,'热感','/commodity_img/5a1fa467N94ec8de7.jpg',135,0,NULL,'[]'),(1221,21,'冰感','/commodity_img/5a1fa465Ne77f16a8.jpg',135,0,NULL,'[]'),(1222,21,'水溶','/commodity_img/5a1fa45eN211bc3c5.jpg',135,0,NULL,'[]'),(1223,22,'女士香水','/commodity_img/5afd3c4bNc8d91bef.jpg',136,0,NULL,'[]'),(1224,22,'男士香水','/commodity_img/5afd3c46N0888d2dc.jpg',136,0,NULL,'[]'),(1225,22,'香水礼盒','/commodity_img/5afd3c42Ne4e18819.jpg',136,0,NULL,'[]'),(1226,22,'口红','/commodity_img/5afd3c33N4a033cfa.jpg',137,0,NULL,'[]'),(1227,22,'气垫','/commodity_img/5afd3c2eNa0edf02a.jpg',137,0,NULL,'[]'),(1228,22,'美甲','/commodity_img/5afd3c2aN62a8f842.jpg',137,0,NULL,'[]'),(1229,22,'隔离霜/妆前乳','/commodity_img/5afd3c24N07e86c2e.jpg',137,0,NULL,'[]'),(1230,22,'粉底液/膏','/commodity_img/5afd3c1eN4eb4f341.jpg',137,0,NULL,'[]'),(1231,22,'粉饼','/commodity_img/5afd3c19N9a112423.jpg',137,0,NULL,'[]'),(1232,22,'BB霜','/commodity_img/5afd3c14N3a511758.jpg',137,0,NULL,'[]'),(1233,22,'CC霜','/commodity_img/5afd3c0fNf14f2ed1.jpg',137,0,NULL,'[]'),(1234,22,'蜜粉/散粉','/commodity_img/5afd3c0aNed60a1bd.jpg',137,0,NULL,'[]'),(1235,22,'眉笔/眉粉','/commodity_img/5afd3c05N82329c49.jpg',137,0,NULL,'[]'),(1236,22,'腮红/胭脂','/commodity_img/5afd3c00N411493d5.jpg',137,0,NULL,'[]'),(1237,22,'遮瑕','/commodity_img/5afd3bf0Ncb393625.jpg',137,0,NULL,'[]'),(1238,22,'修容/高光/阴影','/commodity_img/5afd3becN4cc965ae.jpg',137,0,NULL,'[]'),(1239,22,'唇彩/唇蜜/唇釉','/commodity_img/5afd3be2Nba54d202.jpg',137,0,NULL,'[]'),(1240,22,'唇笔/唇笔线','/commodity_img/5afd3bdbNb2cd54b7.jpg',137,0,NULL,'[]'),(1241,22,'彩妆套装','/commodity_img/5afd3bd6N0a805fe2.jpg',137,0,NULL,'[]'),(1242,22,'男士彩妆','/commodity_img/5afd3bd1Ndbbacc22.jpg',137,0,NULL,'[]'),(1243,22,'双眼皮贴','/commodity_img/5afd3bc6N2c61707c.jpg',138,0,NULL,'[]'),(1244,22,'化妆棉','/commodity_img/5afd3bc2N2c9377b7.jpg',138,0,NULL,'[]'),(1245,22,'化妆刷','/commodity_img/5afd3bbdN0b87943b.jpg',138,0,NULL,'[]'),(1246,22,'粉扑/洗脸扑','/commodity_img/5afd3bb8N9e1eed58.jpg',138,0,NULL,'[]'),(1247,22,'假睫毛','/commodity_img/5afd3bb3N6955aa67.jpg',138,0,NULL,'[]'),(1248,22,'睫毛夹','/commodity_img/5afd3badN235377a2.jpg',138,0,NULL,'[]'),(1249,22,'修眉刀','/commodity_img/5afd3ba8N9c3a0301.jpg',138,0,NULL,'[]'),(1250,22,'美妆工具套装','/commodity_img/5afd3ba2N3d1558c2.jpg',138,0,NULL,'[]'),(1251,22,'美甲工具','/commodity_img/5afd3b9dNbc82998f.jpg',138,0,NULL,'[]'),(1252,22,'吸油纸','/commodity_img/5afd3b94Nc639af2a.jpg',138,0,NULL,'[]'),(1253,23,'瑞士名表','/commodity_img/5a094e2dN9936f2e5.jpg',139,0,NULL,'[]'),(1254,23,'箱包','/commodity_img/5a094decNb060e6d1.jpg',139,0,NULL,'[]'),(1255,23,'钱包','/commodity_img/5a094df0Nac935f80.png',139,0,NULL,'[]'),(1256,23,'服饰','/commodity_img/5a094dfbNb4a63326.jpg',139,0,NULL,'[]'),(1257,23,'腰带','/commodity_img/5a094dfbN0b6a2d79.jpg',139,0,NULL,'[]'),(1258,23,'太阳镜/镜框','/commodity_img/5a094e11N1baf8633.jpg',139,0,NULL,'[]'),(1259,23,'配件','/commodity_img/5a094e17Nf1c9e58a.jpg',139,0,NULL,'[]'),(1260,23,'鞋靴','/commodity_img/5a094e16Ncb6a45ac.jpg',139,0,NULL,'[]'),(1261,23,'饰品','/commodity_img/5a094e21Ncb444a9a.jpg',139,0,NULL,'[]'),(1262,23,'光学眼镜','/commodity_img/5a094e27N98943419.png',139,0,NULL,'[]'),(1263,23,'钻石','/commodity_img/5a094e0dNdb112c25.jpg',139,0,NULL,'[]'),(1264,23,'奢华文具','/commodity_img/5a094e26N35d43546.jpg',139,0,NULL,'[]'),(1265,24,'油画','/commodity_img/5aa65089N0a8e1b95.jpg',140,0,NULL,'[]'),(1266,24,'版画','/commodity_img/5aa65084N7ebb4655.jpg',140,0,NULL,'[]'),(1267,24,'水墨画','/commodity_img/5aa65080N2b9d3045.jpg',140,0,NULL,'[]'),(1268,24,'雕塑','/commodity_img/5aa65079N299c723b.jpg',140,0,NULL,'[]'),(1269,24,'艺术画册','/commodity_img/5aa65075Ne65c439e.jpg',140,0,NULL,'[]'),(1270,24,'艺术衍生品','/commodity_img/5aa65070Ne610042b.jpg',140,0,NULL,'[]'),(1271,24,'纪念币','/commodity_img/5a1fd74bN97f50f10.jpg',141,0,NULL,'[]'),(1272,24,'金银币','/commodity_img/5a254430N1ac36391.jpg',141,0,NULL,'[]'),(1273,24,'纸币','/commodity_img/5a1fd752N23206ebf.jpg',141,0,NULL,'[]'),(1274,24,'连体钞','/commodity_img/5a1fd744N1aac7f51.jpg',141,0,NULL,'[]'),(1275,24,'纪念钞','/commodity_img/5a254435N4e669411.jpg',141,0,NULL,'[]'),(1276,24,'国库券','/commodity_img/5a25442cN5d6ae007.jpg',141,0,NULL,'[]'),(1277,24,'外汇券','/commodity_img/5a254428Nc3b00c5a.jpg',141,0,NULL,'[]'),(1278,24,'大本册','/commodity_img/5a2543f2N527aba32.jpg',142,0,NULL,'[]'),(1279,24,'套票','/commodity_img/5a1bc226N4c61bdd3.jpg',142,0,NULL,'[]'),(1280,24,'大版','/commodity_img/5a1bc21fN427c854a.jpg',142,0,NULL,'[]'),(1281,24,'小版','/commodity_img/5a1bc1fdN7f692eb0.jpg',142,0,NULL,'[]'),(1282,24,'小型张小全张','/commodity_img/5a254401N7a4b4066.jpg',142,0,NULL,'[]'),(1283,24,'小本票','/commodity_img/5a2543fcN81f3b4e5.jpg',142,0,NULL,'[]'),(1284,24,'年册','/commodity_img/5a2543f8N34d3080f.jpg',142,0,NULL,'[]'),(1285,24,'普票','/commodity_img/5a2543eeNe71b4e96.jpg',142,0,NULL,'[]'),(1286,24,'个性化原票','/commodity_img/5a2543e8N7dec95ba.jpg',142,0,NULL,'[]'),(1287,24,'贺年票','/commodity_img/5a2543e3N372871cf.jpg',142,0,NULL,'[]'),(1288,24,'区民清改加欠','/commodity_img/5a2543deN040f26d6.jpg',142,0,NULL,'[]'),(1289,24,'港澳票','/commodity_img/5a2543d8Nea40c173.jpg',142,0,NULL,'[]'),(1290,24,'礼品卡','/commodity_img/5a1bc1f2Ndc4f4706.jpg',143,0,NULL,'[]'),(1291,24,'田村卡','/commodity_img/5a1bc1eeN6d0be082.jpg',143,0,NULL,'[]'),(1292,24,'邮资封JF','/commodity_img/5a1bc1e6Nc002a596.jpg',144,0,NULL,'[]'),(1293,24,'邮资片JP','/commodity_img/5a1bc1f0N555c644d.jpg',144,0,NULL,'[]'),(1294,24,'首日封','/commodity_img/5a1bc1d8N5a687a29.jpg',144,0,NULL,'[]'),(1295,24,'外交封','/commodity_img/5a1bc1e1Nc2c54978.jpg',144,0,NULL,'[]'),(1296,24,'极限片','/commodity_img/5a1bc1f1N62329b15.jpg',144,0,NULL,'[]'),(1297,25,'手动工具','/commodity_img/d2223703de1f0d6f.jpg',145,0,NULL,'[]'),(1298,25,'电动工具','/commodity_img/e02c69543615fbc9.jpg',145,0,NULL,'[]'),(1299,25,'测量工具','/commodity_img/a2d39fd38fa97f2d.jpg',145,0,NULL,'[]'),(1300,25,'工具套装','/commodity_img/b9e8bbb77ae00a1e.jpg',145,0,NULL,'[]'),(1301,25,'气动液压工具','/commodity_img/0727b4cbfbb13e9f.jpg',145,0,NULL,'[]'),(1302,25,'电工仪表','/commodity_img/4247653bd3a2c89c.jpg',145,0,NULL,'[]'),(1303,25,'分仪监测','/commodity_img/89058c4eb30b1542.jpg',145,0,NULL,'[]'),(1304,25,'头部防护','/commodity_img/3f0bf80089f2d7e2.jpg',146,0,NULL,'[]'),(1305,25,'眼脸防护','/commodity_img/1e6d4e0411082bcf.jpg',146,0,NULL,'[]'),(1306,25,'听力保护','/commodity_img/42eac10846a39c14.jpg',146,0,NULL,'[]'),(1307,25,'手部防护','/commodity_img/e61257ff8b992fe0.jpg',146,0,NULL,'[]'),(1308,25,'身体防护','/commodity_img/3e765e4ca8e8400e.jpg',146,0,NULL,'[]'),(1309,25,'足部防护','/commodity_img/2e6a34a4cf9e5168.jpg',146,0,NULL,'[]'),(1310,25,'坠落防护','/commodity_img/1cc627dd93fa3f51.jpg',146,0,NULL,'[]'),(1311,25,'个人卫生','/commodity_img/08bc85d747fb3531.jpg',146,0,NULL,'[]'),(1312,25,'静电无尘','/commodity_img/f9420d9d4e912e40.jpg',146,0,NULL,'[]'),(1313,25,'断路器','/commodity_img/2d5704d960e66858.jpg',147,0,NULL,'[]'),(1314,25,'保护器','/commodity_img/a017680e688bd5c2.jpg',147,0,NULL,'[]'),(1315,25,'变压器','/commodity_img/4c6833b56851396b.jpg',147,0,NULL,'[]'),(1316,25,'电容器','/commodity_img/29eada0a9659f5ad.jpg',147,0,NULL,'[]'),(1317,25,'控制器','/commodity_img/dfeeed420866f95a.jpg',147,0,NULL,'[]'),(1318,25,'供电保护系统装置','/commodity_img/0b88407d01b7b94b.jpg',147,0,NULL,'[]'),(1319,25,'清洁设备','/commodity_img/70aa55f34e36e45c.jpg',148,0,NULL,'[]'),(1320,25,'工业擦拭','/commodity_img/4b1478c4e6b86601.jpg',148,0,NULL,'[]'),(1321,25,'清洁化学品','/commodity_img/70ef7ed3d2bd8b83.jpg',148,0,NULL,'[]'),(1322,25,'清洁工具','/commodity_img/83deb5f923e75103.jpg',148,0,NULL,'[]'),(1323,25,'洗手间用品','/commodity_img/6bd324a18d2b1a85.jpg',148,0,NULL,'[]'),(1324,25,'地垫及矿棉板','/commodity_img/d44bb3ee05b5bc10.jpg',148,0,NULL,'[]'),(1325,25,'吸附用品','/commodity_img/69c763e0163f20e9.jpg',148,0,NULL,'[]'),(1326,25,'垃圾处理设施','/commodity_img/4f847d82f461df19.jpg',148,0,NULL,'[]'),(1327,25,'化学品处理/存储','/commodity_img/ab8162e0092a26e0.jpg',149,0,NULL,'[]'),(1328,25,'消防器材','/commodity_img/52ec729e67a76101.jpg',149,0,NULL,'[]'),(1329,25,'安全器具','/commodity_img/8161e8216de4d35a.jpg',149,0,NULL,'[]'),(1330,25,'应急处理','/commodity_img/44d86a43e143b33d.jpg',149,0,NULL,'[]'),(1331,25,'监控设备','/commodity_img/a9fa130fed74c487.jpg',149,0,NULL,'[]'),(1332,25,'安全警示标识','/commodity_img/f1366129e7cae177.jpg',149,0,NULL,'[]'),(1333,25,'胶粘剂','/commodity_img/e9788774315bbb54.jpg',150,0,NULL,'[]'),(1334,25,'润滑剂','/commodity_img/a5175483759eed60.jpg',150,0,NULL,'[]'),(1335,25,'防锈剂','/commodity_img/013f4bc1a5badc36.jpg',150,0,NULL,'[]'),(1336,25,'脱模剂','/commodity_img/8516235362108cd1.jpg',150,0,NULL,'[]'),(1337,25,'油漆涂料','/commodity_img/73ef28deb483343c.jpg',150,0,NULL,'[]'),(1338,25,'化学试剂','/commodity_img/da3bcae3051c1c3f.jpg',150,0,NULL,'[]'),(1339,25,'金属加工液','/commodity_img/05a781465a83e609.jpg',150,0,NULL,'[]'),(1340,25,'清洗剂','/commodity_img/9efee9e631538594.jpg',150,0,NULL,'[]'),(1341,25,'工业检测试剂','/commodity_img/d4861136e8ad75ff.jpg',150,0,NULL,'[]'),(1342,25,'照明','/commodity_img/2f1529ddc66d1af0.jpg',151,0,NULL,'[]'),(1343,25,'流体相关','/commodity_img/0482fea9e945800e.jpg',151,0,NULL,'[]'),(1344,25,'暖通','/commodity_img/833048c38ff64444.jpg',151,0,NULL,'[]'),(1345,25,'刃具','/commodity_img/bef8e4a183390dbe.jpg',152,0,NULL,'[]'),(1346,25,'磨具磨料','/commodity_img/f5cee58111551bfd.jpg',152,0,NULL,'[]'),(1347,25,'机床','/commodity_img/287b153dfb925fb2.jpg',152,0,NULL,'[]'),(1348,25,'钻/铣床','/commodity_img/9438fe88ffb25fb2.jpg',152,0,NULL,'[]'),(1349,25,'小型机械','/commodity_img/2996bd18564d8e9c.jpg',152,0,NULL,'[]'),(1350,25,'金属加工配件','/commodity_img/5e9c98db96a3e900.jpg',152,0,NULL,'[]'),(1351,25,'密封件','/commodity_img/5c9767f8802a1ff2.jpg',153,0,NULL,'[]'),(1352,25,'紧固件','/commodity_img/4258a68f112a9db8.jpg',153,0,NULL,'[]'),(1353,25,'小五金及其他','/commodity_img/1dc2205fd67bd5b0.jpg',153,0,NULL,'[]'),(1354,25,'动气元件','/commodity_img/46cdc67ae8440387.jpg',154,0,NULL,'[]'),(1355,25,'液压元件','/commodity_img/40ed4515ea15341b.jpg',154,0,NULL,'[]'),(1356,25,'实验室试剂','/commodity_img/0fb8d4a4af1ee5ad.jpg',155,0,NULL,'[]'),(1357,25,'实验室耗材','/commodity_img/d4a4705879106e2f.jpg',155,0,NULL,'[]'),(1358,25,'实验室设备','/commodity_img/66f8f3bd214124c7.jpg',155,0,NULL,'[]'),(1359,25,'轴承及其工具','/commodity_img/d15855904bf79401.jpg',156,0,NULL,'[]'),(1360,25,'皮带','/commodity_img/8b433c8f1b230d26.jpg',156,0,NULL,'[]'),(1361,25,'滑轨及其附件','/commodity_img/318efa26448bf830.jpg',156,0,NULL,'[]'),(1362,25,'包装工具','/commodity_img/e021cb568d6dc65d.jpg',157,0,NULL,'[]'),(1363,25,'包装耗材','/commodity_img/b6726d13a71bafb1.jpg',157,0,NULL,'[]'),(1364,25,'标签打印耗材','/commodity_img/b131af03ab2b84c0.jpg',157,0,NULL,'[]'),(1365,25,'搬运设备','/commodity_img/c658cedd4317f57d.jpg',158,0,NULL,'[]'),(1366,25,'存储设备','/commodity_img/398265b3f8c1bd8a.jpg',158,0,NULL,'[]'),(1367,25,'焊接设备','/commodity_img/19f8064de68dc4ea.jpg',159,0,NULL,'[]'),(1368,25,'焊接耗材','/commodity_img/9aef719978946303.jpg',159,0,NULL,'[]');

/*Table structure for table `category_son_son` */

DROP TABLE IF EXISTS `category_son_son`;

CREATE TABLE `category_son_son` (
  `category_son_son_id` int NOT NULL AUTO_INCREMENT COMMENT '频道子类分类表ID',
  `category_parent_id` int DEFAULT NULL COMMENT '频道父类ID',
  `category_son_son_title` varchar(100) COLLATE utf8mb4_general_ci DEFAULT NULL COMMENT '名称',
  `category_son_son_img` varchar(500) COLLATE utf8mb4_general_ci DEFAULT NULL COMMENT '频道子类IMG',
  PRIMARY KEY (`category_son_son_id`)
) ENGINE=InnoDB AUTO_INCREMENT=160 DEFAULT CHARSET=utf8mb4 COLLATE=utf8mb4_general_ci;

/*Data for the table `category_son_son` */

insert  into `category_son_son`(`category_son_son_id`,`category_parent_id`,`category_son_son_title`,`category_son_son_img`) values (2,1,'男士内搭',NULL),(3,1,'男士外套',NULL),(4,1,'男士裤装',NULL),(5,1,'牛仔裤',NULL),(6,1,'特色男装',NULL),(7,3,'流行男鞋',NULL),(8,10,'上装',NULL),(9,10,'下装',NULL),(10,10,'裙装',NULL),(11,10,'特色类目',NULL),(12,26,'时尚女鞋',NULL),(13,2,'健身训练',NULL),(14,2,'运动服饰',NULL),(15,2,'户外装备',NULL),(16,2,'垂钓用品','/category_parent/d4ad7b026d7daff5.jpg'),(17,2,'运动鞋包',NULL),(18,2,'户外鞋服',NULL),(19,2,'骑行运动',NULL),(20,2,'体育用品',NULL),(21,2,'游泳用品',NULL),(22,4,'手机通讯',NULL),(23,4,'手机配件',NULL),(24,4,'摄影摄像',NULL),(25,4,'影音娱乐',NULL),(26,4,'数码配件',NULL),(27,4,'智能设备',NULL),(28,4,'电子教育',NULL),(29,5,'中外名酒',NULL),(30,5,'水',NULL),(31,5,'饮料',NULL),(32,5,'冲调谷物',NULL),(33,5,'茗茶',NULL),(34,6,'休闲零食',NULL),(35,6,'粮油调味',NULL),(36,6,'生鲜',NULL),(37,6,'营养保健',NULL),(38,6,'进口食品',NULL),(39,8,'厨房卫浴',NULL),(40,8,'灯饰照明',NULL),(41,8,'客厅家具',NULL),(42,8,'卧室家具',NULL),(43,8,'书房家具',NULL),(44,8,'五金工具',NULL),(45,8,'储物家具',NULL),(46,8,'地面材料',NULL),(47,8,'装饰材料',NULL),(48,8,'儿童家具',NULL),(49,8,'办公家具',NULL),(50,8,'电工电料',NULL),(51,8,'餐厅家具',NULL),(52,8,'阳台户外',NULL),(53,9,'家纺',NULL),(54,9,'家装软饰',NULL),(55,9,'烹饪锅具',NULL),(56,9,'厨房配件',NULL),(57,9,'茶具咖啡具',NULL),(58,9,'生活日用',NULL),(59,9,'水具酒具',NULL),(60,9,'餐具',NULL),(61,11,'电脑整机',NULL),(62,11,'外设产品',NULL),(63,11,'电脑配件',NULL),(64,11,'网络产品',NULL),(65,11,'办公设备',NULL),(66,11,'文具耗材',NULL),(67,11,'游戏设备',NULL),(68,12,'中西药品',NULL),(69,12,'保健器械',NULL),(70,12,'营养健康',NULL),(71,12,'传统滋补',NULL),(72,12,'营养成分',NULL),(73,12,'护理护具',NULL),(74,12,'隐形眼镜',NULL),(75,13,'厨房小电',NULL),(76,13,'个护健康',NULL),(77,13,'冰箱',NULL),(78,13,'洗衣机',NULL),(79,13,'厨卫大电',NULL),(80,13,'电视',NULL),(81,13,'生活电器',NULL),(82,13,'空调',NULL),(83,13,'家庭影音',NULL),(84,14,'钟表',NULL),(85,14,'时尚饰品',NULL),(86,14,'黄金',NULL),(87,14,'银饰',NULL),(88,14,'翡翠玉石',NULL),(89,14,'木手串把件',NULL),(90,14,'水晶玛瑙',NULL),(91,14,'钻石',NULL),(92,14,'铂金',NULL),(93,14,'K金饰品',NULL),(94,14,'彩宝',NULL),(95,14,'金银投资',NULL),(96,14,'珍珠',NULL),(97,15,'适用年龄',NULL),(98,15,'遥控电动',NULL),(99,15,'积木拼插',NULL),(100,15,'健身玩具',NULL),(101,15,'乐器',NULL),(102,15,'益智玩具',NULL),(103,15,'娃娃玩具',NULL),(104,15,'毛绒布艺',NULL),(105,15,'模型玩具',NULL),(106,15,'创意减压',NULL),(107,15,'动漫玩具',NULL),(108,15,'绘画DIY',NULL),(109,16,'家居用品',NULL),(110,16,'个护清洁',NULL),(111,17,'汽车装饰',NULL),(112,17,'美容清洗',NULL),(113,17,'车载电器',NULL),(114,17,'维护保养',NULL),(115,17,'安全自驾',NULL),(116,17,'摩托车',NULL),(117,18,'礼品',NULL),(118,18,'鲜花',NULL),(119,18,'火机烟具',NULL),(120,19,'花卉绿植',NULL),(121,19,'种子',NULL),(122,19,'园林农耕',NULL),(123,19,'农药',NULL),(124,19,'肥料',NULL),(125,19,'饲料',NULL),(126,19,'兽药',NULL),(127,19,'兽用器具',NULL),(128,20,'潮流女包',NULL),(129,20,'精品男包',NULL),(130,20,'功能箱包',NULL),(131,21,'男用器具',NULL),(132,21,'女用器具',NULL),(133,21,'安全避孕',NULL),(134,21,'情趣内衣',NULL),(135,21,'人体润滑',NULL),(136,22,'香水',NULL),(137,22,'彩妆',NULL),(138,22,'美妆工具',NULL),(139,23,'奢侈品分类',NULL),(140,24,'艺术品',NULL),(141,24,'钱币',NULL),(142,24,'邮票',NULL),(143,24,'特色分类',NULL),(144,24,'邮资封片',NULL),(145,25,'工具仪表',NULL),(146,25,'安全防护',NULL),(147,25,'中低压配电',NULL),(148,25,'清洁用品',NULL),(149,25,'安防用品',NULL),(150,25,'化学品',NULL),(151,25,'公共设施',NULL),(152,25,'金属加工',NULL),(153,25,'紧固密封件',NULL),(154,25,'气动液压',NULL),(155,25,'实验用品',NULL),(156,25,'动力传动',NULL),(157,25,'标签包装',NULL),(158,25,'搬运存储',NULL),(159,25,'焊接用品',NULL);

/*Table structure for table `commodity_collect` */

DROP TABLE IF EXISTS `commodity_collect`;

CREATE TABLE `commodity_collect` (
  `commodity_collect_id` int NOT NULL AUTO_INCREMENT COMMENT '用户商品收藏ID',
  `user_id` int DEFAULT NULL COMMENT '用户ID',
  `type` varchar(500) DEFAULT NULL COMMENT '已选类型',
  `sum` int DEFAULT NULL COMMENT '商品数量',
  `commodity_id` int DEFAULT NULL COMMENT '商品ID',
  `input` int DEFAULT NULL COMMENT '是否选中',
  PRIMARY KEY (`commodity_collect_id`)
) ENGINE=InnoDB AUTO_INCREMENT=34 DEFAULT CHARSET=utf8mb3;

/*Data for the table `commodity_collect` */

insert  into `commodity_collect`(`commodity_collect_id`,`user_id`,`type`,`sum`,`commodity_id`,`input`) values (30,1,'S',1,1,1);

/*Table structure for table `commodity_comment_parent` */

DROP TABLE IF EXISTS `commodity_comment_parent`;

CREATE TABLE `commodity_comment_parent` (
  `commodity_comment_parent_id` int NOT NULL AUTO_INCREMENT COMMENT '商品评论ID',
  `commodity_type_id` int DEFAULT NULL COMMENT '商类ID',
  `indent_id` int DEFAULT NULL COMMENT '订单ID',
  `commodity_comment_parent_send_time` datetime DEFAULT NULL COMMENT '评论时间',
  `commodity_comment_parent_title` varchar(50) DEFAULT NULL COMMENT '评论标题',
  `commodity_comment_parent_info` varchar(500) DEFAULT NULL COMMENT '评论内容',
  `commodity_comment_parent_img` varchar(1000) CHARACTER SET utf8 COLLATE utf8_general_ci DEFAULT '[]' COMMENT '评论图片',
  `user_id` int DEFAULT NULL COMMENT '用户ID',
  `commodity_comment_parent_grader` int DEFAULT NULL COMMENT '好评等级',
  `commodity_comment_parent_like` int DEFAULT '0' COMMENT '点赞',
  `commodity_comment_parent_trample` int DEFAULT '0' COMMENT '踩',
  `commodity_comment_parent_info_add` varchar(500) DEFAULT NULL COMMENT '追评',
  `commodity_comment_parent_info_add_time` datetime DEFAULT NULL COMMENT '追评时间',
  `commodity_comment_parent_video` varchar(500) CHARACTER SET utf8 COLLATE utf8_general_ci DEFAULT '[]' COMMENT '评论图片',
  `commodity_comment_parent_info_add_img` varchar(500) CHARACTER SET utf8 COLLATE utf8_general_ci DEFAULT '[]' COMMENT '追评图片',
  `commodity_comment_parent_info_add_video` varchar(500) CHARACTER SET utf8 COLLATE utf8_general_ci DEFAULT '[]' COMMENT '追评视频',
  `commodity_comment_parent_info_add_like` int DEFAULT '0' COMMENT '追评点赞',
  `commodity_info_id` int DEFAULT NULL COMMENT '商品ID',
  PRIMARY KEY (`commodity_comment_parent_id`)
) ENGINE=InnoDB AUTO_INCREMENT=10 DEFAULT CHARSET=utf8mb3;

/*Data for the table `commodity_comment_parent` */

insert  into `commodity_comment_parent`(`commodity_comment_parent_id`,`commodity_type_id`,`indent_id`,`commodity_comment_parent_send_time`,`commodity_comment_parent_title`,`commodity_comment_parent_info`,`commodity_comment_parent_img`,`user_id`,`commodity_comment_parent_grader`,`commodity_comment_parent_like`,`commodity_comment_parent_trample`,`commodity_comment_parent_info_add`,`commodity_comment_parent_info_add_time`,`commodity_comment_parent_video`,`commodity_comment_parent_info_add_img`,`commodity_comment_parent_info_add_video`,`commodity_comment_parent_info_add_like`,`commodity_info_id`) values (1,1,1,'2023-02-02 17:38:41','哈哈哈','真的好','[\"/commodity_info_img/Snipaste_2023-01-11_22-18-25.jpg\",\"/commodity_info_img/Snipaste_2023-01-11_22-18-47.jpg\",\"/commodity_info_img/Snipaste_2023-01-11_22-18-25.jpg\",\"/commodity_info_img/Snipaste_2023-01-11_22-18-25.jpg\",\"/commodity_info_img/Snipaste_2023-01-11_22-18-25.jpg\"]',1,4,11,0,'fghfghfgh','2023-02-05 21:37:20','','[\"/commodity_info_img/Snipaste_2023-01-11_22-18-25.jpg\",\"/commodity_info_img/Snipaste_2023-01-11_22-18-47.jpg\",\"/commodity_info_img/Snipaste_2023-01-11_22-18-25.jpg\",\"/commodity_info_img/Snipaste_2023-01-11_22-18-25.jpg\",\"/commodity_info_img/Snipaste_2023-01-11_22-18-25.jpg\"]','[\"/commodity_info_img/eb3b7a743dba4f5b953ebad797f7b4f1.mp4\",\"/commodity_info_img/eb3b7a743dba4f5b953ebad797f7b4f1.mp4\"]',0,2),(2,1,2,'2023-02-02 17:46:41','是是是','水电费低收费是','[\"/commodity_info_img/Snipaste_2023-01-11_22-18-25.jpg\",\"/commodity_info_img/Snipaste_2023-01-11_22-18-47.jpg\",\"/commodity_info_img/Snipaste_2023-01-11_22-18-25.jpg\",\"/commodity_info_img/Snipaste_2023-01-11_22-18-25.jpg\",\"/commodity_info_img/Snipaste_2023-01-11_22-18-25.jpg\"]',2,5,3,0,NULL,NULL,'[\"/commodity_info_img/eb3b7a743dba4f5b953ebad797f7b4f1.mp4\"]','[\"/commodity_info_img/Snipaste_2023-01-11_22-18-25.jpg\",\"/commodity_info_img/Snipaste_2023-01-11_22-18-47.jpg\",\"/commodity_info_img/Snipaste_2023-01-11_22-18-25.jpg\",\"/commodity_info_img/Snipaste_2023-01-11_22-18-25.jpg\",\"/commodity_info_img/Snipaste_2023-01-11_22-18-25.jpg\"]','[]',0,1),(3,1,42,'2023-03-03 20:22:10','水电费水电费',' ','[\"/commodity_info_img/Snipaste_2023-01-11_22-18-25.jpg\",\"/commodity_info_img/Snipaste_2023-01-11_22-18-47.jpg\",\"/commodity_info_img/Snipaste_2023-01-11_22-18-25.jpg\",\"/commodity_info_img/Snipaste_2023-01-11_22-18-25.jpg\",\"/commodity_info_img/Snipaste_2023-01-11_22-18-25.jpg\"]',1,4,1,0,'sdfsdf','2023-03-04 16:13:55','[\"/commodity_info_img/eb3b7a743dba4f5b953ebad797f7b4f1.mp4\"]','[\"/file/1677917635205073436.jpeg\"]','[\"/file/1677917635900437843.mp4\"]',0,1),(4,2,41,'2023-03-04 14:07:44','SDF',' ','[\"\\/file\\/1677910064100606961.jpeg\"]',1,4,0,0,'水电费','2023-03-08 17:09:48','[]','[]','[]',0,4),(6,3,43,'2023-03-08 17:33:47','sdf sdfa s水电费水电费fd',NULL,'[]',1,5,1,0,'水电费水电费','2023-03-08 19:41:19','[]','[]','[]',0,6),(7,1,15,'2023-03-08 17:34:30','sdfsdfsdf',NULL,'[]',1,5,0,0,NULL,NULL,'[]','[]','[]',0,1),(8,3,44,'2023-03-08 17:36:58','s胜多负少东方闪电分数段防守打法水电费',NULL,'[]',1,5,0,0,NULL,NULL,'[]','[]','[]',0,6),(9,3,50,'2023-03-08 19:41:00','水电费水电费森岛帆高电饭锅森岛帆高电饭锅',NULL,'[]',1,5,0,0,NULL,NULL,'[]','[]','[]',0,6);

/*Table structure for table `commodity_comment_son` */

DROP TABLE IF EXISTS `commodity_comment_son`;

CREATE TABLE `commodity_comment_son` (
  `commodity_comment_son_id` int NOT NULL AUTO_INCREMENT COMMENT '商品评论回复表ID',
  `commodity_comment_parent_id` int DEFAULT NULL COMMENT '商品评论表ID',
  `commodity_comment_son_user_id` int DEFAULT NULL COMMENT '用户ID',
  `commodity_comment_son_target_id` int DEFAULT NULL COMMENT '目标用户ID',
  `commodity_comment_son_title` varchar(500) DEFAULT NULL COMMENT '内容',
  `commodity_comment_son_send_time` datetime DEFAULT NULL COMMENT '发送时间',
  `commodity_comment_son_like` int DEFAULT '0' COMMENT '点赞',
  `commodity_comment_son_trample` int DEFAULT '0' COMMENT '踩',
  PRIMARY KEY (`commodity_comment_son_id`)
) ENGINE=InnoDB AUTO_INCREMENT=16 DEFAULT CHARSET=utf8mb3;

/*Data for the table `commodity_comment_son` */

insert  into `commodity_comment_son`(`commodity_comment_son_id`,`commodity_comment_parent_id`,`commodity_comment_son_user_id`,`commodity_comment_son_target_id`,`commodity_comment_son_title`,`commodity_comment_son_send_time`,`commodity_comment_son_like`,`commodity_comment_son_trample`) values (1,1,2,1,'hhh电饭锅','2023-02-04 20:35:17',1,0),(2,1,3,2,'回复回复','2023-02-05 15:06:42',1,0),(3,1,1,1,'sdf','2023-02-17 15:12:21',-1,0),(4,1,1,2,'低收费','2023-02-12 15:12:23',-1,0),(5,1,1,1,'水电费','2023-02-28 15:13:30',0,0),(6,1,1,3,'水电费','2023-02-28 15:16:05',1,0),(7,1,1,3,'个梵蒂冈地方个','2023-02-28 15:16:12',1,0),(8,1,1,1,'水电费水电费谁士大夫','2023-02-28 15:17:20',0,0),(9,2,1,2,'水电费','2023-02-28 15:18:38',0,0),(10,2,1,2,'水电费','2023-02-28 15:19:13',0,0),(11,2,1,2,'sdfsdf','2023-02-28 15:19:44',0,0),(12,1,1,2,'oooo','2023-03-30 11:24:14',0,0),(13,1,1,1,'sdfsdf','2023-03-30 11:27:32',0,0),(14,1,1,1,'dfg','2023-03-30 11:32:21',1,0),(15,1,1,1,'gjhjhgj','2023-03-30 11:33:20',1,0);

/*Table structure for table `commodity_info` */

DROP TABLE IF EXISTS `commodity_info`;

CREATE TABLE `commodity_info` (
  `commodity_info_id` int NOT NULL AUTO_INCREMENT COMMENT '商品详细表ID',
  `category_son_id_one` int DEFAULT NULL COMMENT '频道子表ID 1',
  `commodity_info_title` varchar(150) DEFAULT NULL COMMENT '名称',
  `commodity_info_brief` varchar(500) DEFAULT NULL COMMENT '简介',
  `imgs` varchar(500) DEFAULT NULL COMMENT '图片',
  `videos` varchar(500) DEFAULT NULL COMMENT '视频',
  `commodity_type_id` int DEFAULT NULL COMMENT '店铺商类ID',
  `commodity_info_data` varchar(1000) DEFAULT NULL COMMENT '存放类型 库存 价格',
  `commodity_info_activity` varchar(1000) DEFAULT NULL COMMENT '活动类型 库存 价格  没有则为-1',
  `commodity_info_activity_sent_time` datetime DEFAULT NULL COMMENT '活动开始时间',
  `commodity_info_activity_end_time` datetime DEFAULT NULL COMMENT '活动结束时间、',
  `shop_channel_id` int DEFAULT NULL COMMENT '商店子频道ID',
  `brand` varchar(500) DEFAULT NULL COMMENT '品牌',
  `shop_id` int DEFAULT NULL COMMENT '店铺ID',
  `commodity_info_state` int DEFAULT NULL COMMENT '0=上架 1=下架',
  `activity_title` varchar(50) DEFAULT NULL COMMENT '活动名称',
  `commodity_info_state_time` datetime DEFAULT NULL COMMENT '上架下架时间',
  `commodity_info_img` varchar(500) DEFAULT NULL COMMENT '商品详情',
  `commodite_info_target` varchar(500) DEFAULT NULL COMMENT '商品标签',
  PRIMARY KEY (`commodity_info_id`)
) ENGINE=InnoDB AUTO_INCREMENT=10 DEFAULT CHARSET=utf8mb3;

/*Data for the table `commodity_info` */

insert  into `commodity_info`(`commodity_info_id`,`category_son_id_one`,`commodity_info_title`,`commodity_info_brief`,`imgs`,`videos`,`commodity_type_id`,`commodity_info_data`,`commodity_info_activity`,`commodity_info_activity_sent_time`,`commodity_info_activity_end_time`,`shop_channel_id`,`brand`,`shop_id`,`commodity_info_state`,`activity_title`,`commodity_info_state_time`,`commodity_info_img`,`commodite_info_target`) values (1,10,'欧郎格 长袖T恤男夏季新款男士t恤长袖宽松男长袖T恤打底衫水电费','[{\"name\":\"包装\",\"son\":[{\"name\":\"衣服*1\"}]}]','[\"/commodity_info_img/Snipaste_2023-01-11_22-18-47.jpg\",\"/commodity_info_img/Snipaste_2023-01-11_22-18-25.jpg\",\"/commodity_info_img/Snipaste_2023-01-11_22-18-25.jpg\",\"/commodity_info_img/Snipaste_2023-01-11_22-18-25.jpg\",\"/commodity_info_img/16789673121366736896.jpeg\",\"/commodity_info_img/16789690192077890510.jpg\"]','[\"/commodity_info_img/eb3b7a743dba4f5b953ebad797f7b4f1.mp4\",\"/commodity_info_img/16789682231549671009.mp4\"]',1,'{\"title\":\"选择尺码\",\"data\":[{\"name\":\"S\",\"money\":99,\"num\":55},{\"name\":\"M\",\"money\":99,\"num\":55},{\"name\":\"L\",\"money\":99,\"num\":55},{\"name\":\"XL\",\"money\":99,\"num\":55},{\"name\":\"2XL\",\"money\":10,\"num\":100}]}','{\"title\":\"选择尺码\",\"data\":[{\"name\":\"S\",\"money\":45,\"num\":55},{\"name\":\"M\",\"money\":12,\"num\":45},{\"name\":\"L\",\"money\":45,\"num\":55}]}','2023-03-16 19:47:24','2023-03-31 19:47:26',2,'欧 郎 格是',1,0,'新品首发','2023-03-12 18:28:12','[\"/commodity_info_img/d4f85cb79a13db81.jpg\",\"/commodity_info_img/Snipaste_2023-01-12_11-03-33.jpg\",\"/commodity_info_img/16789682231825616219.jpg\"]','[\"耐磨\",\"实用\",\"潮流\",\"高颜值\"]'),(2,10,'欧郎格（OU LANG GE）【纯棉2件装】长袖T恤男夏季新款男士t恤长袖宽松男长袖T恤打底衫',NULL,'[\"/commodity_info_img/Snipaste_2023-01-11_22-18-25.jpg\",\"/commodity_info_img/Snipaste_2023-01-11_22-18-47.jpg\",\"/commodity_info_img/Snipaste_2023-01-11_22-18-25.jpg\",\"/commodity_info_img/Snipaste_2023-01-11_22-18-25.jpg\",\"/commodity_info_img/Snipaste_2023-01-11_22-18-25.jpg\"]','[\"/commodity_info_img/eb3b7a743dba4f5b953ebad797f7b4f1.mp4\"]',1,'{\"title\":\"选择尺码\",\"data\":[{\"name\":\"S\",\"money\":99,\"num\":55},{\"name\":\"M\",\"money\":99,\"num\":55},{\"name\":\"L\",\"money\":99,\"num\":55},{\"name\":\"XL\",\"money\":99,\"num\":55}]}','{\"title\":\"\\u9009\\u62e9\\u5c3a\\u7801\",\"data\":[{\"name\":\"S\",\"money\":99,\"num\":52},{\"name\":\"M\",\"money\":99,\"num\":55},{\"name\":\"L\",\"money\":99,\"num\":55},{\"name\":\"XL\",\"money\":49,\"num\":0}]}','2023-01-03 22:30:51','2023-12-08 23:00:59',2,'欧 郎 格',1,0,'新款降价','2023-03-23 18:28:12','[\"/commodity_info_img/d4f85cb79a13db81.jpg\",\"/commodity_info_img/Snipaste_2023-01-12_11-03-33.jpg\"]','[\"耐磨\",\"实用\",\"潮流\"]'),(4,84,'阿迪达斯（adidas）夹克女运动羊羔毛拼接休闲外套长','[{\"name\":\"包装\",\"son\":[{\"name\":\"衣服*1\"},{\"name\":\"卫衣\"},{\"name\":\"DS\"}]},{\"name\":\"产地\",\"son\":[{\"name\":\"中国\"}]},{\"name\":\"上市日期\",\"son\":[{\"name\":\"2023-9-1\"}]}]','[\"/commodity_info_img/d4f85cb79a13db81.jpg\",\"/commodity_info_img/Snipaste_2023-01-12_11-03-33.jpg\"]','[\"/commodity_info_img/1679278416401111179.mp4\"]',2,'{\"title\":\"选择尺码\",\"data\":[{\"name\":\"S\",\"money\":99,\"num\":55},{\"name\":\"M\",\"money\":99,\"num\":55},{\"name\":\"L\",\"money\":99,\"num\":55},{\"name\":\"XL\",\"money\":99,\"num\":55}]}','{\"title\":\"\\u9009\\u62e9\\u5c3a\\u7801\",\"data\":[{\"name\":\"S\",\"money\":19,\"num\":55},{\"name\":\"M\",\"money\":99,\"num\":35},{\"name\":\"L\",\"money\":19,\"num\":55},{\"name\":\"XL\",\"money\":19,\"num\":55}]}','2023-01-11 20:05:37','2023-07-07 20:05:41',3,'阿迪达斯',1,0,'爆款直降','2023-03-23 18:28:12','[\"/commodity_info_img/1679278416658382139.jpeg\"]','[\"耐磨\",\"实用\",\"潮流\"]'),(6,243,'小米13 徕卡光学镜头 第二代骁龙8处理器 超窄边屏幕 120Hz高刷 67W快充长','[{\"name\":\"包装\",\"son\":[{\"name\":\"手机*1\"},{\"name\":\"充电器*1\"}]},{\"name\":\"规格\",\"son\":[{\"name\":\"运行内存:8G\"}]},{\"name\":\"上市日期\",\"son\":[{\"name\":\"2023-9-1\"}]}]','[\"/commodity_info_img/e7d7f61ca8d1d5ca.jpg\",\"/commodity_info_img/e7d7f61ca8d1d5ca.jpg\"]','[\"/commodity_info_img/f3391bd9a2244565ac26ef270e1bc305.mp4\"]',3,'{\"title\":\"\\u9009\\u62e9\\u7248\\u672c\",\"data\":[{\"name\":\"8GB+128GB\",\"money\":4599,\"num\":53},{\"name\":\"8GB+256GB\",\"money\":4899,\"num\":55}]}','',NULL,NULL,6,'小米',2,0,'新品首发','2023-03-24 18:28:12','[]','[\"耐磨\",\"实用\",\"潮流\"]'),(7,243,'小米13 徕卡光学镜头 第二代骁龙8处理器 超窄边屏幕 120Hz高刷 67W快充长','[{\"name\":\"包装\",\"son\":[{\"name\":\"手机*1\"},{\"name\":\"充电器*1\"}]},{\"name\":\"规格\",\"son\":[{\"name\":\"运行内存:8G\"}]},{\"name\":\"上市日期\",\"son\":[{\"name\":\"2023-9-1\"}]}]','[\"/commodity_info_img/ca5a2ba40d0f49b8.jpg\",\"/commodity_info_img/ca5a2ba40d0f49b8.jpg\"]','[\"/commodity_info_img/f3391bd9a2244565ac26ef270e1bc305.mp4\"]',3,'{\"title\":\"\\u9009\\u62e9\\u7248\\u672c\",\"data\":[{\"name\":\"8GB+128GB\",\"money\":4599,\"num\":54},{\"name\":\"8GB+256GB\",\"money\":4899,\"num\":55}]}',NULL,NULL,NULL,6,'小米',2,0,'新品首发','2023-03-17 18:28:12','[]','[\"耐磨\",\"实用\",\"潮流\"]'),(8,56,'运动鞋','[{\"name\":\"阿斯蒂芬\",\"son\":[{\"name\":\"阿斯蒂芬\"}]}]','[\"/commodity_info_img/1679015755607360804.jpeg\",\"/commodity_info_img/1679015755262813344.jpg\"]','[]',4,'{\"title\":\"阿斯蒂芬复工后\",\"data\":[{\"name\":\"水电费\",\"money\":100,\"num\":200}]}','[]',NULL,NULL,1,'欧朗格',1,0,NULL,NULL,'[\"/commodity_info_img/16790283981669404022.jpeg\",\"/commodity_info_img/1679028398577988750.jpg\"]','[]');

/*Table structure for table `commodity_issue_parent` */

DROP TABLE IF EXISTS `commodity_issue_parent`;

CREATE TABLE `commodity_issue_parent` (
  `commodity_issue_id` int NOT NULL AUTO_INCREMENT COMMENT '商品问答ID',
  `store_commodity_id` int DEFAULT NULL COMMENT '商类ID',
  `commodity_issue_title` varchar(100) DEFAULT NULL COMMENT '问题',
  `send_time` datetime DEFAULT NULL COMMENT '时间',
  `user_id` int DEFAULT NULL COMMENT '用户ID',
  PRIMARY KEY (`commodity_issue_id`)
) ENGINE=InnoDB AUTO_INCREMENT=12 DEFAULT CHARSET=utf8mb3;

/*Data for the table `commodity_issue_parent` */

insert  into `commodity_issue_parent`(`commodity_issue_id`,`store_commodity_id`,`commodity_issue_title`,`send_time`,`user_id`) values (1,1,'质量怎么样','2023-02-01 13:09:14',1),(2,1,'会不会掉色','2023-02-02 13:21:43',2),(3,1,'sdf','2023-03-04 19:50:42',1),(4,1,'谁电饭锅电饭锅','2023-03-04 19:56:25',1),(5,1,'都发过火凤凰','2023-03-30 16:42:43',1),(6,1,'闪电发货就考虑是点击付款了借鸡生蛋卡莉法加上空两地分居','2023-03-30 16:43:17',1),(7,1,'黄齑淡饭两个家里快点解封考虑','2023-03-30 16:43:45',1),(8,1,'就看到了首付款老师的课发过来开始了','2023-03-30 16:43:49',1),(9,1,'i就赶快来圣诞节快乐费加上空两地分居可了解到风口浪尖萨克','2023-03-30 16:43:58',1),(10,1,'dfgkjkljdf考虑过就就打开了法规及水电费可根据看','2023-03-30 16:49:00',1),(11,1,'规范化就法国红酒法国红酒规范化就法国红酒','2023-03-30 16:49:06',1);

/*Table structure for table `commodity_issue_son` */

DROP TABLE IF EXISTS `commodity_issue_son`;

CREATE TABLE `commodity_issue_son` (
  `commodity_issue_son_id` int NOT NULL AUTO_INCREMENT COMMENT '商品问答回复ID',
  `commodity_issue_id` int DEFAULT NULL COMMENT '商品问答ID、',
  `target_id` int DEFAULT NULL COMMENT '目标用户ID',
  `user_id` int DEFAULT NULL COMMENT '发送用户ID',
  `commodity_issue_son_info` varchar(500) DEFAULT NULL COMMENT '回复',
  `commodity_issue_son_like` int DEFAULT '0' COMMENT '点赞',
  `commodity_issue_son_trample` int DEFAULT '0' COMMENT '踩',
  `send_time` datetime DEFAULT NULL COMMENT '发送时间',
  PRIMARY KEY (`commodity_issue_son_id`)
) ENGINE=InnoDB AUTO_INCREMENT=5 DEFAULT CHARSET=utf8mb3;

/*Data for the table `commodity_issue_son` */

insert  into `commodity_issue_son`(`commodity_issue_son_id`,`commodity_issue_id`,`target_id`,`user_id`,`commodity_issue_son_info`,`commodity_issue_son_like`,`commodity_issue_son_trample`,`send_time`) values (1,1,1,2,'挺好的',10,0,'2023-02-02 13:10:01'),(2,1,1,3,'一般般',4,0,'2023-02-02 13:16:31'),(3,1,1,1,'dfgdfg',4,0,'2023-03-07 14:13:30'),(4,2,2,1,'水电费水电费胜多负少地方防守打法s',0,0,'2023-03-07 15:09:04');

/*Table structure for table `discount` */

DROP TABLE IF EXISTS `discount`;

CREATE TABLE `discount` (
  `discount_id` int NOT NULL AUTO_INCREMENT COMMENT '优惠券ID',
  `type` int DEFAULT NULL COMMENT '类名ID 0=全频道 -1=店铺  -2=运费',
  `shop_id` int DEFAULT NULL COMMENT '店铺ID',
  `man_money` decimal(10,2) DEFAULT NULL COMMENT '满金额',
  `jian_money` decimal(10,2) DEFAULT NULL COMMENT '减金额',
  `ze_kou` decimal(10,2) DEFAULT NULL COMMENT '折扣',
  `portion_tf` int DEFAULT NULL COMMENT '是否部分商品',
  `discount_info` varchar(500) DEFAULT NULL COMMENT '优惠券说明',
  `sen_time` datetime DEFAULT NULL COMMENT '开始时间',
  `end_time` datetime DEFAULT NULL COMMENT '结束时间‘',
  `superposition` int DEFAULT NULL COMMENT '是否叠加  0=是  1=否',
  `repetition` int DEFAULT NULL COMMENT '是否能重复领取 0=是 1=否',
  `discount_title` varchar(20) DEFAULT NULL COMMENT '优惠券名称',
  PRIMARY KEY (`discount_id`)
) ENGINE=InnoDB AUTO_INCREMENT=14 DEFAULT CHARSET=utf8mb3;

/*Data for the table `discount` */

insert  into `discount`(`discount_id`,`type`,`shop_id`,`man_money`,`jian_money`,`ze_kou`,`portion_tf`,`discount_info`,`sen_time`,`end_time`,`superposition`,`repetition`,`discount_title`) values (1,0,NULL,'100.00','20.00',NULL,1,'全频道满100减20','2023-01-17 18:50:27','2023-04-22 18:50:31',1,1,'满100元可用'),(2,-1,1,'0.00',NULL,'0.85',1,'仅可购买欧适当旗舰店商品','2023-01-17 18:54:14','2023-04-15 18:54:17',1,1,'欧适当旗舰店全场85折'),(3,-2,NULL,'100.00','3.00',NULL,1,NULL,'2023-01-17 18:58:07','2023-05-12 18:58:09',1,0,'运费券'),(4,-1,1,'100.00',NULL,'0.60',0,'仅可购买欧适当旗舰店部分商品的','2023-01-11 19:00:34','2023-07-29 19:00:36',1,1,'满一百打八折'),(5,1,NULL,'100.00','15.00',NULL,1,'仅可购买男装频道商品','2023-01-19 19:10:46','2023-07-20 19:10:49',1,1,'满100元可用'),(6,1,NULL,'50.00','50.00',NULL,0,'仅可购买男装频道部分商品','2023-01-17 19:11:24','2024-06-20 19:11:27',1,1,'满999元可用'),(7,-1,2,'1000.00','200.00',NULL,0,'仅可购买小米旗舰店部分商品','2023-02-23 21:18:20','2023-07-23 21:18:21',1,0,'满1000可用'),(8,-1,1,'150.00','100.00',NULL,1,'仅可购买欧适当旗舰店商品','2023-02-09 14:29:15','2023-02-26 14:29:17',1,1,'欧适当旗舰店满150减100'),(9,-1,2,'1100.00','500.00',NULL,1,'仅可购买小米旗舰店商品','2023-02-24 16:12:11','2023-06-10 16:12:13',1,1,'小米旗舰店满1100减500'),(11,-1,1,'150.00','80.00',NULL,1,'仅可购买欧适当旗舰店商品','2023-02-08 16:25:51','2023-07-21 16:25:53',1,1,'欧适当旗舰店满150减80'),(13,-1,1,'2000.00','100.00',NULL,0,'水电费','2023-03-20 00:00:00','2023-03-25 13:01:33',0,1,'阿斯蒂芬');

/*Table structure for table `discount_son` */

DROP TABLE IF EXISTS `discount_son`;

CREATE TABLE `discount_son` (
  `discount_son_id` int NOT NULL AUTO_INCREMENT COMMENT '优惠券部分商品表ID',
  `discount_son_info` varchar(500) CHARACTER SET utf8 COLLATE utf8_general_ci DEFAULT NULL COMMENT '商品ID',
  `discount_id` int DEFAULT NULL COMMENT '优惠券ID',
  PRIMARY KEY (`discount_son_id`)
) ENGINE=InnoDB AUTO_INCREMENT=31 DEFAULT CHARSET=utf8mb3;

/*Data for the table `discount_son` */

insert  into `discount_son`(`discount_son_id`,`discount_son_info`,`discount_id`) values (4,'1',6),(5,'2',6),(6,'3',6),(7,'6',7),(23,'1',4),(24,'2',4),(25,'4',4),(29,'4',13),(30,'8',13);

/*Table structure for table `expressage` */

DROP TABLE IF EXISTS `expressage`;

CREATE TABLE `expressage` (
  `expressage_id` int NOT NULL AUTO_INCREMENT COMMENT '快递表ID',
  `tracking_number` varchar(50) DEFAULT NULL COMMENT '快递单号',
  `send_title` varchar(500) DEFAULT NULL COMMENT '开始内容',
  `zhong_title` varchar(500) DEFAULT NULL COMMENT '运输内容',
  `pai_title` varchar(500) DEFAULT NULL COMMENT '派送内容',
  `end_title` varchar(500) DEFAULT NULL COMMENT '结束内容',
  `expressage_state` int DEFAULT NULL COMMENT '0=开始  1=运输  2=派送  3=结束',
  PRIMARY KEY (`expressage_id`)
) ENGINE=InnoDB DEFAULT CHARSET=utf8mb3;

/*Data for the table `expressage` */

/*Table structure for table `indent` */

DROP TABLE IF EXISTS `indent`;

CREATE TABLE `indent` (
  `indent_id` int NOT NULL AUTO_INCREMENT COMMENT '订单表ID',
  `user_id` int DEFAULT NULL COMMENT '用户ID',
  `send_time` datetime DEFAULT NULL COMMENT '创建时间',
  `pay_time` datetime DEFAULT NULL COMMENT '支付时间',
  `pattern` int DEFAULT NULL COMMENT '支付方式  0=零钱 1=支付宝  2=微信 3=银行卡',
  `freight` decimal(10,2) DEFAULT NULL COMMENT '运费',
  `promotion` decimal(10,2) DEFAULT NULL COMMENT '促销',
  `cash` decimal(10,2) DEFAULT '0.00' COMMENT '礼金',
  `vip_z` decimal(10,2) DEFAULT NULL COMMENT 'vip折扣减钱',
  `expressage_id` int DEFAULT NULL COMMENT '快递ID',
  `state` int DEFAULT NULL COMMENT '订单状态  0=待发货 1=已发货   2=完成  2=退货申请中 4=退货申请同意  5=已发货 6=商家已收货 7=驳回    8=退款中  9=完成 10=驳回',
  `site_id` int DEFAULT NULL COMMENT '地址ID',
  `sum` int DEFAULT NULL COMMENT '商品数量',
  `type` varchar(500) DEFAULT NULL COMMENT '已选择类型',
  `discounts` decimal(10,2) DEFAULT NULL COMMENT '商品优惠',
  `evaluate_tf` int DEFAULT NULL COMMENT '商品评价是否完成',
  `indent_sum` decimal(10,2) DEFAULT NULL COMMENT '总价',
  `cmm_id` int DEFAULT NULL COMMENT '商品ID',
  `integral` int DEFAULT NULL COMMENT '单笔获得的积分',
  `sale_id` int DEFAULT NULL COMMENT '售后ID',
  PRIMARY KEY (`indent_id`)
) ENGINE=InnoDB AUTO_INCREMENT=56 DEFAULT CHARSET=utf8mb3;

/*Data for the table `indent` */

insert  into `indent`(`indent_id`,`user_id`,`send_time`,`pay_time`,`pattern`,`freight`,`promotion`,`cash`,`vip_z`,`expressage_id`,`state`,`site_id`,`sum`,`type`,`discounts`,`evaluate_tf`,`indent_sum`,`cmm_id`,`integral`,`sale_id`) values (1,1,'2023-03-12 17:32:44','2023-02-02 17:32:48',0,'0.00','0.00','0.00','0.00',1,1,1,1,'{\"name\":\"金色\",\"son\":{\"name\":\"s码\",\"moeny\":99}}','0.00',1,'45.00',1,20,NULL),(2,2,'2023-02-14 17:45:11','2023-02-02 17:45:13',0,'0.00','0.00','200.00','0.00',2,2,2,1,'{\"name\":\"白色\",\"son\":{\"name\":\"s码\",\"moeny\":99}}','0.00',1,'456.00',1,50,NULL),(9,1,'2023-03-12 11:21:40','2023-02-28 11:21:40',0,'0.00','80.00','0.00','74.25',NULL,1,1,15,'{\"name\":\"白色\",\"son\":{\"name\":\"S\",\"moeny\":99}}',NULL,0,'1330.75',1,NULL,NULL),(10,1,'2023-02-28 11:21:40','2023-02-28 11:21:40',0,'0.00','0.00','0.00','14.85',NULL,1,1,3,'{\"name\":\"金色\",\"son\":{\"name\":\"S\",\"moeny\":99}}',NULL,0,'282.15',2,NULL,NULL),(11,1,'2023-03-13 14:13:46','2023-02-28 14:13:46',0,'0.00','80.00','0.00','74.25',NULL,4,1,15,'{\"name\":\"白色\",\"son\":{\"name\":\"S\",\"moeny\":99}}',NULL,0,'1330.75',1,13,NULL),(12,1,'2023-02-28 14:13:46','2023-02-28 14:13:46',0,'0.00','0.00','0.00','14.85',NULL,1,1,3,'{\"name\":\"金色\",\"son\":{\"name\":\"S\",\"moeny\":99}}',NULL,0,'282.15',2,NULL,NULL),(13,1,'2023-03-14 14:17:14','2023-02-28 14:17:14',0,'0.00','80.00','0.00','74.25',NULL,3,1,15,'{\"name\":\"白色\",\"son\":{\"name\":\"S\",\"moeny\":99}}',NULL,0,'13.00',1,500,6),(14,1,'2023-02-28 14:17:14','2023-02-28 14:17:14',0,'0.00','0.00','0.00','14.85',NULL,2,1,3,'{\"name\":\"金色\",\"son\":{\"name\":\"S\",\"moeny\":99}}',NULL,0,'282.15',2,3,NULL),(15,1,'2023-03-09 14:17:34','2023-02-28 14:17:34',0,'0.00','0.00','0.00','74.25',NULL,2,1,15,'{\"name\":\"白色\",\"son\":{\"name\":\"S\",\"moeny\":99}}',NULL,1,'14.00',1,500,NULL),(16,1,'2023-02-28 14:17:34','2023-02-28 14:17:34',0,'0.00','0.00','0.00','14.85',NULL,2,1,3,'{\"name\":\"金色\",\"son\":{\"name\":\"S\",\"moeny\":99}}',NULL,0,'2.00',2,500,NULL),(41,1,'2023-03-02 18:28:23','2023-03-02 18:28:23',0,'0.00','0.00','0.00','0.00',NULL,2,1,1,'{\"name\":\"\",\"son\":{\"name\":\"S\",\"moeny\":19}}',NULL,1,'19.00',4,20,NULL),(42,1,'2023-03-11 09:46:28','2023-03-03 09:46:28',0,'0.00','0.00','0.00','4.95',NULL,2,1,1,'{\"name\":\"白色\",\"son\":{\"name\":\"S\",\"moeny\":99}}',NULL,1,'0.00',1,500,NULL),(43,1,'2023-03-09 15:52:23','2023-03-08 15:52:23',0,'0.00','700.00','501.00','0.00',NULL,2,1,1,'{\"name\":\"黑色\",\"son\":{\"name\":\"8GB+128GB\",\"moeny\":4599}}',NULL,1,'38.00',6,500,NULL),(44,1,'2023-03-08 17:35:52','2023-03-08 17:35:52',0,'0.00','0.00','0.00','0.00',NULL,2,1,1,'{\"name\":\"黑色\",\"son\":{\"name\":\"8GB+128GB\",\"moeny\":4599}}',NULL,1,'4599.00',6,46,NULL),(45,1,'2023-03-09 20:37:33','2023-03-08 17:37:33',0,'0.00','0.00','0.00','0.00',NULL,0,2,1,'{\"name\":\"黑色\",\"son\":{\"name\":\"8GB+128GB\",\"moeny\":4599}}',NULL,0,'4599.00',6,46,NULL),(46,1,'2023-03-10 17:39:02','2023-03-08 17:39:02',0,'0.00','0.00','500.00','0.00',NULL,0,2,1,'{\"name\":\"黑色\",\"son\":{\"name\":\"8GB+128GB\",\"moeny\":4599}}',NULL,0,'4599.00',6,46,NULL),(47,1,'2023-03-11 18:40:13','2023-03-11 18:40:13',0,'0.00','0.00','200.00','0.00',NULL,8,1,1,'{\"name\":\"黑色\",\"son\":{\"name\":\"8GB+128GB\",\"moeny\":4599}}',NULL,0,'4599.00',6,46,4),(48,1,'2023-03-12 19:15:16','2023-03-12 19:15:16',0,'0.00','0.00','5.00','0.00',NULL,5,2,1,'{\"name\":\"黑色\",\"son\":{\"name\":\"8GB+128GB\",\"moeny\":4599}}',NULL,0,'4599.00',6,5,3),(49,1,'2023-03-13 19:24:09','2023-03-13 19:24:09',0,'0.00','0.00','500.00','0.00',NULL,5,1,1,'{\"name\":\"黑色\",\"son\":{\"name\":\"8GB+128GB\",\"moeny\":4599}}',NULL,0,'4599.00',6,46,2),(50,1,'2023-03-14 19:30:28','2023-03-14 19:30:28',0,'0.00','0.00','500.00','0.00',NULL,5,1,1,'{\"name\":\"黑色\",\"son\":{\"name\":\"8GB+128GB\",\"moeny\":4599}}',NULL,1,'4599.00',6,46,1),(51,1,'2023-04-11 16:32:51','2023-04-11 16:32:51',0,'0.00','65.00','0.00','14.85',NULL,0,1,3,'{\"name\":\"金色\",\"son\":{\"name\":\"S\",\"moeny\":99}}',NULL,0,'217.15',2,NULL,NULL),(52,1,'2023-04-11 16:32:51','2023-04-11 16:32:51',0,'0.00','0.00','0.00','0.00',NULL,0,1,20,'{\"name\":\"棕色\",\"son\":{\"name\":\"M\",\"moeny\":99}}',NULL,0,'1980.00',4,NULL,NULL),(53,1,'2023-04-13 10:43:07','2023-04-13 10:43:07',0,'0.00','700.00','20000.00','0.00',NULL,0,1,1,'{\"name\":\"黑色\",\"son\":{\"name\":\"8GB+128GB\",\"moeny\":4599}}',NULL,0,'3899.00',6,NULL,NULL),(54,1,'2023-04-13 10:49:33','2023-04-13 10:49:33',0,'0.00','0.00','20000.00','0.00',NULL,0,1,1,'{\"name\":\"黑色\",\"son\":{\"name\":\"8GB+128GB\",\"moeny\":4599}}',NULL,0,'4599.00',6,NULL,NULL),(55,1,'2023-04-13 10:50:19','2023-04-13 10:50:19',0,'0.00','0.00','20000.00','0.00',NULL,5,1,1,'{\"name\":\"白色\",\"son\":{\"name\":\"8GB+128GB\",\"moeny\":4599}}',NULL,0,'4599.00',7,NULL,7);

/*Table structure for table `indet_sale` */

DROP TABLE IF EXISTS `indet_sale`;

CREATE TABLE `indet_sale` (
  `indet_sale_id` int NOT NULL AUTO_INCREMENT COMMENT '商品售后ID',
  `indent_id` int DEFAULT NULL COMMENT '订单ID',
  `user_info` varchar(500) COLLATE utf8mb4_general_ci DEFAULT NULL COMMENT '用户内容',
  `user_title` varchar(500) COLLATE utf8mb4_general_ci DEFAULT NULL COMMENT '用户原因',
  `sale_img` varchar(500) COLLATE utf8mb4_general_ci DEFAULT '[]' COMMENT '存放用户反馈的图片',
  `sale_videl` varchar(500) COLLATE utf8mb4_general_ci DEFAULT '[]' COMMENT '存放用户反馈的视频',
  `shop_info` varchar(500) COLLATE utf8mb4_general_ci DEFAULT NULL COMMENT '商家 同意/驳回 内容',
  `sale_money` decimal(10,2) DEFAULT NULL COMMENT '退款/退货金额',
  `shop_id` int DEFAULT NULL COMMENT '店铺ID',
  `send_time` datetime DEFAULT NULL COMMENT '提交时间',
  `ent_time` datetime DEFAULT NULL COMMENT '结束时间',
  PRIMARY KEY (`indet_sale_id`)
) ENGINE=InnoDB AUTO_INCREMENT=8 DEFAULT CHARSET=utf8mb4 COLLATE=utf8mb4_general_ci;

/*Data for the table `indet_sale` */

insert  into `indet_sale`(`indet_sale_id`,`indent_id`,`user_info`,`user_title`,`sale_img`,`sale_videl`,`shop_info`,`sale_money`,`shop_id`,`send_time`,`ent_time`) values (1,50,'sdf','产地/年份等与商品描述不符','[]','[]',NULL,'4599.00',NULL,'2023-03-09 13:02:14',NULL),(2,49,'sdfsdf水电费改水电费','商品临期','[\"/sale/1678362920584592315.jpeg\",\"/sale/16783629201852588372.jpg\"]','[\"/sale/1678362920516386642.mp4\"]',NULL,'4599.00',NULL,'2023-03-09 19:55:20',NULL),(3,48,'水电费水电费dfg ','发错货','[\"/sale/16783632281793751379.jpeg\"]','[\"/sale/16783632281936510644.mp4\"]',NULL,'4599.00',NULL,'2023-03-09 20:00:28',NULL),(4,47,'sdfsdfsd打发斯蒂芬','产地/年份等与商品描述不符','[]','[]',NULL,'4599.00',NULL,'2023-03-09 20:39:28',NULL),(6,13,'的想法是对方','产地/年份等与商品描述不符','[\"/sale/1678781627146608813.jpeg\",\"/sale/1678781627190672382.jpg\"]','[\"/sale/16787816271836601320.mp4\"]',NULL,'13.00',NULL,'2023-03-14 16:13:47',NULL),(7,55,'sdf','与商品描述不符','[\"/sale/1681437902250103209.jpeg\"]','[]',NULL,'4399.00',NULL,'2023-04-14 10:05:02',NULL);

/*Table structure for table `money` */

DROP TABLE IF EXISTS `money`;

CREATE TABLE `money` (
  `money_id` int NOT NULL AUTO_INCREMENT COMMENT '钱包id',
  `user_id` int DEFAULT NULL COMMENT '用户id',
  `small_money` decimal(10,2) DEFAULT NULL COMMENT '用户零钱',
  `red_packet` decimal(10,2) DEFAULT NULL COMMENT '用户红包',
  `integral` decimal(10,0) DEFAULT NULL COMMENT '用户积分',
  PRIMARY KEY (`money_id`)
) ENGINE=InnoDB AUTO_INCREMENT=1001 DEFAULT CHARSET=utf8mb3;

/*Data for the table `money` */

insert  into `money`(`money_id`,`user_id`,`small_money`,`red_packet`,`integral`) values (1,1,'50801.00','9127.00','3257'),(2,2,'98078.00','75076.00','1543'),(3,3,'70254.00','51190.00','33443'),(4,4,'68518.00','1438.00','57117'),(5,5,'14897.00','40825.00','26631'),(6,6,'90255.00','29641.00','67339'),(7,7,'10255.00','69019.00','14977'),(8,8,'18987.00','67678.00','46528'),(9,9,'80759.00','85714.00','46218'),(10,10,'1527.00','45172.00','67201'),(11,11,'71065.00','26054.00','12620'),(12,12,'22150.00','28508.00','20899'),(13,13,'5056.00','65863.00','59932'),(14,14,'30467.00','29394.00','50986'),(15,15,'83996.00','94904.00','74147'),(16,16,'94737.00','31312.00','38444'),(17,17,'77222.00','47727.00','12374'),(18,18,'47820.00','45761.00','83101'),(19,19,'69351.00','83602.00','38143'),(20,20,'94484.00','77576.00','33424'),(21,21,'19632.00','49687.00','67316'),(22,22,'14164.00','75420.00','63657'),(23,23,'94539.00','95779.00','28002'),(24,24,'27586.00','57419.00','32521'),(25,25,'14780.00','27269.00','18412'),(26,26,'85847.00','80079.00','35827'),(27,27,'16164.00','26012.00','89882'),(28,28,'23716.00','17153.00','66487'),(29,29,'85312.00','51059.00','32648'),(30,30,'71573.00','16313.00','58751'),(31,31,'70412.00','76214.00','77079'),(32,32,'63311.00','84214.00','73255'),(33,33,'256.00','95487.00','22288'),(34,34,'70812.00','44485.00','99595'),(35,35,'52182.00','25578.00','88858'),(36,36,'18603.00','70064.00','99896'),(37,37,'50995.00','86754.00','24317'),(38,38,'48044.00','72912.00','74723'),(39,39,'10770.00','97616.00','37275'),(40,40,'52172.00','5450.00','61606'),(41,41,'39249.00','12311.00','73519'),(42,42,'11830.00','3143.00','53840'),(43,43,'31677.00','30912.00','79595'),(44,44,'63667.00','7218.00','27415'),(45,45,'46519.00','17268.00','4938'),(46,46,'84160.00','94123.00','11914'),(47,47,'14304.00','65443.00','73575'),(48,48,'56511.00','61119.00','21477'),(49,49,'94716.00','97171.00','51009'),(50,50,'87255.00','79221.00','33968'),(51,51,'16889.00','28776.00','18182'),(52,52,'22530.00','70593.00','6998'),(53,53,'35961.00','89163.00','77286'),(54,54,'96394.00','78522.00','9595'),(55,55,'46930.00','92579.00','32291'),(56,56,'66760.00','58502.00','99242'),(57,57,'55714.00','94137.00','51093'),(58,58,'56820.00','59483.00','52859'),(59,59,'72285.00','6353.00','89410'),(60,60,'68513.00','71048.00','16619'),(61,61,'95474.00','50197.00','41004'),(62,62,'83271.00','72413.00','97512'),(63,63,'42954.00','65414.00','39233'),(64,64,'37152.00','79567.00','59128'),(65,65,'39724.00','6274.00','57833'),(66,66,'16759.00','66409.00','13662'),(67,67,'34585.00','63222.00','28766'),(68,68,'53501.00','35874.00','48443'),(69,69,'17765.00','24422.00','2053'),(70,70,'20116.00','13938.00','62905'),(71,71,'21111.00','86990.00','38813'),(72,72,'94930.00','6199.00','58021'),(73,73,'70892.00','91746.00','67109'),(74,74,'10055.00','21802.00','91536'),(75,75,'88694.00','83921.00','51902'),(76,76,'32497.00','36127.00','44620'),(77,77,'40177.00','12813.00','19776'),(78,78,'63067.00','20029.00','61707'),(79,79,'18329.00','35922.00','37217'),(80,80,'98657.00','9970.00','2751'),(81,81,'17797.00','84043.00','91589'),(82,82,'83808.00','44303.00','9283'),(83,83,'88053.00','10375.00','58596'),(84,84,'90945.00','44430.00','66775'),(85,85,'17268.00','42776.00','41108'),(86,86,'99856.00','35315.00','82934'),(87,87,'26076.00','67163.00','13270'),(88,88,'87197.00','12892.00','69523'),(89,89,'67948.00','59898.00','60363'),(90,90,'21905.00','53533.00','13221'),(91,91,'66284.00','4140.00','89216'),(92,92,'72929.00','8725.00','51434'),(93,93,'78688.00','65073.00','4269'),(94,94,'88747.00','69074.00','82859'),(95,95,'46925.00','96552.00','15903'),(96,96,'25883.00','58543.00','59538'),(97,97,'49771.00','67728.00','64865'),(98,98,'17678.00','60191.00','646'),(99,99,'33958.00','55167.00','76968'),(100,100,'50363.00','93354.00','23191'),(101,101,'71617.00','52233.00','68679'),(102,102,'4128.00','84002.00','26130'),(103,103,'16189.00','40768.00','36180'),(104,104,'32504.00','55333.00','33743'),(105,105,'18161.00','14135.00','64548'),(106,106,'39533.00','86926.00','48664'),(107,107,'69177.00','1458.00','22850'),(108,108,'10214.00','49855.00','22145'),(109,109,'47725.00','22373.00','22512'),(110,110,'65080.00','19531.00','42313'),(111,111,'10599.00','78706.00','95945'),(112,112,'95287.00','48021.00','94681'),(113,113,'34629.00','26658.00','26272'),(114,114,'44758.00','42426.00','15368'),(115,115,'67447.00','63579.00','4118'),(116,116,'16021.00','11551.00','28779'),(117,117,'13869.00','52740.00','39601'),(118,118,'32273.00','73565.00','46829'),(119,119,'90273.00','8069.00','99057'),(120,120,'91683.00','2387.00','74442'),(121,121,'94951.00','59955.00','83750'),(122,122,'64843.00','15548.00','40808'),(123,123,'47653.00','82275.00','15911'),(124,124,'31419.00','69430.00','50503'),(125,125,'76197.00','59623.00','20227'),(126,126,'5442.00','20521.00','17629'),(127,127,'59594.00','84088.00','66913'),(128,128,'54047.00','67943.00','27034'),(129,129,'77418.00','89205.00','18757'),(130,130,'81022.00','91436.00','79369'),(131,131,'69532.00','97328.00','24232'),(132,132,'83583.00','13653.00','11725'),(133,133,'74862.00','59486.00','46719'),(134,134,'74497.00','85531.00','35040'),(135,135,'44211.00','61301.00','75793'),(136,136,'95646.00','69298.00','81012'),(137,137,'19808.00','84947.00','95810'),(138,138,'84103.00','91524.00','50485'),(139,139,'96673.00','49135.00','13094'),(140,140,'16557.00','34564.00','53580'),(141,141,'38673.00','86182.00','85271'),(142,142,'5392.00','871.00','17486'),(143,143,'67355.00','93150.00','41834'),(144,144,'22373.00','82484.00','29718'),(145,145,'36624.00','29702.00','32163'),(146,146,'30126.00','20001.00','57540'),(147,147,'19079.00','83972.00','6492'),(148,148,'84923.00','37294.00','51502'),(149,149,'98735.00','92652.00','42309'),(150,150,'61345.00','92279.00','90518'),(151,151,'73314.00','57759.00','67675'),(152,152,'22182.00','37472.00','76788'),(153,153,'96129.00','76990.00','24206'),(154,154,'82815.00','35854.00','37860'),(155,155,'34277.00','29621.00','36111'),(156,156,'87934.00','38491.00','67892'),(157,157,'93949.00','83268.00','85775'),(158,158,'89774.00','93552.00','43072'),(159,159,'31274.00','73942.00','53954'),(160,160,'99736.00','12244.00','90165'),(161,161,'25447.00','86685.00','65193'),(162,162,'72294.00','64321.00','21776'),(163,163,'85236.00','64344.00','78781'),(164,164,'96843.00','32701.00','82240'),(165,165,'67777.00','51427.00','95654'),(166,166,'56067.00','90882.00','76922'),(167,167,'665.00','54.00','13454'),(168,168,'63231.00','23531.00','88272'),(169,169,'40395.00','51185.00','24817'),(170,170,'24332.00','62268.00','98728'),(171,171,'71109.00','52605.00','2235'),(172,172,'37038.00','96159.00','86847'),(173,173,'74687.00','20996.00','66479'),(174,174,'7329.00','11827.00','55171'),(175,175,'28882.00','22111.00','40937'),(176,176,'71942.00','22496.00','58350'),(177,177,'11419.00','40836.00','53265'),(178,178,'16559.00','70621.00','21109'),(179,179,'30617.00','67518.00','86545'),(180,180,'95097.00','95781.00','38840'),(181,181,'81916.00','2156.00','43892'),(182,182,'58604.00','40356.00','6950'),(183,183,'4204.00','97265.00','26570'),(184,184,'82734.00','41804.00','41746'),(185,185,'43241.00','51800.00','83004'),(186,186,'25759.00','26822.00','39399'),(187,187,'84046.00','13382.00','83977'),(188,188,'73042.00','27697.00','65909'),(189,189,'97179.00','90727.00','60443'),(190,190,'69530.00','84436.00','60326'),(191,191,'86918.00','9906.00','28274'),(192,192,'81230.00','81278.00','65250'),(193,193,'1265.00','23573.00','53957'),(194,194,'84323.00','48170.00','53026'),(195,195,'27651.00','45051.00','31333'),(196,196,'52150.00','10228.00','8869'),(197,197,'81681.00','66488.00','28277'),(198,198,'28756.00','34271.00','36940'),(199,199,'96530.00','46796.00','36889'),(200,200,'96891.00','35252.00','17809'),(201,201,'71766.00','43963.00','56146'),(202,202,'64744.00','18259.00','78019'),(203,203,'65988.00','23451.00','46071'),(204,204,'5759.00','67874.00','19287'),(205,205,'81760.00','13222.00','68171'),(206,206,'57791.00','28730.00','42096'),(207,207,'56489.00','44271.00','72558'),(208,208,'4828.00','24066.00','65783'),(209,209,'31845.00','27851.00','30507'),(210,210,'18364.00','83372.00','29588'),(211,211,'97528.00','95709.00','55450'),(212,212,'56630.00','36738.00','1659'),(213,213,'48722.00','97243.00','70997'),(214,214,'65932.00','69128.00','62019'),(215,215,'38031.00','27594.00','80952'),(216,216,'60091.00','43537.00','23538'),(217,217,'23643.00','79333.00','98340'),(218,218,'42401.00','9076.00','8069'),(219,219,'17489.00','46790.00','23290'),(220,220,'63087.00','78672.00','24535'),(221,221,'97277.00','50800.00','61209'),(222,222,'37440.00','90300.00','64533'),(223,223,'95337.00','17591.00','99493'),(224,224,'97032.00','85984.00','83918'),(225,225,'29491.00','74842.00','29719'),(226,226,'7339.00','49176.00','91277'),(227,227,'50289.00','27396.00','73808'),(228,228,'9721.00','23594.00','37285'),(229,229,'33295.00','73570.00','87384'),(230,230,'43381.00','59531.00','43074'),(231,231,'62916.00','95453.00','18270'),(232,232,'66394.00','27272.00','28181'),(233,233,'67462.00','48666.00','20472'),(234,234,'6112.00','76110.00','49869'),(235,235,'72845.00','82742.00','81477'),(236,236,'83283.00','17798.00','85075'),(237,237,'69490.00','75581.00','71881'),(238,238,'22991.00','86651.00','97100'),(239,239,'42711.00','35935.00','80463'),(240,240,'2196.00','26225.00','58845'),(241,241,'76754.00','45127.00','54793'),(242,242,'90499.00','78009.00','62160'),(243,243,'85803.00','79882.00','41024'),(244,244,'60800.00','34830.00','23146'),(245,245,'67397.00','86922.00','12677'),(246,246,'57748.00','54546.00','50593'),(247,247,'20564.00','48894.00','56550'),(248,248,'9340.00','44899.00','74259'),(249,249,'81845.00','58720.00','27326'),(250,250,'75195.00','22236.00','15702'),(251,251,'72354.00','25761.00','32834'),(252,252,'44747.00','90255.00','14442'),(253,253,'65232.00','89406.00','6447'),(254,254,'39695.00','3473.00','37961'),(255,255,'94507.00','74305.00','66380'),(256,256,'12896.00','17735.00','20766'),(257,257,'65777.00','88515.00','62140'),(258,258,'96727.00','18759.00','59281'),(259,259,'64659.00','87406.00','69726'),(260,260,'62003.00','66995.00','36690'),(261,261,'53522.00','31976.00','87294'),(262,262,'99393.00','44275.00','89459'),(263,263,'37228.00','20358.00','90081'),(264,264,'65815.00','23781.00','75470'),(265,265,'77570.00','72786.00','17018'),(266,266,'65178.00','72681.00','97840'),(267,267,'85271.00','18391.00','73657'),(268,268,'77396.00','75107.00','88187'),(269,269,'27384.00','26868.00','89311'),(270,270,'49529.00','38048.00','63363'),(271,271,'21551.00','17496.00','39996'),(272,272,'96049.00','76805.00','69340'),(273,273,'74407.00','72832.00','85532'),(274,274,'16548.00','8991.00','30987'),(275,275,'78379.00','21294.00','44878'),(276,276,'696.00','56563.00','23852'),(277,277,'98591.00','20334.00','82530'),(278,278,'86293.00','90426.00','55994'),(279,279,'52123.00','51772.00','73754'),(280,280,'72097.00','25893.00','68642'),(281,281,'34809.00','40540.00','20812'),(282,282,'34870.00','26067.00','25461'),(283,283,'91825.00','1880.00','63119'),(284,284,'67200.00','21516.00','34107'),(285,285,'13037.00','44130.00','93349'),(286,286,'29192.00','50066.00','57412'),(287,287,'33788.00','73812.00','22944'),(288,288,'95811.00','30129.00','40043'),(289,289,'51475.00','94033.00','52517'),(290,290,'90786.00','47081.00','15454'),(291,291,'15413.00','82220.00','88343'),(292,292,'84753.00','11700.00','51846'),(293,293,'77636.00','39772.00','61457'),(294,294,'71689.00','46480.00','63379'),(295,295,'70181.00','95397.00','86693'),(296,296,'3852.00','79863.00','98442'),(297,297,'86499.00','26699.00','84491'),(298,298,'91642.00','43446.00','88541'),(299,299,'916.00','70736.00','93917'),(300,300,'82302.00','59178.00','15791'),(301,301,'71503.00','64706.00','23646'),(302,302,'64946.00','45065.00','44807'),(303,303,'50698.00','68000.00','36501'),(304,304,'75915.00','72426.00','3338'),(305,305,'96180.00','67691.00','85686'),(306,306,'38119.00','34307.00','38384'),(307,307,'89918.00','21120.00','18350'),(308,308,'24781.00','82535.00','79256'),(309,309,'28854.00','58514.00','9591'),(310,310,'34077.00','29164.00','16711'),(311,311,'64893.00','74124.00','38412'),(312,312,'33837.00','16915.00','47996'),(313,313,'72616.00','58319.00','23215'),(314,314,'11369.00','64258.00','65191'),(315,315,'69409.00','58456.00','80219'),(316,316,'68420.00','28853.00','45900'),(317,317,'96089.00','92188.00','77473'),(318,318,'83975.00','25898.00','293'),(319,319,'96122.00','31906.00','10817'),(320,320,'90894.00','41713.00','38844'),(321,321,'59979.00','52876.00','7990'),(322,322,'38714.00','75987.00','61885'),(323,323,'94179.00','11533.00','19069'),(324,324,'47442.00','21666.00','46636'),(325,325,'86839.00','23065.00','64326'),(326,326,'86552.00','80706.00','27087'),(327,327,'86104.00','80244.00','88375'),(328,328,'54760.00','19413.00','6709'),(329,329,'21489.00','36452.00','52974'),(330,330,'68960.00','69467.00','60340'),(331,331,'71110.00','34139.00','2185'),(332,332,'61496.00','18518.00','38498'),(333,333,'32572.00','59903.00','25957'),(334,334,'88182.00','63360.00','44980'),(335,335,'20369.00','10994.00','73647'),(336,336,'59004.00','82224.00','85542'),(337,337,'79326.00','58329.00','25460'),(338,338,'98051.00','11976.00','74337'),(339,339,'82980.00','24362.00','6910'),(340,340,'60013.00','64068.00','72781'),(341,341,'93408.00','43880.00','84236'),(342,342,'8719.00','68547.00','76435'),(343,343,'35275.00','8107.00','42709'),(344,344,'95389.00','89840.00','28540'),(345,345,'85470.00','2179.00','11725'),(346,346,'2036.00','19690.00','43708'),(347,347,'30341.00','89686.00','11712'),(348,348,'24467.00','49096.00','54249'),(349,349,'29644.00','11651.00','55016'),(350,350,'15398.00','41898.00','53342'),(351,351,'61401.00','94133.00','38630'),(352,352,'63383.00','90412.00','77496'),(353,353,'79841.00','42741.00','60037'),(354,354,'35580.00','20457.00','74753'),(355,355,'9084.00','4352.00','70598'),(356,356,'23924.00','26050.00','34135'),(357,357,'23035.00','96903.00','98129'),(358,358,'73715.00','51778.00','7993'),(359,359,'58457.00','92437.00','94024'),(360,360,'2014.00','64515.00','70649'),(361,361,'29344.00','20759.00','90801'),(362,362,'66034.00','66999.00','92722'),(363,363,'54734.00','84889.00','41281'),(364,364,'25877.00','76433.00','40763'),(365,365,'65837.00','86207.00','75327'),(366,366,'68119.00','36002.00','10414'),(367,367,'19552.00','19699.00','11247'),(368,368,'65787.00','16301.00','6630'),(369,369,'57052.00','78898.00','2862'),(370,370,'36851.00','37107.00','51468'),(371,371,'48862.00','86646.00','60040'),(372,372,'22665.00','25105.00','4385'),(373,373,'82000.00','14219.00','76157'),(374,374,'15786.00','39901.00','59649'),(375,375,'94383.00','14069.00','57851'),(376,376,'60049.00','50242.00','79197'),(377,377,'36528.00','84285.00','18061'),(378,378,'43086.00','29513.00','2806'),(379,379,'67749.00','59235.00','64490'),(380,380,'94982.00','50371.00','9289'),(381,381,'25955.00','42030.00','19255'),(382,382,'19163.00','64757.00','81751'),(383,383,'63987.00','98262.00','97464'),(384,384,'82440.00','94545.00','1308'),(385,385,'77925.00','97511.00','10423'),(386,386,'37023.00','55907.00','10415'),(387,387,'22547.00','96220.00','14208'),(388,388,'38520.00','71228.00','72538'),(389,389,'87461.00','20627.00','83384'),(390,390,'80074.00','41815.00','96562'),(391,391,'2440.00','11979.00','58698'),(392,392,'22240.00','86141.00','97013'),(393,393,'232.00','4810.00','29969'),(394,394,'82633.00','74814.00','65491'),(395,395,'37027.00','2010.00','53971'),(396,396,'92973.00','35263.00','93002'),(397,397,'69607.00','98363.00','79968'),(398,398,'75905.00','28295.00','51462'),(399,399,'69691.00','10279.00','22710'),(400,400,'91833.00','23718.00','39296'),(401,401,'23116.00','2188.00','80093'),(402,402,'76868.00','49086.00','83613'),(403,403,'75541.00','43200.00','12166'),(404,404,'11877.00','94097.00','23077'),(405,405,'18495.00','7246.00','84481'),(406,406,'39899.00','96235.00','11228'),(407,407,'35220.00','50912.00','10775'),(408,408,'43333.00','82917.00','40773'),(409,409,'66194.00','61307.00','22302'),(410,410,'68334.00','26822.00','74161'),(411,411,'88918.00','65227.00','69385'),(412,412,'79260.00','20241.00','38824'),(413,413,'54545.00','18043.00','48297'),(414,414,'33640.00','79705.00','35541'),(415,415,'44286.00','37099.00','91272'),(416,416,'48465.00','62183.00','66635'),(417,417,'10594.00','9366.00','6279'),(418,418,'14413.00','40646.00','18043'),(419,419,'92988.00','82463.00','69683'),(420,420,'87457.00','82393.00','40109'),(421,421,'45365.00','1732.00','45114'),(422,422,'69725.00','89545.00','74471'),(423,423,'62686.00','21415.00','25229'),(424,424,'10005.00','6323.00','63152'),(425,425,'29343.00','30517.00','66124'),(426,426,'41431.00','94258.00','87908'),(427,427,'98330.00','57480.00','52528'),(428,428,'87074.00','24500.00','88920'),(429,429,'17357.00','5504.00','50138'),(430,430,'51282.00','30904.00','38354'),(431,431,'2997.00','98783.00','57139'),(432,432,'5534.00','41216.00','42998'),(433,433,'2473.00','10331.00','58380'),(434,434,'82659.00','38913.00','33995'),(435,435,'34828.00','10179.00','10685'),(436,436,'89849.00','11565.00','62334'),(437,437,'66855.00','39733.00','47071'),(438,438,'49796.00','83871.00','85572'),(439,439,'79826.00','7026.00','24831'),(440,440,'75892.00','56814.00','3687'),(441,441,'65585.00','95572.00','43536'),(442,442,'97430.00','42257.00','26549'),(443,443,'53355.00','28562.00','25147'),(444,444,'29113.00','56215.00','78003'),(445,445,'85979.00','60795.00','10338'),(446,446,'9247.00','65280.00','86974'),(447,447,'45100.00','19112.00','97897'),(448,448,'5590.00','63453.00','12649'),(449,449,'18102.00','60192.00','58937'),(450,450,'2983.00','85253.00','68298'),(451,451,'55589.00','3694.00','63343'),(452,452,'26632.00','69980.00','16356'),(453,453,'38566.00','37244.00','51959'),(454,454,'82824.00','8896.00','27431'),(455,455,'50530.00','94161.00','13580'),(456,456,'38287.00','41636.00','48685'),(457,457,'24375.00','12398.00','5706'),(458,458,'92345.00','11008.00','97346'),(459,459,'19371.00','41201.00','97798'),(460,460,'21398.00','27164.00','45775'),(461,461,'40211.00','69369.00','29380'),(462,462,'13745.00','35388.00','52430'),(463,463,'16964.00','22485.00','35015'),(464,464,'88982.00','59899.00','84805'),(465,465,'35932.00','73572.00','82638'),(466,466,'59214.00','72479.00','44193'),(467,467,'26889.00','49850.00','21261'),(468,468,'14577.00','85328.00','62476'),(469,469,'60590.00','59118.00','46477'),(470,470,'80925.00','24302.00','95907'),(471,471,'3206.00','28351.00','90591'),(472,472,'40078.00','26926.00','46334'),(473,473,'39876.00','36624.00','63997'),(474,474,'8524.00','44543.00','94569'),(475,475,'34215.00','68621.00','15273'),(476,476,'7562.00','65200.00','63239'),(477,477,'80375.00','13565.00','12555'),(478,478,'6776.00','88228.00','78387'),(479,479,'34671.00','2473.00','13983'),(480,480,'95572.00','35395.00','13335'),(481,481,'70746.00','23123.00','62047'),(482,482,'61708.00','55908.00','22590'),(483,483,'14795.00','12972.00','5909'),(484,484,'28354.00','68389.00','8747'),(485,485,'57454.00','94868.00','55329'),(486,486,'63378.00','39162.00','87351'),(487,487,'3302.00','16965.00','14095'),(488,488,'94502.00','29942.00','49353'),(489,489,'62763.00','30273.00','44979'),(490,490,'65264.00','94383.00','97964'),(491,491,'46055.00','2355.00','73685'),(492,492,'93480.00','83778.00','39058'),(493,493,'89681.00','20156.00','19329'),(494,494,'79537.00','63190.00','95489'),(495,495,'70711.00','3992.00','48480'),(496,496,'96558.00','23309.00','35529'),(497,497,'12885.00','70845.00','62039'),(498,498,'78108.00','80214.00','62543'),(499,499,'30537.00','94367.00','98756'),(500,500,'96489.00','19822.00','70550'),(501,501,'80634.00','1035.00','69019'),(502,502,'59567.00','68506.00','39558'),(503,503,'45837.00','31202.00','87648'),(504,504,'57795.00','86421.00','30004'),(505,505,'51989.00','89673.00','5434'),(506,506,'25732.00','17007.00','99810'),(507,507,'63132.00','96241.00','73446'),(508,508,'17308.00','3046.00','53392'),(509,509,'47481.00','50733.00','27462'),(510,510,'99211.00','57748.00','81526'),(511,511,'76903.00','99267.00','8663'),(512,512,'59274.00','45199.00','91512'),(513,513,'50063.00','22582.00','869'),(514,514,'15.00','90136.00','10935'),(515,515,'7032.00','35269.00','3943'),(516,516,'85125.00','49049.00','77858'),(517,517,'87264.00','72963.00','42439'),(518,518,'23083.00','7745.00','60454'),(519,519,'69686.00','21108.00','20845'),(520,520,'44660.00','37100.00','17533'),(521,521,'38207.00','92468.00','24142'),(522,522,'9658.00','47887.00','9096'),(523,523,'9282.00','26863.00','3347'),(524,524,'9054.00','10246.00','48343'),(525,525,'57082.00','75675.00','77718'),(526,526,'4366.00','89426.00','34383'),(527,527,'53233.00','31095.00','12126'),(528,528,'66701.00','17416.00','61709'),(529,529,'41773.00','78541.00','52020'),(530,530,'13895.00','80352.00','20432'),(531,531,'57860.00','59242.00','93392'),(532,532,'15215.00','88190.00','81874'),(533,533,'13966.00','40597.00','41305'),(534,534,'18604.00','30458.00','77962'),(535,535,'14961.00','56927.00','94206'),(536,536,'58185.00','27105.00','16832'),(537,537,'49134.00','93978.00','40098'),(538,538,'12110.00','7845.00','4662'),(539,539,'15216.00','77285.00','51246'),(540,540,'9501.00','37530.00','35808'),(541,541,'61022.00','30638.00','84695'),(542,542,'31724.00','17472.00','88026'),(543,543,'48940.00','45413.00','37869'),(544,544,'74221.00','52807.00','67515'),(545,545,'33487.00','2156.00','3748'),(546,546,'24375.00','36070.00','78004'),(547,547,'36466.00','15527.00','31573'),(548,548,'85325.00','2242.00','45975'),(549,549,'34222.00','45312.00','59089'),(550,550,'76644.00','12374.00','44280'),(551,551,'49159.00','79084.00','85806'),(552,552,'41686.00','75242.00','76919'),(553,553,'64188.00','35635.00','46109'),(554,554,'83426.00','69775.00','64101'),(555,555,'8686.00','72516.00','75442'),(556,556,'79295.00','74431.00','63969'),(557,557,'14992.00','58880.00','43115'),(558,558,'9700.00','22416.00','60481'),(559,559,'16749.00','26809.00','72840'),(560,560,'9527.00','85849.00','48152'),(561,561,'32834.00','9013.00','86602'),(562,562,'67229.00','27163.00','44213'),(563,563,'40490.00','8246.00','90844'),(564,564,'84206.00','72116.00','51813'),(565,565,'80338.00','81130.00','97789'),(566,566,'9834.00','62261.00','48082'),(567,567,'72335.00','14592.00','86320'),(568,568,'78926.00','59309.00','60357'),(569,569,'29251.00','27949.00','99676'),(570,570,'98740.00','43507.00','774'),(571,571,'56424.00','8973.00','41058'),(572,572,'42282.00','41759.00','2893'),(573,573,'35719.00','40889.00','39325'),(574,574,'67238.00','96378.00','44866'),(575,575,'83863.00','13083.00','39010'),(576,576,'98784.00','14296.00','26611'),(577,577,'86018.00','63423.00','2261'),(578,578,'52285.00','92359.00','85623'),(579,579,'30967.00','14776.00','26252'),(580,580,'28885.00','24540.00','38011'),(581,581,'16132.00','16685.00','45696'),(582,582,'90923.00','77548.00','25755'),(583,583,'68317.00','15021.00','93029'),(584,584,'36780.00','35429.00','97481'),(585,585,'52861.00','16466.00','74635'),(586,586,'63193.00','4323.00','22146'),(587,587,'81704.00','43720.00','46457'),(588,588,'61160.00','72500.00','5466'),(589,589,'20341.00','39918.00','43948'),(590,590,'60193.00','48733.00','50009'),(591,591,'13988.00','71844.00','47566'),(592,592,'71686.00','26042.00','34623'),(593,593,'25704.00','66288.00','25902'),(594,594,'46429.00','88479.00','11840'),(595,595,'45867.00','31993.00','12296'),(596,596,'31626.00','54853.00','47520'),(597,597,'64702.00','94995.00','27336'),(598,598,'54765.00','71064.00','82931'),(599,599,'80040.00','34197.00','8581'),(600,600,'75606.00','11316.00','85106'),(601,601,'34843.00','53608.00','87539'),(602,602,'28549.00','52850.00','70079'),(603,603,'29708.00','96014.00','2216'),(604,604,'12906.00','87241.00','80643'),(605,605,'67107.00','75301.00','86489'),(606,606,'80558.00','44189.00','19861'),(607,607,'20225.00','61578.00','46395'),(608,608,'10086.00','14981.00','47437'),(609,609,'13251.00','76097.00','31014'),(610,610,'45717.00','33630.00','10138'),(611,611,'35689.00','66395.00','17144'),(612,612,'42460.00','79274.00','75697'),(613,613,'34734.00','31693.00','57196'),(614,614,'47400.00','67066.00','31485'),(615,615,'95507.00','16490.00','55023'),(616,616,'18907.00','36014.00','79059'),(617,617,'22599.00','43172.00','5659'),(618,618,'71799.00','23510.00','82429'),(619,619,'51236.00','91743.00','85125'),(620,620,'11298.00','11791.00','72081'),(621,621,'47919.00','79042.00','28458'),(622,622,'80286.00','66984.00','56091'),(623,623,'87187.00','73564.00','39623'),(624,624,'19384.00','80815.00','64126'),(625,625,'99195.00','85437.00','63460'),(626,626,'27643.00','20661.00','19005'),(627,627,'40749.00','9499.00','61469'),(628,628,'15023.00','68528.00','51252'),(629,629,'55096.00','94762.00','5182'),(630,630,'41244.00','65878.00','6803'),(631,631,'48793.00','14886.00','83826'),(632,632,'66850.00','36053.00','22853'),(633,633,'32120.00','60518.00','50538'),(634,634,'63804.00','88269.00','99281'),(635,635,'50922.00','54852.00','91669'),(636,636,'93888.00','81161.00','42114'),(637,637,'28275.00','4093.00','25139'),(638,638,'9981.00','85264.00','63842'),(639,639,'61713.00','59611.00','29740'),(640,640,'59681.00','51763.00','29611'),(641,641,'18104.00','30776.00','99369'),(642,642,'13374.00','49099.00','99575'),(643,643,'2469.00','16136.00','15479'),(644,644,'54104.00','99857.00','60631'),(645,645,'94304.00','48783.00','88414'),(646,646,'87853.00','3205.00','86381'),(647,647,'51145.00','71506.00','66971'),(648,648,'8735.00','60725.00','44780'),(649,649,'19635.00','88660.00','11693'),(650,650,'19280.00','68203.00','11953'),(651,651,'51173.00','82450.00','23284'),(652,652,'87508.00','95338.00','73265'),(653,653,'42657.00','82461.00','52923'),(654,654,'30991.00','8300.00','39278'),(655,655,'69850.00','45185.00','23997'),(656,656,'88641.00','31360.00','21880'),(657,657,'12405.00','10798.00','92162'),(658,658,'18621.00','35623.00','33787'),(659,659,'41107.00','33160.00','11706'),(660,660,'74795.00','40001.00','9776'),(661,661,'85238.00','23683.00','91861'),(662,662,'55164.00','69986.00','28459'),(663,663,'64440.00','37222.00','64928'),(664,664,'70768.00','95346.00','7974'),(665,665,'22116.00','45239.00','82911'),(666,666,'23233.00','27914.00','78933'),(667,667,'92582.00','7814.00','89258'),(668,668,'34942.00','5779.00','18994'),(669,669,'49319.00','99064.00','84781'),(670,670,'72074.00','70805.00','31174'),(671,671,'15048.00','10699.00','92441'),(672,672,'41312.00','42462.00','41458'),(673,673,'53634.00','80488.00','35289'),(674,674,'882.00','17805.00','9711'),(675,675,'2010.00','78435.00','67715'),(676,676,'29598.00','9695.00','12573'),(677,677,'11177.00','44431.00','33381'),(678,678,'23939.00','6410.00','61098'),(679,679,'71350.00','22095.00','49799'),(680,680,'62789.00','6664.00','88016'),(681,681,'50174.00','40324.00','58095'),(682,682,'14538.00','38075.00','53717'),(683,683,'38392.00','3287.00','25977'),(684,684,'9986.00','70613.00','22806'),(685,685,'5026.00','1868.00','16513'),(686,686,'12808.00','52804.00','7554'),(687,687,'6747.00','11017.00','941'),(688,688,'46967.00','44590.00','54985'),(689,689,'94982.00','94194.00','21931'),(690,690,'99231.00','3379.00','57325'),(691,691,'32046.00','57791.00','82714'),(692,692,'83417.00','77902.00','13032'),(693,693,'91763.00','26630.00','65399'),(694,694,'29739.00','21631.00','83413'),(695,695,'65451.00','54930.00','27314'),(696,696,'13064.00','55666.00','87101'),(697,697,'67118.00','86739.00','14937'),(698,698,'30158.00','76665.00','17025'),(699,699,'74910.00','96987.00','93586'),(700,700,'66475.00','86549.00','96068'),(701,701,'94421.00','32347.00','95754'),(702,702,'66360.00','5247.00','34266'),(703,703,'58052.00','80110.00','69011'),(704,704,'72797.00','27512.00','90019'),(705,705,'41067.00','32178.00','65670'),(706,706,'2638.00','64610.00','92401'),(707,707,'50536.00','62700.00','8500'),(708,708,'75855.00','96251.00','21264'),(709,709,'49111.00','41637.00','57577'),(710,710,'54981.00','24115.00','37565'),(711,711,'66249.00','20299.00','82277'),(712,712,'8902.00','28073.00','27788'),(713,713,'2687.00','66990.00','37965'),(714,714,'5523.00','77233.00','56679'),(715,715,'7098.00','55496.00','19326'),(716,716,'13390.00','26974.00','72076'),(717,717,'77631.00','86022.00','71977'),(718,718,'7658.00','58778.00','78821'),(719,719,'51605.00','14788.00','40461'),(720,720,'76688.00','30936.00','74180'),(721,721,'18553.00','54645.00','34684'),(722,722,'62539.00','89604.00','1352'),(723,723,'13738.00','11164.00','3843'),(724,724,'57272.00','11885.00','4118'),(725,725,'46763.00','38761.00','5815'),(726,726,'95419.00','26686.00','28083'),(727,727,'4791.00','75821.00','97244'),(728,728,'32562.00','2719.00','47452'),(729,729,'91363.00','79338.00','80989'),(730,730,'65725.00','97641.00','59635'),(731,731,'53348.00','54173.00','73385'),(732,732,'73643.00','68840.00','35904'),(733,733,'19307.00','7775.00','49805'),(734,734,'22534.00','13246.00','11802'),(735,735,'14026.00','39991.00','87498'),(736,736,'46352.00','12558.00','54645'),(737,737,'46626.00','16668.00','15390'),(738,738,'665.00','70328.00','39602'),(739,739,'18861.00','51997.00','32752'),(740,740,'41990.00','31113.00','41329'),(741,741,'75687.00','67473.00','41647'),(742,742,'54872.00','88591.00','90907'),(743,743,'40369.00','7526.00','48502'),(744,744,'45401.00','74152.00','40097'),(745,745,'14118.00','41378.00','93582'),(746,746,'34845.00','71599.00','70924'),(747,747,'8411.00','99518.00','93780'),(748,748,'4944.00','32067.00','97166'),(749,749,'21258.00','3583.00','97418'),(750,750,'43950.00','25364.00','23196'),(751,751,'84779.00','78007.00','55822'),(752,752,'54738.00','90775.00','3941'),(753,753,'46496.00','79321.00','6104'),(754,754,'41717.00','66939.00','37163'),(755,755,'80257.00','83663.00','37230'),(756,756,'12717.00','63779.00','41685'),(757,757,'3665.00','32899.00','97420'),(758,758,'29724.00','43814.00','35613'),(759,759,'87370.00','73754.00','41757'),(760,760,'68852.00','39723.00','94124'),(761,761,'17467.00','73247.00','34348'),(762,762,'82716.00','25418.00','55007'),(763,763,'78658.00','77324.00','14940'),(764,764,'53577.00','57524.00','25182'),(765,765,'60897.00','54227.00','76698'),(766,766,'573.00','36369.00','56765'),(767,767,'23086.00','11115.00','41937'),(768,768,'61491.00','83313.00','626'),(769,769,'22586.00','31567.00','59481'),(770,770,'49708.00','99699.00','93399'),(771,771,'49505.00','75909.00','27548'),(772,772,'6911.00','46353.00','51863'),(773,773,'48237.00','7797.00','63781'),(774,774,'5678.00','94588.00','1172'),(775,775,'71897.00','48372.00','92306'),(776,776,'92546.00','19306.00','91473'),(777,777,'29338.00','68811.00','75297'),(778,778,'41030.00','34270.00','94813'),(779,779,'47027.00','67091.00','45244'),(780,780,'97541.00','52244.00','31953'),(781,781,'5646.00','94825.00','19518'),(782,782,'15743.00','83677.00','57056'),(783,783,'54447.00','9913.00','73911'),(784,784,'52684.00','51415.00','62200'),(785,785,'79575.00','49339.00','53971'),(786,786,'11704.00','77072.00','58015'),(787,787,'37957.00','82916.00','87348'),(788,788,'19423.00','9348.00','77042'),(789,789,'81978.00','97183.00','47826'),(790,790,'36476.00','54747.00','15316'),(791,791,'86565.00','15905.00','95068'),(792,792,'62239.00','19211.00','53268'),(793,793,'87900.00','12393.00','67523'),(794,794,'51327.00','50557.00','89144'),(795,795,'44928.00','68189.00','47386'),(796,796,'28643.00','54965.00','8738'),(797,797,'84968.00','15246.00','60626'),(798,798,'65187.00','90829.00','96825'),(799,799,'43145.00','92094.00','97746'),(800,800,'39009.00','10013.00','25067'),(801,801,'92050.00','70077.00','83870'),(802,802,'78438.00','64520.00','70056'),(803,803,'77229.00','99450.00','17635'),(804,804,'34460.00','40277.00','72406'),(805,805,'99257.00','359.00','44752'),(806,806,'98981.00','75233.00','60133'),(807,807,'56901.00','60332.00','47936'),(808,808,'13086.00','79637.00','47650'),(809,809,'92589.00','87192.00','71048'),(810,810,'70637.00','7065.00','33993'),(811,811,'51922.00','12724.00','33304'),(812,812,'99155.00','80854.00','18806'),(813,813,'63117.00','37928.00','70704'),(814,814,'22291.00','49214.00','54063'),(815,815,'95781.00','3437.00','23817'),(816,816,'31507.00','65209.00','94905'),(817,817,'11799.00','67661.00','91147'),(818,818,'74923.00','87815.00','18254'),(819,819,'83901.00','36574.00','18255'),(820,820,'71366.00','14836.00','11316'),(821,821,'26225.00','97823.00','22365'),(822,822,'4249.00','33670.00','2837'),(823,823,'27569.00','5005.00','87882'),(824,824,'27933.00','42791.00','62681'),(825,825,'81231.00','368.00','28086'),(826,826,'95783.00','88841.00','30284'),(827,827,'6972.00','5442.00','69575'),(828,828,'74737.00','74367.00','3536'),(829,829,'37547.00','42189.00','10386'),(830,830,'92027.00','63492.00','795'),(831,831,'51574.00','75636.00','94087'),(832,832,'79484.00','2000.00','82887'),(833,833,'40785.00','10618.00','45140'),(834,834,'75694.00','39566.00','21456'),(835,835,'83227.00','89373.00','41192'),(836,836,'6048.00','75441.00','95723'),(837,837,'77632.00','48193.00','65628'),(838,838,'21370.00','4598.00','62899'),(839,839,'65686.00','23790.00','74254'),(840,840,'98860.00','24469.00','93612'),(841,841,'41748.00','57882.00','80928'),(842,842,'14708.00','55618.00','80610'),(843,843,'16501.00','61434.00','22419'),(844,844,'93155.00','52416.00','47526'),(845,845,'57477.00','40048.00','54982'),(846,846,'36129.00','75690.00','35994'),(847,847,'79669.00','44418.00','1327'),(848,848,'56326.00','34354.00','43957'),(849,849,'48938.00','56166.00','89622'),(850,850,'83895.00','80089.00','23177'),(851,851,'68314.00','24931.00','96729'),(852,852,'36910.00','60665.00','33244'),(853,853,'8730.00','55640.00','12142'),(854,854,'82210.00','288.00','36512'),(855,855,'81297.00','8106.00','46147'),(856,856,'44160.00','20042.00','92957'),(857,857,'88836.00','66296.00','59614'),(858,858,'61699.00','14216.00','27814'),(859,859,'36942.00','95332.00','82426'),(860,860,'60697.00','78876.00','63625'),(861,861,'45305.00','15277.00','79772'),(862,862,'20916.00','8437.00','36187'),(863,863,'51549.00','78412.00','65962'),(864,864,'25282.00','10979.00','66153'),(865,865,'48640.00','63348.00','62194'),(866,866,'76334.00','52521.00','71473'),(867,867,'44122.00','99938.00','51207'),(868,868,'62730.00','87489.00','36900'),(869,869,'95389.00','86832.00','6559'),(870,870,'7435.00','63847.00','84125'),(871,871,'18473.00','52838.00','89292'),(872,872,'81442.00','14768.00','85151'),(873,873,'31071.00','23363.00','89367'),(874,874,'27354.00','72710.00','86678'),(875,875,'12261.00','56175.00','29191'),(876,876,'87678.00','75950.00','19811'),(877,877,'28837.00','47574.00','40514'),(878,878,'37982.00','7055.00','46434'),(879,879,'11501.00','72220.00','25061'),(880,880,'31805.00','29980.00','93919'),(881,881,'29903.00','33534.00','72424'),(882,882,'39900.00','67761.00','29587'),(883,883,'21487.00','95086.00','62526'),(884,884,'7387.00','32690.00','84150'),(885,885,'47073.00','77366.00','84058'),(886,886,'72912.00','55130.00','41675'),(887,887,'71489.00','18163.00','1220'),(888,888,'8400.00','29420.00','76585'),(889,889,'19365.00','9527.00','86495'),(890,890,'42926.00','63276.00','81054'),(891,891,'62759.00','54745.00','3133'),(892,892,'83763.00','45692.00','56257'),(893,893,'36.00','79986.00','13537'),(894,894,'67066.00','21253.00','51460'),(895,895,'91565.00','42454.00','20046'),(896,896,'51309.00','69828.00','52289'),(897,897,'11054.00','6616.00','65265'),(898,898,'24747.00','70723.00','61265'),(899,899,'70617.00','29194.00','61485'),(900,900,'29172.00','75035.00','10025'),(901,901,'43897.00','50007.00','99983'),(902,902,'60426.00','87580.00','24598'),(903,903,'31529.00','66447.00','493'),(904,904,'84492.00','81056.00','40561'),(905,905,'59571.00','2133.00','25390'),(906,906,'71226.00','15724.00','81692'),(907,907,'74921.00','9223.00','28695'),(908,908,'27914.00','79418.00','57134'),(909,909,'55411.00','77960.00','55074'),(910,910,'45608.00','53677.00','15879'),(911,911,'87205.00','22179.00','9912'),(912,912,'28308.00','50765.00','94245'),(913,913,'25739.00','40963.00','27991'),(914,914,'92865.00','56001.00','97289'),(915,915,'56076.00','46204.00','97380'),(916,916,'40268.00','68466.00','21611'),(917,917,'20338.00','83559.00','96014'),(918,918,'9722.00','4633.00','51347'),(919,919,'56533.00','99191.00','89028'),(920,920,'48627.00','48146.00','44981'),(921,921,'40753.00','43253.00','64425'),(922,922,'74332.00','24549.00','13222'),(923,923,'4842.00','25013.00','48852'),(924,924,'27839.00','89768.00','18643'),(925,925,'53657.00','24597.00','9531'),(926,926,'31472.00','20015.00','85754'),(927,927,'79144.00','708.00','89533'),(928,928,'14938.00','45903.00','15616'),(929,929,'82321.00','66636.00','20079'),(930,930,'5929.00','62280.00','23260'),(931,931,'31964.00','98977.00','16817'),(932,932,'99613.00','63499.00','39452'),(933,933,'89922.00','89634.00','39'),(934,934,'71162.00','25034.00','38719'),(935,935,'67332.00','63909.00','66932'),(936,936,'74484.00','18458.00','48872'),(937,937,'79183.00','24694.00','81369'),(938,938,'53070.00','11740.00','82663'),(939,939,'41087.00','89896.00','64248'),(940,940,'97335.00','75038.00','57385'),(941,941,'92394.00','67433.00','95105'),(942,942,'37650.00','51824.00','40697'),(943,943,'9408.00','36244.00','4473'),(944,944,'59943.00','75180.00','72278'),(945,945,'25656.00','32075.00','39838'),(946,946,'8426.00','91439.00','89518'),(947,947,'47083.00','63408.00','42915'),(948,948,'49600.00','29678.00','1867'),(949,949,'11630.00','11199.00','56362'),(950,950,'2714.00','63683.00','49911'),(951,951,'56784.00','96600.00','61371'),(952,952,'43436.00','86692.00','40234'),(953,953,'40571.00','89079.00','85081'),(954,954,'66909.00','64547.00','93190'),(955,955,'14588.00','38311.00','49720'),(956,956,'47642.00','72673.00','87400'),(957,957,'38675.00','77666.00','72346'),(958,958,'72743.00','1302.00','88415'),(959,959,'15517.00','45699.00','34512'),(960,960,'74274.00','19514.00','14546'),(961,961,'89835.00','2582.00','5174'),(962,962,'60493.00','90712.00','32555'),(963,963,'41816.00','19694.00','50663'),(964,964,'72545.00','28767.00','76021'),(965,965,'33975.00','14274.00','90068'),(966,966,'19308.00','39728.00','20689'),(967,967,'87359.00','800.00','7281'),(968,968,'19283.00','35086.00','12480'),(969,969,'41748.00','12931.00','96223'),(970,970,'53733.00','27963.00','9233'),(971,971,'19381.00','71838.00','11750'),(972,972,'57416.00','70518.00','43220'),(973,973,'95698.00','64547.00','22135'),(974,974,'18592.00','68342.00','58182'),(975,975,'66918.00','19961.00','13189'),(976,976,'89045.00','58619.00','9600'),(977,977,'76338.00','40769.00','10428'),(978,978,'56155.00','5917.00','19712'),(979,979,'69421.00','13792.00','56635'),(980,980,'40696.00','62105.00','1244'),(981,981,'27042.00','94407.00','75647'),(982,982,'6013.00','533.00','86533'),(983,983,'83051.00','10074.00','59816'),(984,984,'57507.00','5045.00','17211'),(985,985,'71867.00','71427.00','55763'),(986,986,'235.00','24733.00','82054'),(987,987,'16744.00','92302.00','54363'),(988,988,'70907.00','49201.00','90922'),(989,989,'94814.00','84082.00','99963'),(990,990,'60062.00','78563.00','27220'),(991,991,'29170.00','30675.00','87384'),(992,992,'79191.00','24620.00','60476'),(993,993,'83304.00','88772.00','1064'),(994,994,'71741.00','62124.00','69230'),(995,995,'56041.00','15251.00','89562'),(996,996,'33618.00','55054.00','1355'),(997,997,'35410.00','93848.00','39151'),(998,998,'65989.00','89970.00','16255'),(999,999,'56992.00','32567.00','66860'),(1000,1000,'55510.00','14825.00','64117');

/*Table structure for table `money_history` */

DROP TABLE IF EXISTS `money_history`;

CREATE TABLE `money_history` (
  `money_history_id` int NOT NULL AUTO_INCREMENT COMMENT '余额历史记录',
  `user_id` int DEFAULT NULL COMMENT '用户ID',
  `money` int DEFAULT NULL COMMENT '金额',
  `tf` int DEFAULT NULL COMMENT '0=+ 1=-',
  `sen_time` datetime DEFAULT NULL COMMENT '操作时间',
  PRIMARY KEY (`money_history_id`)
) ENGINE=InnoDB AUTO_INCREMENT=4 DEFAULT CHARSET=utf8mb4 COLLATE=utf8mb4_general_ci;

/*Data for the table `money_history` */

insert  into `money_history`(`money_history_id`,`user_id`,`money`,`tf`,`sen_time`) values (1,1,3,0,'2023-03-01 16:36:41'),(2,1,5,1,'2023-03-02 16:36:48'),(3,1,100,0,'2023-03-03 16:36:55');

/*Table structure for table `report_goods` */

DROP TABLE IF EXISTS `report_goods`;

CREATE TABLE `report_goods` (
  `report_goods_id` int NOT NULL AUTO_INCREMENT COMMENT '商品举报ID',
  `commodity_info_id` int DEFAULT NULL COMMENT '商品ID',
  `send_time` datetime DEFAULT NULL COMMENT '举报时间',
  `end_time` datetime DEFAULT NULL COMMENT '受理时间',
  `admin_tf` int DEFAULT NULL COMMENT '1 同意 0待审 -1驳回',
  `admin_info` varchar(500) COLLATE utf8mb4_general_ci DEFAULT NULL COMMENT '审核人反馈',
  `user_info` varchar(500) COLLATE utf8mb4_general_ci DEFAULT NULL COMMENT '举报人内容',
  `user_id` int DEFAULT NULL COMMENT '举报人ID',
  `admin_id` int DEFAULT NULL COMMENT '管理员ID',
  PRIMARY KEY (`report_goods_id`)
) ENGINE=InnoDB DEFAULT CHARSET=utf8mb4 COLLATE=utf8mb4_general_ci;

/*Data for the table `report_goods` */

/*Table structure for table `seckill_time` */

DROP TABLE IF EXISTS `seckill_time`;

CREATE TABLE `seckill_time` (
  `seckill_time_id` int NOT NULL AUTO_INCREMENT COMMENT '秒杀表ID',
  `send_time` datetime DEFAULT NULL COMMENT '开始时间',
  `end_time` datetime DEFAULT NULL COMMENT '结束时间',
  PRIMARY KEY (`seckill_time_id`)
) ENGINE=InnoDB AUTO_INCREMENT=4 DEFAULT CHARSET=utf8mb3;

/*Data for the table `seckill_time` */

insert  into `seckill_time`(`seckill_time_id`,`send_time`,`end_time`) values (1,'2023-01-15 16:52:12','2023-04-01 12:07:17'),(2,'2023-03-20 16:52:12','2023-03-31 23:08:17'),(3,'2023-03-21 09:49:37','2023-03-31 09:49:40');

/*Table structure for table `seckill_time_info` */

DROP TABLE IF EXISTS `seckill_time_info`;

CREATE TABLE `seckill_time_info` (
  `seckill_time_info_id` int NOT NULL AUTO_INCREMENT COMMENT '秒杀商品表ID',
  `seckill_time_id` int DEFAULT NULL COMMENT '秒杀表ID',
  `commodity_info_id` int DEFAULT NULL COMMENT '商品ID',
  `commodity_num` int DEFAULT NULL COMMENT '数量',
  `commodity_num_sheng` int DEFAULT NULL COMMENT '已购数量',
  PRIMARY KEY (`seckill_time_info_id`)
) ENGINE=InnoDB AUTO_INCREMENT=11 DEFAULT CHARSET=utf8mb3;

/*Data for the table `seckill_time_info` */

insert  into `seckill_time_info`(`seckill_time_info_id`,`seckill_time_id`,`commodity_info_id`,`commodity_num`,`commodity_num_sheng`) values (1,1,1,1000,1),(2,1,2,55,20),(9,3,2,165,0);

/*Table structure for table `service_info` */

DROP TABLE IF EXISTS `service_info`;

CREATE TABLE `service_info` (
  `service_info_id` int NOT NULL AUTO_INCREMENT COMMENT '客服聊天表ID',
  `shop_id` int DEFAULT NULL COMMENT '店铺ID',
  `both` int DEFAULT NULL COMMENT '0=店铺 1=用户',
  `service_info` varchar(500) DEFAULT NULL COMMENT '内容',
  `fujian` varchar(500) DEFAULT NULL COMMENT '附件',
  `user_id` int DEFAULT NULL COMMENT '用户ID',
  `service_id` int DEFAULT NULL COMMENT '客服用户ID',
  `send_time` datetime DEFAULT NULL COMMENT '发送时间',
  `read_tf` int DEFAULT NULL COMMENT '0=已读  1=未读',
  PRIMARY KEY (`service_info_id`)
) ENGINE=InnoDB AUTO_INCREMENT=130 DEFAULT CHARSET=utf8mb3;

/*Data for the table `service_info` */

insert  into `service_info`(`service_info_id`,`shop_id`,`both`,`service_info`,`fujian`,`user_id`,`service_id`,`send_time`,`read_tf`) values (1,1,0,'士大夫十分','{\"type\":\"video\",\"url\":\"/commodity_info_img/1679278416401111179.mp4\"}',200,1,'2023-03-21 16:10:05',0),(2,1,1,'的风格','{\"type\":\"img\",\"url\":\"/user_img/123.jpeg\"}',200,1,'2023-03-21 16:10:48',0),(3,1,0,'879789',NULL,300,500,'2023-03-22 13:58:51',0),(4,1,1,'第三方士大夫',NULL,200,1,'2023-03-22 15:58:36',0),(5,1,1,'所发生的放',NULL,300,1,'2023-03-22 15:59:06',0),(6,1,0,'胜多负少',NULL,300,1,'2023-03-22 15:59:09',0),(7,1,0,'sdf',NULL,200,1,'2023-03-22 16:42:06',0),(8,1,0,'4564',NULL,200,1,'2023-03-22 16:42:26',0),(9,1,0,'hjhjkhjk',NULL,200,1,'2023-03-22 16:42:44',0),(10,1,0,'sdf',NULL,200,1,'2023-03-22 16:44:42',0),(11,1,0,'','{\"type\":\"img\",\"url\":\"/sale/167947538579276618.jpg\"}',200,1,'2023-03-22 16:56:25',0),(12,1,0,'','{\"type\":\"video\",\"url\":\"/sale/16794754391589736442.mp4\"}',200,1,'2023-03-22 16:57:19',0),(13,2,1,'你电饭锅',NULL,200,500,'2023-03-22 18:48:30',1),(14,1,1,'sdfsdf',NULL,200,500,'2023-03-22 19:42:10',0),(15,1,1,'sdfsdf',NULL,200,500,'2023-03-22 19:43:49',0),(16,1,1,'胜多负少的',NULL,200,500,'2023-03-22 19:44:46',0),(17,1,1,'神鼎飞丹砂',NULL,200,500,'2023-03-22 19:44:49',0),(18,1,0,'水电费',NULL,200,1,'2023-03-22 19:46:15',0),(19,1,0,'sdfdsfsdf',NULL,200,1,'2023-03-22 19:46:31',0),(20,1,1,'水电费',NULL,200,1,'2023-03-22 19:46:44',0),(21,1,0,'sdfsdfsdf',NULL,200,1,'2023-03-22 19:47:45',0),(22,1,0,'sdf',NULL,200,1,'2023-03-22 19:58:31',0),(23,1,0,'sdfsdf',NULL,200,1,'2023-03-22 19:58:45',0),(24,1,0,'dfsf',NULL,200,1,'2023-03-22 19:58:58',0),(25,1,0,'胜多负少',NULL,200,1,'2023-03-22 19:59:15',0),(26,1,0,'电饭锅',NULL,200,1,'2023-03-22 20:01:13',0),(27,1,0,'水电费水电费',NULL,200,1,'2023-03-22 20:03:47',0),(28,1,0,'sdf',NULL,200,1,'2023-03-22 20:06:15',0),(29,1,0,'sdfsdf',NULL,200,1,'2023-03-22 20:07:54',0),(30,1,0,'sdfsdf水电费',NULL,200,1,'2023-03-22 20:08:53',0),(31,1,0,'sdfsdf水电费',NULL,200,1,'2023-03-22 20:10:39',0),(32,1,0,'胜多负少的',NULL,200,1,'2023-03-22 20:10:44',0),(33,1,1,'asfdsf',NULL,200,1,'2023-03-22 20:10:50',0),(34,1,0,'sdf',NULL,200,1,'2023-03-22 20:12:48',0),(35,1,0,'电饭锅',NULL,200,1,'2023-03-22 20:12:57',0),(36,1,0,'sdfsdf',NULL,200,1,'2023-03-22 20:13:05',0),(37,1,0,'sdfsdf',NULL,200,1,'2023-03-22 20:13:33',0),(38,1,0,'sdfsdf',NULL,200,1,'2023-03-22 20:14:37',0),(39,1,0,'456456',NULL,200,1,'2023-03-22 20:14:50',0),(40,1,0,'sdf',NULL,200,1,'2023-03-22 20:15:47',0),(41,1,0,'4864865',NULL,200,1,'2023-03-22 20:16:20',0),(42,1,0,'sdf',NULL,200,1,'2023-03-22 20:16:22',0),(43,1,0,'电饭锅',NULL,200,1,'2023-03-22 20:17:50',0),(44,1,0,'','{\"type\":\"img\",\"url\":\"/sale/16794874751828790248.jpeg\"}',200,1,'2023-03-22 20:17:55',0),(45,1,1,'jhhj',NULL,200,1,'2023-03-22 20:29:45',0),(46,1,1,'jhfghs',NULL,200,1,'2023-03-22 20:29:53',0),(47,1,0,'sdfsdf',NULL,200,1,'2023-03-22 20:30:37',0),(48,1,0,'486456',NULL,200,1,'2023-03-22 20:31:05',0),(49,1,0,'sdfsdf',NULL,200,1,'2023-03-22 20:31:19',0),(50,1,0,'sdfsdf',NULL,200,1,'2023-03-22 20:31:26',0),(51,1,0,'sdfsdf',NULL,200,1,'2023-03-22 20:33:03',0),(52,1,0,'dfg',NULL,200,1,'2023-03-22 20:33:08',0),(53,1,0,'\r\n45646',NULL,200,1,'2023-03-22 20:33:11',0),(54,1,0,'sdf',NULL,200,1,'2023-03-22 20:35:35',0),(55,1,0,'sdfsdf',NULL,200,1,'2023-03-22 20:35:45',0),(56,1,0,'sdf',NULL,200,1,'2023-03-22 20:38:18',0),(57,1,0,'sdf',NULL,200,1,'2023-03-22 20:38:33',0),(58,1,0,'sdfsd',NULL,200,1,'2023-03-22 20:38:41',0),(59,1,0,'hfghfgh',NULL,200,1,'2023-03-22 20:38:48',0),(60,1,0,'电饭锅',NULL,200,1,'2023-03-22 20:38:53',0),(61,1,0,'水电费',NULL,200,1,'2023-03-22 20:39:31',0),(62,1,1,'sdfsdf',NULL,200,1,'2023-03-22 20:40:07',0),(63,1,1,'dfg',NULL,200,1,'2023-03-22 20:40:11',0),(64,1,0,'sdf',NULL,200,1,'2023-03-22 20:41:27',0),(65,1,0,'sdf',NULL,200,1,'2023-03-22 20:41:33',0),(66,1,0,'sdf',NULL,200,1,'2023-03-22 20:41:40',0),(67,1,0,'456456',NULL,200,1,'2023-03-22 20:41:45',0),(68,1,1,'sdfgsfdg',NULL,200,1,'2023-03-22 20:41:49',0),(69,1,1,'sdfsdf',NULL,200,1,'2023-03-22 20:41:57',0),(70,1,1,'sdfsdf',NULL,200,1,'2023-03-22 20:43:51',0),(71,1,1,'sdfsdf',NULL,200,1,'2023-03-22 20:46:45',0),(72,1,1,'sdf',NULL,200,1,'2023-03-22 20:47:32',0),(73,1,0,'sdf',NULL,200,1,'2023-03-22 20:47:40',0),(74,1,1,'sdfsdf',NULL,200,1,'2023-03-22 20:47:55',0),(75,1,0,'sdfsdf',NULL,200,1,'2023-03-22 20:50:18',0),(76,1,1,'sdfdsf',NULL,200,1,'2023-03-22 20:52:50',0),(77,1,1,'sdfsdf',NULL,200,1,'2023-03-22 20:52:54',0),(78,1,0,'sdfsdf',NULL,200,1,'2023-03-22 20:52:57',0),(79,1,0,'sdfsdf',NULL,200,1,'2023-03-22 20:54:15',0),(80,1,0,'sdfsdf',NULL,200,1,'2023-03-22 20:54:22',0),(81,1,1,'sdfg',NULL,200,1,'2023-03-22 20:54:42',0),(82,1,0,'fdgsdfg',NULL,200,1,'2023-03-22 20:54:45',0),(83,1,0,'dfg',NULL,200,1,'2023-03-22 20:55:49',0),(84,1,0,'sdfsdf',NULL,200,1,'2023-03-22 20:55:56',0),(85,1,1,'asdfadsf',NULL,200,1,'2023-03-22 20:55:58',0),(86,1,1,'','{\"type\":\"img\",\"url\":\"/sale/16794898511348142897.jpeg\"}',200,1,'2023-03-22 20:57:31',0),(87,1,0,'sdfsdf',NULL,200,1,'2023-03-22 20:57:35',0),(88,1,0,'sdf',NULL,200,1,'2023-03-22 20:57:39',0),(89,1,1,'sdf',NULL,200,1,'2023-03-22 20:57:44',0),(90,1,1,'dfgfdg',NULL,200,1,'2023-03-22 20:57:49',0),(91,1,0,'sdf',NULL,300,1,'2023-03-22 20:57:58',1),(92,1,0,'sdfsdf',NULL,300,1,'2023-03-22 20:58:04',1),(93,1,0,'sdfsdf',NULL,300,1,'2023-03-22 20:58:16',1),(94,1,0,'sdfdsf',NULL,200,1,'2023-03-22 20:58:29',0),(95,1,0,'sdfsdf',NULL,200,1,'2023-03-22 20:58:35',0),(96,1,1,'sdfsdf',NULL,200,1,'2023-03-22 20:58:37',0),(97,1,1,'sdfsdf',NULL,200,1,'2023-03-22 20:58:54',0),(98,1,1,'asdasd',NULL,200,1,'2023-03-22 21:00:41',0),(99,1,0,'asdasd',NULL,200,1,'2023-03-22 21:00:44',0),(100,1,1,'dsfsdf',NULL,200,1,'2023-03-22 21:01:04',0),(101,1,0,'sdfsdf',NULL,200,1,'2023-03-22 21:01:11',0),(102,1,0,'sdf',NULL,200,1,'2023-03-22 21:03:02',0),(103,1,0,'sdf',NULL,200,1,'2023-03-22 21:25:08',0),(104,1,0,'sdf',NULL,200,1,'2023-03-22 21:25:13',0),(105,1,0,'sdf',NULL,200,1,'2023-03-22 21:25:18',0),(106,1,0,'sdf',NULL,200,1,'2023-03-22 21:27:16',0),(107,1,1,'sdfsdf',NULL,200,1,'2023-03-22 21:27:20',0),(108,1,1,'sdf',NULL,200,1,'2023-03-22 21:27:23',0),(109,1,0,'sdf',NULL,200,1,'2023-03-22 21:27:25',0),(110,1,0,'','{\"type\":\"video\",\"url\":\"/sale/16794916501169758516.mp4\"}',200,1,'2023-03-22 21:27:30',0),(111,1,0,'sdf',NULL,200,1,'2023-03-23 08:38:10',0),(112,1,0,'玩儿',NULL,200,1,'2023-03-23 08:38:23',0),(113,1,1,'水电费',NULL,200,1,'2023-03-23 08:39:09',0),(116,1,0,'你好',NULL,100,500,'2023-03-23 09:06:07',0),(117,1,0,'56',NULL,100,1,'2023-03-23 09:06:47',0),(118,1,0,'电饭锅',NULL,300,1,'2023-03-23 09:06:58',1),(119,1,0,'dfg',NULL,300,1,'2023-03-23 09:07:01',1),(120,1,0,'3232',NULL,100,1,'2023-03-23 09:07:20',0),(121,1,0,'23',NULL,100,1,'2023-03-23 09:07:22',0),(122,1,1,'dfg',NULL,100,1,'2023-03-23 09:07:25',0),(123,1,1,'sfdf',NULL,100,1,'2023-03-23 09:07:30',0),(124,1,0,'sdfdsf',NULL,300,1,'2023-03-23 09:07:33',1),(125,1,0,'sdf',NULL,100,1,'2023-03-23 09:07:57',0),(126,1,0,'sdf',NULL,300,1,'2023-03-23 09:08:00',1),(127,1,1,'sdfsdf',NULL,100,1,'2023-03-23 09:08:08',0),(128,1,0,'sdfsdf',NULL,100,1,'2023-03-23 09:08:10',0),(129,1,1,'','{\"type\":\"img\",\"url\":\"/sale/1679533706881623611.jpeg\"}',100,1,'2023-03-23 09:08:26',0);

/*Table structure for table `shop` */

DROP TABLE IF EXISTS `shop`;

CREATE TABLE `shop` (
  `shop_id` int NOT NULL AUTO_INCREMENT COMMENT '店铺ID',
  `banner` varchar(1000) DEFAULT NULL COMMENT '店铺首页banner',
  `banner_min` varchar(1000) DEFAULT NULL COMMENT '店铺首页次banner',
  `banner_info` varchar(1000) DEFAULT NULL COMMENT '店铺首页详情商品',
  `attention` int DEFAULT NULL COMMENT '店铺关注人数',
  `bao_money` decimal(10,2) DEFAULT NULL COMMENT '邮费',
  `man_money` decimal(10,2) DEFAULT NULL COMMENT '满免邮费',
  `index_img` varchar(500) DEFAULT NULL COMMENT '店铺活动图片',
  `shop_name` varchar(500) DEFAULT NULL COMMENT '店铺名称',
  `shop_good` int DEFAULT NULL COMMENT '0=好店 1=否',
  `shop_type` int DEFAULT NULL COMMENT '店铺所在平台频道',
  `shop_type_one` int DEFAULT NULL,
  `shop_type_two` int DEFAULT NULL,
  `shop_type_three` int DEFAULT NULL,
  `shop_type_four` int DEFAULT NULL,
  `shop_state` int DEFAULT NULL COMMENT '0=开店 1=闭店',
  `shop_hard` varchar(50) DEFAULT NULL COMMENT '店铺力推商品',
  `shop_img` varchar(500) DEFAULT NULL COMMENT '店铺logo',
  PRIMARY KEY (`shop_id`)
) ENGINE=InnoDB AUTO_INCREMENT=3 DEFAULT CHARSET=utf8mb3;

/*Data for the table `shop` */

insert  into `shop`(`shop_id`,`banner`,`banner_min`,`banner_info`,`attention`,`bao_money`,`man_money`,`index_img`,`shop_name`,`shop_good`,`shop_type`,`shop_type_one`,`shop_type_two`,`shop_type_three`,`shop_type_four`,`shop_state`,`shop_hard`,`shop_img`) values (1,'[{\"type\":0,\"name\":\"男子专区s\"},{\"type\":0,\"name\":\"男子专区s\"},{\"type\":1,\"name\":\"运动鞋s\"},{\"type\":2,\"store_commodity_id\":1},{\"type\":0,\"name\":\"兽性大发\"}]','[{\"type\":0,\"name\":\"男子专区s\"},{\"type\":0,\"name\":\"男子专区s\"},{\"type\":1,\"name\":\"运动鞋s\"},{\"type\":2,\"store_commodity_id\":1}]','[{\"type\":0,\"name\":\"男子专区s\"},{\"type\":0,\"name\":\"男子专区s\"},{\"type\":1,\"name\":\"运动鞋s\"},{\"type\":2,\"store_commodity_id\":1},{\"type\":0,\"name\":\"男子专区s\"},{\"type\":0,\"name\":\"男子专区s\"},{\"type\":0,\"name\":\"兽性大发\"},{\"type\":2,\"store_commodity_id\":1}]',123457,'6.00','100.00','/shop_banner_img/Snipaste_2023-01-12_15-20-39.jpg','欧水电费水电费水电费水电费专卖店',0,1,3,10,26,NULL,0,'[1,2]','/shop_category_img/1679379888556041172.jpeg'),(2,'[{\"type\":0,\"name\":\"手机专区\"},{\"type\":1,\"name\":\"智能手机\"},{\"type\":2,\"store_commodity_id\":6}]','[{\"type\":0,\"name\":\"手机专区\"},{\"type\":1,\"name\":\"智能手机\"},{\"type\":2,\"store_commodity_id\":1},{\"type\":2,\"store_commodity_id\":1}]','[{\"type\":0,\"name\":\"手机专区\"},{\"type\":1,\"name\":\"智能手机\"},{\"type\":2,\"store_commodity_id\":1},{\"type\":2,\"store_commodity_id\":1},{\"type\":0,\"name\":\"手机专区\"},{\"type\":1,\"name\":\"智能手机\"},{\"type\":2,\"store_commodity_id\":1},{\"type\":2,\"store_commodity_id\":1}]',9999,'0.00','0.00','/shop_banner_img/b7ce09f14f3043bdbdab9cba913129a5.jpeg','小米手机专卖店',0,4,NULL,NULL,NULL,NULL,0,'[6,7]','/user_img/123.jpeg');

/*Table structure for table `shop_category` */

DROP TABLE IF EXISTS `shop_category`;

CREATE TABLE `shop_category` (
  `shop_category_id` int NOT NULL AUTO_INCREMENT COMMENT '店铺频道表ID',
  `shop_id` int DEFAULT NULL COMMENT '店铺ID',
  `shop_category_title` varchar(500) DEFAULT NULL COMMENT '店铺频道名称JOIN',
  `shop_category_SON` varchar(500) CHARACTER SET utf8 COLLATE utf8_general_ci DEFAULT NULL COMMENT '店铺频道子类名称',
  `shop_category_img` varchar(500) DEFAULT NULL COMMENT '店铺子频道图片',
  `shop_category_activity_img` varchar(500) CHARACTER SET utf8 COLLATE utf8_general_ci DEFAULT NULL COMMENT '店铺大频道活动图片',
  `shop_category_activity_img_son` varchar(500) DEFAULT NULL COMMENT '店铺子频道活动图片',
  `shop_category_parent_brief` varchar(500) DEFAULT NULL COMMENT '店铺大频道简介',
  `shop_category_son_brief` varchar(500) DEFAULT NULL COMMENT '店铺子频道简介',
  PRIMARY KEY (`shop_category_id`)
) ENGINE=InnoDB AUTO_INCREMENT=23 DEFAULT CHARSET=utf8mb3;

/*Data for the table `shop_category` */

insert  into `shop_category`(`shop_category_id`,`shop_id`,`shop_category_title`,`shop_category_SON`,`shop_category_img`,`shop_category_activity_img`,`shop_category_activity_img_son`,`shop_category_parent_brief`,`shop_category_son_brief`) values (1,1,'男子专区s','运动鞋s','/shop_category_img/1679052759619824776.jpeg','/shop_category_img/16790527591717570375.jpeg','/shop_category_img/16790527781451820458.jpg','[\"潮流\",\"时尚\",\"百搭\"]','[\"耐磨\",\"实用\",\"潮流\"]'),(2,1,'男子专区s','T恤','/shop_category_img/1679052285986916207.jpg','/shop_category_img/16790527591717570375.jpeg','/shop_category_img/1679052778829112181.jpeg','[\"潮流\",\"时尚\",\"百搭\"]','[\"纯棉\",\"质量好\",\"速干\",\"水电费\"]'),(3,1,'女子专区','上衣','/shop_category_img/5a2657a2Nf8d15b9a.jpg','/shop_banner_img/66b23f8b3e2a8c64.jpg','/shop_banner_img/8479d6dc2767466d.jpg','[\"潮流\",\"时尚\",\"百搭\"]','[\"纯棉\",\"质量好\",\"速干\"]'),(5,1,'女子专区','裙子','/shop_category_img/5a28a19bNa9b8e2f9.jpg','/shop_banner_img/66b23f8b3e2a8c64.jpg','/shop_banner_img/d1927d02b95f4799.jpg','[\"潮流\",\"时尚\",\"百搭\"]','[\"纯棉\",\"质量好\",\"塑形\"]'),(6,2,'手机专区','智能手机','/shop_category_img/0fefc1b200564b1b.jpg','/shop_banner_img/480cb7ea5eabd158.jpg','/shop_banner_img/4e2b70add8925504.jpg','[\"吃鸡\",\"王者\",\"拍照\"]','[\"大容量\",\"高配置\",\"拍照\"]'),(7,1,'男子专区s','胜多负少sdf','/shop_category_img/16790546491328456699.jpeg','/shop_category_img/16790527591717570375.jpeg','/shop_category_img/16790546491590108989.jpg','[\"潮流\",\"时尚\",\"百搭\"]','[\"dfsdf\"]'),(8,1,'男子专区s','撒旦发射点','/shop_category_img/1679054723733416501.jpeg','/shop_category_img/16790527591717570375.jpeg','/shop_category_img/167905472393258343.jpg','[\"潮流\",\"时尚\",\"百搭\"]','[\"的风格\",\"fgh\"]'),(21,1,'兽性大发','电饭锅对方过后','/shop_category_img/16791044631906089573.jpeg','/shop_category_img/1679104463751430457.jpg','/shop_category_img/1679104463732782191.jpg','[\"水电费水电费\"]','[\"飞国际化\"]'),(22,1,'兽性大发','dfgdfg','/shop_category_img/1679104489803611292.jpeg','/shop_category_img/1679104463751430457.jpg','/shop_category_img/16791044891870824782.jpg','[\"水电费水电费\"]','[\"cvh\",\"电饭锅\"]');

/*Table structure for table `shop_info` */

DROP TABLE IF EXISTS `shop_info`;

CREATE TABLE `shop_info` (
  `shop_info_id` int DEFAULT NULL COMMENT '店铺详情表ID',
  `shop_id` int DEFAULT NULL COMMENT '店铺ID',
  `certificate` varchar(5000) DEFAULT NULL COMMENT '证件',
  `brief` varchar(500) DEFAULT NULL COMMENT '店铺简介',
  `site` varchar(500) DEFAULT NULL COMMENT '店铺所在地',
  `send_time` datetime DEFAULT NULL COMMENT '开店时间',
  `user_score` decimal(10,1) DEFAULT NULL COMMENT '用户评分',
  `logistics_score` decimal(10,1) DEFAULT NULL COMMENT '物流评分',
  `after_score` decimal(10,1) DEFAULT NULL COMMENT '售后服务',
  `service_score` decimal(10,1) DEFAULT NULL COMMENT '商品评分',
  `shop_money` decimal(10,2) DEFAULT '0.00' COMMENT '店铺余额',
  `shop_jf` decimal(10,0) DEFAULT NULL COMMENT '店铺积分'
) ENGINE=InnoDB DEFAULT CHARSET=utf8mb3;

/*Data for the table `shop_info` */

insert  into `shop_info`(`shop_info_id`,`shop_id`,`certificate`,`brief`,`site`,`send_time`,`user_score`,`logistics_score`,`after_score`,`service_score`,`shop_money`,`shop_jf`) values (1,1,NULL,NULL,'湖北省武汉市dfsdf','2023-01-04 19:13:00','9.0','9.2','9.1','7.8','789555.00','12345'),(2,2,NULL,NULL,'湖北省武汉市sfgsdfg','2023-01-25 19:22:32','8.8','8.5','8.9','9.5','141852.00','13327');

/*Table structure for table `shop_member` */

DROP TABLE IF EXISTS `shop_member`;

CREATE TABLE `shop_member` (
  `shop_member_id` int unsigned NOT NULL AUTO_INCREMENT COMMENT '店铺成员表ID',
  `shop_id` int DEFAULT NULL COMMENT '店铺ID',
  `shop_post` int DEFAULT NULL COMMENT '0=老板 1=管理员  2=客服',
  `user_id` int DEFAULT NULL COMMENT '用户ID',
  PRIMARY KEY (`shop_member_id`)
) ENGINE=InnoDB AUTO_INCREMENT=9 DEFAULT CHARSET=utf8mb3;

/*Data for the table `shop_member` */

insert  into `shop_member`(`shop_member_id`,`shop_id`,`shop_post`,`user_id`) values (2,1,1,500),(3,1,2,501),(8,1,0,1);

/*Table structure for table `shop_member_root` */

DROP TABLE IF EXISTS `shop_member_root`;

CREATE TABLE `shop_member_root` (
  `shop_member_root_id` int NOT NULL AUTO_INCREMENT COMMENT '店铺权限表',
  `site` char(100) CHARACTER SET utf8mb4 COLLATE utf8mb4_general_ci DEFAULT NULL COMMENT '对应路由地址',
  `r_root` int DEFAULT NULL COMMENT '路由权限',
  `s_root` int DEFAULT NULL COMMENT '操作权限',
  `shop_id` int DEFAULT NULL COMMENT '店铺ID',
  `root_name` char(255) COLLATE utf8mb4_general_ci DEFAULT NULL COMMENT '路由名称',
  PRIMARY KEY (`shop_member_root_id`)
) ENGINE=InnoDB AUTO_INCREMENT=13 DEFAULT CHARSET=utf8mb4 COLLATE=utf8mb4_general_ci;

/*Data for the table `shop_member_root` */

insert  into `shop_member_root`(`shop_member_root_id`,`site`,`r_root`,`s_root`,`shop_id`,`root_name`) values (1,'/shopviews/Statistics',2,2,1,'店铺统计'),(2,'/shopviews/IndentAll',2,2,1,'订单操作'),(3,'/shopviews/commodity',2,2,1,'商品管理'),(4,'/shopviews/classbusiness',2,2,1,'商类操作'),(5,'/shopviews/channel',2,2,1,'店铺频道管理'),(6,'/shopviews/shopindex',2,2,1,'店铺首页管理'),(7,'/shopviews/discount',2,2,1,'优惠券设置'),(8,'/shopviews/root',2,2,1,'权限管理'),(9,'/shopviews/jue',2,2,1,'成员管理'),(10,'/shopviews/seckill',2,2,1,'秒杀商品设置'),(11,'/shopviews/shopinfo',2,2,1,'店铺信息设置'),(12,'/shopservice',2,2,1,'客服页面');

/*Table structure for table `site` */

DROP TABLE IF EXISTS `site`;

CREATE TABLE `site` (
  `site_id` int NOT NULL AUTO_INCREMENT COMMENT '地址ID',
  `user_id` int DEFAULT NULL COMMENT '用户ID',
  `consignee` varchar(50) DEFAULT NULL COMMENT '收货人',
  `site_region` varchar(100) DEFAULT NULL COMMENT '所在地区',
  `site_info` varchar(200) DEFAULT NULL COMMENT '详细地址',
  `default_tf` int DEFAULT NULL COMMENT '0=默认  1=不是',
  `site_iphone` bigint DEFAULT NULL COMMENT '手机号',
  PRIMARY KEY (`site_id`)
) ENGINE=InnoDB AUTO_INCREMENT=7 DEFAULT CHARSET=utf8mb3;

/*Data for the table `site` */

insert  into `site`(`site_id`,`user_id`,`consignee`,`site_region`,`site_info`,`default_tf`,`site_iphone`) values (1,1,'张水电费','         湖北省武汉市新洲区','         哈哈街道哈哈哈小区',0,177544009999),(2,1,'李四','                  湖北省武汉市硚口区','                  顶点街道哈哈哈小区789',1,17617650990),(6,1,'低收费',' dcsfsdf',' sdfsdf',1,78987);

/*Table structure for table `store_commodity` */

DROP TABLE IF EXISTS `store_commodity`;

CREATE TABLE `store_commodity` (
  `store_commodity_id` int NOT NULL AUTO_INCREMENT COMMENT '店铺商品大类ID',
  `store_id` int DEFAULT NULL COMMENT '店铺id',
  `store_commodity_sum` int DEFAULT NULL COMMENT '销量',
  `vip` decimal(10,2) DEFAULT NULL COMMENT 'vip折扣',
  `store_commodity_data` varchar(1000) DEFAULT NULL COMMENT '选择类型JOIN',
  `store_channel_id` int DEFAULT NULL COMMENT '所在店铺频道ID',
  `freight_money` int DEFAULT NULL COMMENT '所需运费',
  `ze` decimal(10,2) DEFAULT NULL COMMENT '折扣',
  `store_commodity_state` int DEFAULT NULL COMMENT '0=在售 1=下架',
  `good_store` int DEFAULT NULL COMMENT '0=好物',
  `store_commodity_grade` decimal(10,2) DEFAULT NULL COMMENT '好评率',
  PRIMARY KEY (`store_commodity_id`)
) ENGINE=InnoDB AUTO_INCREMENT=5 DEFAULT CHARSET=utf8mb3;

/*Data for the table `store_commodity` */

insert  into `store_commodity`(`store_commodity_id`,`store_id`,`store_commodity_sum`,`vip`,`store_commodity_data`,`store_channel_id`,`freight_money`,`ze`,`store_commodity_state`,`good_store`,`store_commodity_grade`) values (1,1,2,'0.95','{\"name\":\"颜色ss\",\"data\":[{\"name\":\"金色\",\"commodity_info_id\":2},{\"name\":\"白色\",\"commodity_info_id\":1}]}',2,0,'0.98',0,0,'0.80'),(2,1,3,NULL,'{\"name\":\"颜色\",\"data\":[{\"name\":\"棕色\",\"commodity_info_id\":4}]}',3,10,NULL,0,0,'0.88'),(3,2,4,NULL,'{\"name\":\"颜色\",\"data\":[{\"name\":\"黑色\",\"commodity_info_id\":6},{\"name\":\"白色\",\"commodity_info_id\":7}]}',6,0,NULL,0,0,'0.95'),(4,1,0,'0.95','{\"name\":\"sdf\",\"data\":[{\"name\":\"sdf\",\"commodity_info_id\":8}]}',1,0,'0.80',NULL,1,'1.00');

/*Table structure for table `stroll_channel_parent` */

DROP TABLE IF EXISTS `stroll_channel_parent`;

CREATE TABLE `stroll_channel_parent` (
  `stroll_channel_parent_id` int NOT NULL AUTO_INCREMENT COMMENT '逛逛频道表ID',
  `stroll_channel_parent_title` varchar(500) DEFAULT NULL COMMENT '名称',
  PRIMARY KEY (`stroll_channel_parent_id`)
) ENGINE=InnoDB AUTO_INCREMENT=12 DEFAULT CHARSET=utf8mb3;

/*Data for the table `stroll_channel_parent` */

insert  into `stroll_channel_parent`(`stroll_channel_parent_id`,`stroll_channel_parent_title`) values (1,'家电'),(2,'手机'),(3,'健康'),(4,'运动'),(5,'穿搭'),(6,'美食'),(7,'萌宠'),(8,'汽车'),(9,'美妆'),(10,'趣生活'),(11,'母婴');

/*Table structure for table `stroll_channel_son` */

DROP TABLE IF EXISTS `stroll_channel_son`;

CREATE TABLE `stroll_channel_son` (
  `stroll_channel_son_id` int NOT NULL AUTO_INCREMENT COMMENT '逛逛频道话题ID',
  `stroll_channel_son_title` varchar(500) DEFAULT NULL COMMENT '逛逛频道话题名称',
  `stroll_channel_son_info` varchar(500) DEFAULT NULL COMMENT '逛逛频道说明',
  `stroll_channel_son_img` varchar(500) DEFAULT NULL COMMENT '逛逛频道图片',
  PRIMARY KEY (`stroll_channel_son_id`)
) ENGINE=InnoDB AUTO_INCREMENT=4 DEFAULT CHARSET=utf8mb3;

/*Data for the table `stroll_channel_son` */

insert  into `stroll_channel_son`(`stroll_channel_son_id`,`stroll_channel_son_title`,`stroll_channel_son_info`,`stroll_channel_son_img`) values (1,'红烧豆腐','水电费水电费水电费胜多负少打发斯蒂芬水电费','/user_img/123.jpeg'),(2,'还V家法官的身份','水电费水电费水电费胜多负少打发斯蒂芬水电费','/user_img/123.jpeg'),(3,'法国恢复规划','水电费水电费水电费胜多负少打发斯蒂芬水电费','/user_img/123.jpeg');

/*Table structure for table `stroll_comment_parent` */

DROP TABLE IF EXISTS `stroll_comment_parent`;

CREATE TABLE `stroll_comment_parent` (
  `stroll_comment_parent_id` int NOT NULL AUTO_INCREMENT COMMENT '逛逛评论表ID',
  `stroll_index_id` int DEFAULT NULL COMMENT '逛逛动态ID',
  `stroll_comment_parent_info` varchar(500) DEFAULT NULL COMMENT '内容',
  `stroll_comment_parent_fujian` varchar(1000) DEFAULT NULL COMMENT '附件',
  `stroll_comment_parent_like` int DEFAULT '0' COMMENT '点赞数',
  `stroll_comment_parent_send_time` datetime DEFAULT NULL COMMENT '发布时间',
  `user_id` int DEFAULT NULL COMMENT '用户ID',
  PRIMARY KEY (`stroll_comment_parent_id`)
) ENGINE=InnoDB AUTO_INCREMENT=6 DEFAULT CHARSET=utf8mb3;

/*Data for the table `stroll_comment_parent` */

insert  into `stroll_comment_parent`(`stroll_comment_parent_id`,`stroll_index_id`,`stroll_comment_parent_info`,`stroll_comment_parent_fujian`,`stroll_comment_parent_like`,`stroll_comment_parent_send_time`,`user_id`) values (1,1,'单方事故水电费g',NULL,1,'2023-04-03 15:34:26',1),(2,1,'水电费水电费',NULL,1,'2023-04-04 10:26:45',50),(3,1,'sdfsdf',NULL,1,'2023-04-05 12:46:06',1),(4,1,'sdfsdf对方过后',NULL,0,'2023-04-05 12:47:00',1),(5,7,'dfgdsfg',NULL,0,'2023-04-11 17:22:52',1);

/*Table structure for table `stroll_comment_son` */

DROP TABLE IF EXISTS `stroll_comment_son`;

CREATE TABLE `stroll_comment_son` (
  `stroll_comment_son_id` int NOT NULL AUTO_INCREMENT COMMENT '逛逛回复表ID',
  `stroll_comment_parent_id` int DEFAULT NULL COMMENT '逛逛评论表ID',
  `target_id` int DEFAULT NULL COMMENT '目标用户ID',
  `user_id` int DEFAULT NULL COMMENT '用户ID',
  `stroll_comment_son_like` int DEFAULT '0' COMMENT '回复点赞数',
  `stroll_comment_son_info` varchar(1000) DEFAULT NULL COMMENT '回复的内容',
  `stroll_comment_son_fujian` varchar(1000) DEFAULT NULL COMMENT '回复的附件',
  `stroll_comment_son_send_time` datetime DEFAULT NULL COMMENT '回复时间',
  PRIMARY KEY (`stroll_comment_son_id`)
) ENGINE=InnoDB AUTO_INCREMENT=7 DEFAULT CHARSET=utf8mb3;

/*Data for the table `stroll_comment_son` */

insert  into `stroll_comment_son`(`stroll_comment_son_id`,`stroll_comment_parent_id`,`target_id`,`user_id`,`stroll_comment_son_like`,`stroll_comment_son_info`,`stroll_comment_son_fujian`,`stroll_comment_son_send_time`) values (1,1,1,1,0,'所发生的费',NULL,'2023-04-04 15:40:11'),(2,1,50,2,0,'vfdgf ',NULL,'2023-04-04 10:27:14'),(3,1,1,1,0,'sdfsdf水电费',NULL,'2023-04-05 12:47:12'),(4,1,2,1,0,'sdfsdf',NULL,'2023-04-05 12:49:20'),(5,1,1,1,0,'sdf',NULL,'2023-04-05 12:49:47'),(6,1,2,1,0,'sdfsdf胜多负少的',NULL,'2023-04-05 12:52:12');

/*Table structure for table `stroll_fans` */

DROP TABLE IF EXISTS `stroll_fans`;

CREATE TABLE `stroll_fans` (
  `stroll_fans_id` int NOT NULL AUTO_INCREMENT COMMENT '逛逛关注表ID',
  `target_id` int DEFAULT NULL COMMENT '目标ID',
  `user_id` int DEFAULT NULL COMMENT '用户ID',
  PRIMARY KEY (`stroll_fans_id`)
) ENGINE=InnoDB AUTO_INCREMENT=8 DEFAULT CHARSET=utf8mb3;

/*Data for the table `stroll_fans` */

insert  into `stroll_fans`(`stroll_fans_id`,`target_id`,`user_id`) values (6,50,1),(7,5,1);

/*Table structure for table `stroll_index` */

DROP TABLE IF EXISTS `stroll_index`;

CREATE TABLE `stroll_index` (
  `stroll_index_id` int NOT NULL AUTO_INCREMENT COMMENT '逛逛动态ID',
  `stroll_index_img` varchar(1000) CHARACTER SET utf8 COLLATE utf8_general_ci DEFAULT '[]' COMMENT '图片',
  `stroll_index_title` varchar(500) DEFAULT NULL COMMENT '标题',
  `stroll_index_info` varchar(1000) DEFAULT NULL COMMENT '内容',
  `store_commodity_id` int DEFAULT NULL COMMENT '商类ID',
  `stroll_index_channel` varchar(200) CHARACTER SET utf8 COLLATE utf8_general_ci DEFAULT NULL COMMENT '频道ID',
  `stroll_index_send_time` datetime DEFAULT NULL COMMENT '发布时间',
  `stroll_index_like` int DEFAULT '0' COMMENT '点赞',
  `stroll_index_collect` int DEFAULT '0' COMMENT '收藏数量',
  `user_id` int DEFAULT NULL COMMENT '用户ID',
  `stroll_index_video` varchar(500) CHARACTER SET utf8 COLLATE utf8_general_ci DEFAULT '[]' COMMENT '视频',
  `stroll_index_topic` int DEFAULT NULL COMMENT '话题ID',
  `look_sum` int DEFAULT '0' COMMENT '点击查看次数',
  PRIMARY KEY (`stroll_index_id`)
) ENGINE=InnoDB AUTO_INCREMENT=12 DEFAULT CHARSET=utf8mb3;

/*Data for the table `stroll_index` */

insert  into `stroll_index`(`stroll_index_id`,`stroll_index_img`,`stroll_index_title`,`stroll_index_info`,`store_commodity_id`,`stroll_index_channel`,`stroll_index_send_time`,`stroll_index_like`,`stroll_index_collect`,`user_id`,`stroll_index_video`,`stroll_index_topic`,`look_sum`) values (1,'[\"/commodity_info_img/Snipaste_2023-01-11_22-18-25.jpg\",\"/commodity_info_img/Snipaste_2023-01-11_22-18-47.jpg\",\"/commodity_info_img/Snipaste_2023-01-11_22-18-25.jpg\",\"/commodity_info_img/Snipaste_2023-01-11_22-18-25.jpg\",\"/commodity_info_img/Snipaste_2023-01-11_22-18-25.jpg\"]','手动阀手动阀','手动阀手动阀',1,'5','2023-04-04 08:35:40',1,0,5,'[\"/commodity_info_img/eb3b7a743dba4f5b953ebad797f7b4f1.mp4\"]',1,98),(2,'[\"/commodity_info_img/Snipaste_2023-01-11_22-18-25.jpg\",\"/commodity_info_img/Snipaste_2023-01-11_22-18-47.jpg\",\"/commodity_info_img/Snipaste_2023-01-11_22-18-25.jpg\",\"/commodity_info_img/Snipaste_2023-01-11_22-18-25.jpg\",\"/commodity_info_img/Snipaste_2023-01-11_22-18-25.jpg\"]','梵蒂冈地方个','fgh电饭锅电饭锅',1,'2','2023-04-04 08:46:11',0,0,6,'[\"/commodity_info_img/eb3b7a743dba4f5b953ebad797f7b4f1.mp4\"]',1,56),(3,'[\"/commodity_info_img/Snipaste_2023-01-11_22-18-25.jpg\",\"/commodity_info_img/Snipaste_2023-01-11_22-18-47.jpg\",\"/commodity_info_img/Snipaste_2023-01-11_22-18-25.jpg\",\"/commodity_info_img/Snipaste_2023-01-11_22-18-25.jpg\",\"/commodity_info_img/Snipaste_2023-01-11_22-18-25.jpg\"]','的双方各申达股份','dfgdf的双方各',1,'1','2023-04-04 08:46:54',0,0,7,'[\"/commodity_info_img/eb3b7a743dba4f5b953ebad797f7b4f1.mp4\"]',1,52),(5,'[\"/commodity_info_img/Snipaste_2023-01-11_22-18-25.jpg\",\"/commodity_info_img/Snipaste_2023-01-11_22-18-47.jpg\",\"/commodity_info_img/Snipaste_2023-01-11_22-18-25.jpg\",\"/commodity_info_img/Snipaste_2023-01-11_22-18-25.jpg\",\"/commodity_info_img/Snipaste_2023-01-11_22-18-25.jpg\"]','sdfasdf水电费水电费','阿斯顿发水电费撒旦法撒旦法大师傅安防',1,'1','2023-04-06 10:20:54',1,0,5,'[\"/commodity_info_img/eb3b7a743dba4f5b953ebad797f7b4f1.mp4\"]',1,17),(6,'[\"/commodity_info_img/Snipaste_2023-01-11_22-18-25.jpg\",\"/commodity_info_img/Snipaste_2023-01-11_22-18-47.jpg\",\"/commodity_info_img/Snipaste_2023-01-11_22-18-25.jpg\",\"/commodity_info_img/Snipaste_2023-01-11_22-18-25.jpg\",\"/commodity_info_img/Snipaste_2023-01-11_22-18-25.jpg\"]','阿斯顿发士大夫阿斯顿发个','傻大个的双方各双方各水电费撒旦法',1,'1','2023-04-06 10:20:57',1,0,5,'[\"/commodity_info_img/eb3b7a743dba4f5b953ebad797f7b4f1.mp4\"]',1,12),(7,'[\"/commodity_info_img/Snipaste_2023-01-11_22-18-25.jpg\",\"/commodity_info_img/Snipaste_2023-01-11_22-18-47.jpg\",\"/commodity_info_img/Snipaste_2023-01-11_22-18-25.jpg\",\"/commodity_info_img/Snipaste_2023-01-11_22-18-25.jpg\",\"/commodity_info_img/Snipaste_2023-01-11_22-18-25.jpg\"]','电饭锅的双方各','阿斯顿发阿斯顿发',1,'1','2023-04-06 10:20:59',0,0,1,'[\"/commodity_info_img/eb3b7a743dba4f5b953ebad797f7b4f1.mp4\"]',1,15),(10,'[\"/file/1680837637744400629.jpeg\",\"/file/16808376371132134833.jpg\",\"/file/1680837637393743058.jpg\"]','dfgdfg','dfgdfg',1,'3','2023-04-07 11:20:37',0,0,1,'[\"\"]',2,3),(11,'[\"\"]','dfgdfgdfg','dfgfdg',2,'4','2023-04-11 09:01:16',0,0,1,'[\"/file/1681174875978418827.mp4\"]',3,1);

/*Table structure for table `stroll_root` */

DROP TABLE IF EXISTS `stroll_root`;

CREATE TABLE `stroll_root` (
  `stroll_root_id` int NOT NULL AUTO_INCREMENT COMMENT '逛逛隐私设置表ID',
  `stroll_root_send` int DEFAULT '0' COMMENT '是否能查看发布 0=T 1=F',
  `stroll_root_like` int DEFAULT '0' COMMENT '是否能查看点赞',
  `stroll_root_chat` int DEFAULT '0' COMMENT '是否允许私信 0=是  2=否 3=仅互相关注',
  `stroll_root_relation` int DEFAULT '0' COMMENT '是否允许查看我的粉丝和关注',
  `stroll_root_inform` int DEFAULT '0' COMMENT '是否接收通知',
  `user_id` int DEFAULT NULL COMMENT '用户ID',
  PRIMARY KEY (`stroll_root_id`)
) ENGINE=InnoDB AUTO_INCREMENT=1001 DEFAULT CHARSET=utf8mb3;

/*Data for the table `stroll_root` */

insert  into `stroll_root`(`stroll_root_id`,`stroll_root_send`,`stroll_root_like`,`stroll_root_chat`,`stroll_root_relation`,`stroll_root_inform`,`user_id`) values (1,0,0,0,0,0,1),(2,0,0,0,0,0,2),(3,0,0,0,0,0,3),(4,0,0,0,0,0,4),(5,0,0,0,0,0,5),(6,0,0,0,0,0,6),(7,0,0,0,0,0,7),(8,0,0,0,0,0,8),(9,0,0,0,0,0,9),(10,0,0,0,0,0,10),(11,0,0,0,0,0,11),(12,0,0,0,0,0,12),(13,0,0,0,0,0,13),(14,0,0,0,0,0,14),(15,0,0,0,0,0,15),(16,0,0,0,0,0,16),(17,0,0,0,0,0,17),(18,0,0,0,0,0,18),(19,0,0,0,0,0,19),(20,0,0,0,0,0,20),(21,0,0,0,0,0,21),(22,0,0,0,0,0,22),(23,0,0,0,0,0,23),(24,0,0,0,0,0,24),(25,0,0,0,0,0,25),(26,0,0,0,0,0,26),(27,0,0,0,0,0,27),(28,0,0,0,0,0,28),(29,0,0,0,0,0,29),(30,0,0,0,0,0,30),(31,0,0,0,0,0,31),(32,0,0,0,0,0,32),(33,0,0,0,0,0,33),(34,0,0,0,0,0,34),(35,0,0,0,0,0,35),(36,0,0,0,0,0,36),(37,0,0,0,0,0,37),(38,0,0,0,0,0,38),(39,0,0,0,0,0,39),(40,0,0,0,0,0,40),(41,0,0,0,0,0,41),(42,0,0,0,0,0,42),(43,0,0,0,0,0,43),(44,0,0,0,0,0,44),(45,0,0,0,0,0,45),(46,0,0,0,0,0,46),(47,0,0,0,0,0,47),(48,0,0,0,0,0,48),(49,0,0,0,0,0,49),(50,0,0,0,0,0,50),(51,0,0,0,0,0,51),(52,0,0,0,0,0,52),(53,0,0,0,0,0,53),(54,0,0,0,0,0,54),(55,0,0,0,0,0,55),(56,0,0,0,0,0,56),(57,0,0,0,0,0,57),(58,0,0,0,0,0,58),(59,0,0,0,0,0,59),(60,0,0,0,0,0,60),(61,0,0,0,0,0,61),(62,0,0,0,0,0,62),(63,0,0,0,0,0,63),(64,0,0,0,0,0,64),(65,0,0,0,0,0,65),(66,0,0,0,0,0,66),(67,0,0,0,0,0,67),(68,0,0,0,0,0,68),(69,0,0,0,0,0,69),(70,0,0,0,0,0,70),(71,0,0,0,0,0,71),(72,0,0,0,0,0,72),(73,0,0,0,0,0,73),(74,0,0,0,0,0,74),(75,0,0,0,0,0,75),(76,0,0,0,0,0,76),(77,0,0,0,0,0,77),(78,0,0,0,0,0,78),(79,0,0,0,0,0,79),(80,0,0,0,0,0,80),(81,0,0,0,0,0,81),(82,0,0,0,0,0,82),(83,0,0,0,0,0,83),(84,0,0,0,0,0,84),(85,0,0,0,0,0,85),(86,0,0,0,0,0,86),(87,0,0,0,0,0,87),(88,0,0,0,0,0,88),(89,0,0,0,0,0,89),(90,0,0,0,0,0,90),(91,0,0,0,0,0,91),(92,0,0,0,0,0,92),(93,0,0,0,0,0,93),(94,0,0,0,0,0,94),(95,0,0,0,0,0,95),(96,0,0,0,0,0,96),(97,0,0,0,0,0,97),(98,0,0,0,0,0,98),(99,0,0,0,0,0,99),(100,0,0,0,0,0,100),(101,0,0,0,0,0,101),(102,0,0,0,0,0,102),(103,0,0,0,0,0,103),(104,0,0,0,0,0,104),(105,0,0,0,0,0,105),(106,0,0,0,0,0,106),(107,0,0,0,0,0,107),(108,0,0,0,0,0,108),(109,0,0,0,0,0,109),(110,0,0,0,0,0,110),(111,0,0,0,0,0,111),(112,0,0,0,0,0,112),(113,0,0,0,0,0,113),(114,0,0,0,0,0,114),(115,0,0,0,0,0,115),(116,0,0,0,0,0,116),(117,0,0,0,0,0,117),(118,0,0,0,0,0,118),(119,0,0,0,0,0,119),(120,0,0,0,0,0,120),(121,0,0,0,0,0,121),(122,0,0,0,0,0,122),(123,0,0,0,0,0,123),(124,0,0,0,0,0,124),(125,0,0,0,0,0,125),(126,0,0,0,0,0,126),(127,0,0,0,0,0,127),(128,0,0,0,0,0,128),(129,0,0,0,0,0,129),(130,0,0,0,0,0,130),(131,0,0,0,0,0,131),(132,0,0,0,0,0,132),(133,0,0,0,0,0,133),(134,0,0,0,0,0,134),(135,0,0,0,0,0,135),(136,0,0,0,0,0,136),(137,0,0,0,0,0,137),(138,0,0,0,0,0,138),(139,0,0,0,0,0,139),(140,0,0,0,0,0,140),(141,0,0,0,0,0,141),(142,0,0,0,0,0,142),(143,0,0,0,0,0,143),(144,0,0,0,0,0,144),(145,0,0,0,0,0,145),(146,0,0,0,0,0,146),(147,0,0,0,0,0,147),(148,0,0,0,0,0,148),(149,0,0,0,0,0,149),(150,0,0,0,0,0,150),(151,0,0,0,0,0,151),(152,0,0,0,0,0,152),(153,0,0,0,0,0,153),(154,0,0,0,0,0,154),(155,0,0,0,0,0,155),(156,0,0,0,0,0,156),(157,0,0,0,0,0,157),(158,0,0,0,0,0,158),(159,0,0,0,0,0,159),(160,0,0,0,0,0,160),(161,0,0,0,0,0,161),(162,0,0,0,0,0,162),(163,0,0,0,0,0,163),(164,0,0,0,0,0,164),(165,0,0,0,0,0,165),(166,0,0,0,0,0,166),(167,0,0,0,0,0,167),(168,0,0,0,0,0,168),(169,0,0,0,0,0,169),(170,0,0,0,0,0,170),(171,0,0,0,0,0,171),(172,0,0,0,0,0,172),(173,0,0,0,0,0,173),(174,0,0,0,0,0,174),(175,0,0,0,0,0,175),(176,0,0,0,0,0,176),(177,0,0,0,0,0,177),(178,0,0,0,0,0,178),(179,0,0,0,0,0,179),(180,0,0,0,0,0,180),(181,0,0,0,0,0,181),(182,0,0,0,0,0,182),(183,0,0,0,0,0,183),(184,0,0,0,0,0,184),(185,0,0,0,0,0,185),(186,0,0,0,0,0,186),(187,0,0,0,0,0,187),(188,0,0,0,0,0,188),(189,0,0,0,0,0,189),(190,0,0,0,0,0,190),(191,0,0,0,0,0,191),(192,0,0,0,0,0,192),(193,0,0,0,0,0,193),(194,0,0,0,0,0,194),(195,0,0,0,0,0,195),(196,0,0,0,0,0,196),(197,0,0,0,0,0,197),(198,0,0,0,0,0,198),(199,0,0,0,0,0,199),(200,0,0,0,0,0,200),(201,0,0,0,0,0,201),(202,0,0,0,0,0,202),(203,0,0,0,0,0,203),(204,0,0,0,0,0,204),(205,0,0,0,0,0,205),(206,0,0,0,0,0,206),(207,0,0,0,0,0,207),(208,0,0,0,0,0,208),(209,0,0,0,0,0,209),(210,0,0,0,0,0,210),(211,0,0,0,0,0,211),(212,0,0,0,0,0,212),(213,0,0,0,0,0,213),(214,0,0,0,0,0,214),(215,0,0,0,0,0,215),(216,0,0,0,0,0,216),(217,0,0,0,0,0,217),(218,0,0,0,0,0,218),(219,0,0,0,0,0,219),(220,0,0,0,0,0,220),(221,0,0,0,0,0,221),(222,0,0,0,0,0,222),(223,0,0,0,0,0,223),(224,0,0,0,0,0,224),(225,0,0,0,0,0,225),(226,0,0,0,0,0,226),(227,0,0,0,0,0,227),(228,0,0,0,0,0,228),(229,0,0,0,0,0,229),(230,0,0,0,0,0,230),(231,0,0,0,0,0,231),(232,0,0,0,0,0,232),(233,0,0,0,0,0,233),(234,0,0,0,0,0,234),(235,0,0,0,0,0,235),(236,0,0,0,0,0,236),(237,0,0,0,0,0,237),(238,0,0,0,0,0,238),(239,0,0,0,0,0,239),(240,0,0,0,0,0,240),(241,0,0,0,0,0,241),(242,0,0,0,0,0,242),(243,0,0,0,0,0,243),(244,0,0,0,0,0,244),(245,0,0,0,0,0,245),(246,0,0,0,0,0,246),(247,0,0,0,0,0,247),(248,0,0,0,0,0,248),(249,0,0,0,0,0,249),(250,0,0,0,0,0,250),(251,0,0,0,0,0,251),(252,0,0,0,0,0,252),(253,0,0,0,0,0,253),(254,0,0,0,0,0,254),(255,0,0,0,0,0,255),(256,0,0,0,0,0,256),(257,0,0,0,0,0,257),(258,0,0,0,0,0,258),(259,0,0,0,0,0,259),(260,0,0,0,0,0,260),(261,0,0,0,0,0,261),(262,0,0,0,0,0,262),(263,0,0,0,0,0,263),(264,0,0,0,0,0,264),(265,0,0,0,0,0,265),(266,0,0,0,0,0,266),(267,0,0,0,0,0,267),(268,0,0,0,0,0,268),(269,0,0,0,0,0,269),(270,0,0,0,0,0,270),(271,0,0,0,0,0,271),(272,0,0,0,0,0,272),(273,0,0,0,0,0,273),(274,0,0,0,0,0,274),(275,0,0,0,0,0,275),(276,0,0,0,0,0,276),(277,0,0,0,0,0,277),(278,0,0,0,0,0,278),(279,0,0,0,0,0,279),(280,0,0,0,0,0,280),(281,0,0,0,0,0,281),(282,0,0,0,0,0,282),(283,0,0,0,0,0,283),(284,0,0,0,0,0,284),(285,0,0,0,0,0,285),(286,0,0,0,0,0,286),(287,0,0,0,0,0,287),(288,0,0,0,0,0,288),(289,0,0,0,0,0,289),(290,0,0,0,0,0,290),(291,0,0,0,0,0,291),(292,0,0,0,0,0,292),(293,0,0,0,0,0,293),(294,0,0,0,0,0,294),(295,0,0,0,0,0,295),(296,0,0,0,0,0,296),(297,0,0,0,0,0,297),(298,0,0,0,0,0,298),(299,0,0,0,0,0,299),(300,0,0,0,0,0,300),(301,0,0,0,0,0,301),(302,0,0,0,0,0,302),(303,0,0,0,0,0,303),(304,0,0,0,0,0,304),(305,0,0,0,0,0,305),(306,0,0,0,0,0,306),(307,0,0,0,0,0,307),(308,0,0,0,0,0,308),(309,0,0,0,0,0,309),(310,0,0,0,0,0,310),(311,0,0,0,0,0,311),(312,0,0,0,0,0,312),(313,0,0,0,0,0,313),(314,0,0,0,0,0,314),(315,0,0,0,0,0,315),(316,0,0,0,0,0,316),(317,0,0,0,0,0,317),(318,0,0,0,0,0,318),(319,0,0,0,0,0,319),(320,0,0,0,0,0,320),(321,0,0,0,0,0,321),(322,0,0,0,0,0,322),(323,0,0,0,0,0,323),(324,0,0,0,0,0,324),(325,0,0,0,0,0,325),(326,0,0,0,0,0,326),(327,0,0,0,0,0,327),(328,0,0,0,0,0,328),(329,0,0,0,0,0,329),(330,0,0,0,0,0,330),(331,0,0,0,0,0,331),(332,0,0,0,0,0,332),(333,0,0,0,0,0,333),(334,0,0,0,0,0,334),(335,0,0,0,0,0,335),(336,0,0,0,0,0,336),(337,0,0,0,0,0,337),(338,0,0,0,0,0,338),(339,0,0,0,0,0,339),(340,0,0,0,0,0,340),(341,0,0,0,0,0,341),(342,0,0,0,0,0,342),(343,0,0,0,0,0,343),(344,0,0,0,0,0,344),(345,0,0,0,0,0,345),(346,0,0,0,0,0,346),(347,0,0,0,0,0,347),(348,0,0,0,0,0,348),(349,0,0,0,0,0,349),(350,0,0,0,0,0,350),(351,0,0,0,0,0,351),(352,0,0,0,0,0,352),(353,0,0,0,0,0,353),(354,0,0,0,0,0,354),(355,0,0,0,0,0,355),(356,0,0,0,0,0,356),(357,0,0,0,0,0,357),(358,0,0,0,0,0,358),(359,0,0,0,0,0,359),(360,0,0,0,0,0,360),(361,0,0,0,0,0,361),(362,0,0,0,0,0,362),(363,0,0,0,0,0,363),(364,0,0,0,0,0,364),(365,0,0,0,0,0,365),(366,0,0,0,0,0,366),(367,0,0,0,0,0,367),(368,0,0,0,0,0,368),(369,0,0,0,0,0,369),(370,0,0,0,0,0,370),(371,0,0,0,0,0,371),(372,0,0,0,0,0,372),(373,0,0,0,0,0,373),(374,0,0,0,0,0,374),(375,0,0,0,0,0,375),(376,0,0,0,0,0,376),(377,0,0,0,0,0,377),(378,0,0,0,0,0,378),(379,0,0,0,0,0,379),(380,0,0,0,0,0,380),(381,0,0,0,0,0,381),(382,0,0,0,0,0,382),(383,0,0,0,0,0,383),(384,0,0,0,0,0,384),(385,0,0,0,0,0,385),(386,0,0,0,0,0,386),(387,0,0,0,0,0,387),(388,0,0,0,0,0,388),(389,0,0,0,0,0,389),(390,0,0,0,0,0,390),(391,0,0,0,0,0,391),(392,0,0,0,0,0,392),(393,0,0,0,0,0,393),(394,0,0,0,0,0,394),(395,0,0,0,0,0,395),(396,0,0,0,0,0,396),(397,0,0,0,0,0,397),(398,0,0,0,0,0,398),(399,0,0,0,0,0,399),(400,0,0,0,0,0,400),(401,0,0,0,0,0,401),(402,0,0,0,0,0,402),(403,0,0,0,0,0,403),(404,0,0,0,0,0,404),(405,0,0,0,0,0,405),(406,0,0,0,0,0,406),(407,0,0,0,0,0,407),(408,0,0,0,0,0,408),(409,0,0,0,0,0,409),(410,0,0,0,0,0,410),(411,0,0,0,0,0,411),(412,0,0,0,0,0,412),(413,0,0,0,0,0,413),(414,0,0,0,0,0,414),(415,0,0,0,0,0,415),(416,0,0,0,0,0,416),(417,0,0,0,0,0,417),(418,0,0,0,0,0,418),(419,0,0,0,0,0,419),(420,0,0,0,0,0,420),(421,0,0,0,0,0,421),(422,0,0,0,0,0,422),(423,0,0,0,0,0,423),(424,0,0,0,0,0,424),(425,0,0,0,0,0,425),(426,0,0,0,0,0,426),(427,0,0,0,0,0,427),(428,0,0,0,0,0,428),(429,0,0,0,0,0,429),(430,0,0,0,0,0,430),(431,0,0,0,0,0,431),(432,0,0,0,0,0,432),(433,0,0,0,0,0,433),(434,0,0,0,0,0,434),(435,0,0,0,0,0,435),(436,0,0,0,0,0,436),(437,0,0,0,0,0,437),(438,0,0,0,0,0,438),(439,0,0,0,0,0,439),(440,0,0,0,0,0,440),(441,0,0,0,0,0,441),(442,0,0,0,0,0,442),(443,0,0,0,0,0,443),(444,0,0,0,0,0,444),(445,0,0,0,0,0,445),(446,0,0,0,0,0,446),(447,0,0,0,0,0,447),(448,0,0,0,0,0,448),(449,0,0,0,0,0,449),(450,0,0,0,0,0,450),(451,0,0,0,0,0,451),(452,0,0,0,0,0,452),(453,0,0,0,0,0,453),(454,0,0,0,0,0,454),(455,0,0,0,0,0,455),(456,0,0,0,0,0,456),(457,0,0,0,0,0,457),(458,0,0,0,0,0,458),(459,0,0,0,0,0,459),(460,0,0,0,0,0,460),(461,0,0,0,0,0,461),(462,0,0,0,0,0,462),(463,0,0,0,0,0,463),(464,0,0,0,0,0,464),(465,0,0,0,0,0,465),(466,0,0,0,0,0,466),(467,0,0,0,0,0,467),(468,0,0,0,0,0,468),(469,0,0,0,0,0,469),(470,0,0,0,0,0,470),(471,0,0,0,0,0,471),(472,0,0,0,0,0,472),(473,0,0,0,0,0,473),(474,0,0,0,0,0,474),(475,0,0,0,0,0,475),(476,0,0,0,0,0,476),(477,0,0,0,0,0,477),(478,0,0,0,0,0,478),(479,0,0,0,0,0,479),(480,0,0,0,0,0,480),(481,0,0,0,0,0,481),(482,0,0,0,0,0,482),(483,0,0,0,0,0,483),(484,0,0,0,0,0,484),(485,0,0,0,0,0,485),(486,0,0,0,0,0,486),(487,0,0,0,0,0,487),(488,0,0,0,0,0,488),(489,0,0,0,0,0,489),(490,0,0,0,0,0,490),(491,0,0,0,0,0,491),(492,0,0,0,0,0,492),(493,0,0,0,0,0,493),(494,0,0,0,0,0,494),(495,0,0,0,0,0,495),(496,0,0,0,0,0,496),(497,0,0,0,0,0,497),(498,0,0,0,0,0,498),(499,0,0,0,0,0,499),(500,0,0,0,0,0,500),(501,0,0,0,0,0,501),(502,0,0,0,0,0,502),(503,0,0,0,0,0,503),(504,0,0,0,0,0,504),(505,0,0,0,0,0,505),(506,0,0,0,0,0,506),(507,0,0,0,0,0,507),(508,0,0,0,0,0,508),(509,0,0,0,0,0,509),(510,0,0,0,0,0,510),(511,0,0,0,0,0,511),(512,0,0,0,0,0,512),(513,0,0,0,0,0,513),(514,0,0,0,0,0,514),(515,0,0,0,0,0,515),(516,0,0,0,0,0,516),(517,0,0,0,0,0,517),(518,0,0,0,0,0,518),(519,0,0,0,0,0,519),(520,0,0,0,0,0,520),(521,0,0,0,0,0,521),(522,0,0,0,0,0,522),(523,0,0,0,0,0,523),(524,0,0,0,0,0,524),(525,0,0,0,0,0,525),(526,0,0,0,0,0,526),(527,0,0,0,0,0,527),(528,0,0,0,0,0,528),(529,0,0,0,0,0,529),(530,0,0,0,0,0,530),(531,0,0,0,0,0,531),(532,0,0,0,0,0,532),(533,0,0,0,0,0,533),(534,0,0,0,0,0,534),(535,0,0,0,0,0,535),(536,0,0,0,0,0,536),(537,0,0,0,0,0,537),(538,0,0,0,0,0,538),(539,0,0,0,0,0,539),(540,0,0,0,0,0,540),(541,0,0,0,0,0,541),(542,0,0,0,0,0,542),(543,0,0,0,0,0,543),(544,0,0,0,0,0,544),(545,0,0,0,0,0,545),(546,0,0,0,0,0,546),(547,0,0,0,0,0,547),(548,0,0,0,0,0,548),(549,0,0,0,0,0,549),(550,0,0,0,0,0,550),(551,0,0,0,0,0,551),(552,0,0,0,0,0,552),(553,0,0,0,0,0,553),(554,0,0,0,0,0,554),(555,0,0,0,0,0,555),(556,0,0,0,0,0,556),(557,0,0,0,0,0,557),(558,0,0,0,0,0,558),(559,0,0,0,0,0,559),(560,0,0,0,0,0,560),(561,0,0,0,0,0,561),(562,0,0,0,0,0,562),(563,0,0,0,0,0,563),(564,0,0,0,0,0,564),(565,0,0,0,0,0,565),(566,0,0,0,0,0,566),(567,0,0,0,0,0,567),(568,0,0,0,0,0,568),(569,0,0,0,0,0,569),(570,0,0,0,0,0,570),(571,0,0,0,0,0,571),(572,0,0,0,0,0,572),(573,0,0,0,0,0,573),(574,0,0,0,0,0,574),(575,0,0,0,0,0,575),(576,0,0,0,0,0,576),(577,0,0,0,0,0,577),(578,0,0,0,0,0,578),(579,0,0,0,0,0,579),(580,0,0,0,0,0,580),(581,0,0,0,0,0,581),(582,0,0,0,0,0,582),(583,0,0,0,0,0,583),(584,0,0,0,0,0,584),(585,0,0,0,0,0,585),(586,0,0,0,0,0,586),(587,0,0,0,0,0,587),(588,0,0,0,0,0,588),(589,0,0,0,0,0,589),(590,0,0,0,0,0,590),(591,0,0,0,0,0,591),(592,0,0,0,0,0,592),(593,0,0,0,0,0,593),(594,0,0,0,0,0,594),(595,0,0,0,0,0,595),(596,0,0,0,0,0,596),(597,0,0,0,0,0,597),(598,0,0,0,0,0,598),(599,0,0,0,0,0,599),(600,0,0,0,0,0,600),(601,0,0,0,0,0,601),(602,0,0,0,0,0,602),(603,0,0,0,0,0,603),(604,0,0,0,0,0,604),(605,0,0,0,0,0,605),(606,0,0,0,0,0,606),(607,0,0,0,0,0,607),(608,0,0,0,0,0,608),(609,0,0,0,0,0,609),(610,0,0,0,0,0,610),(611,0,0,0,0,0,611),(612,0,0,0,0,0,612),(613,0,0,0,0,0,613),(614,0,0,0,0,0,614),(615,0,0,0,0,0,615),(616,0,0,0,0,0,616),(617,0,0,0,0,0,617),(618,0,0,0,0,0,618),(619,0,0,0,0,0,619),(620,0,0,0,0,0,620),(621,0,0,0,0,0,621),(622,0,0,0,0,0,622),(623,0,0,0,0,0,623),(624,0,0,0,0,0,624),(625,0,0,0,0,0,625),(626,0,0,0,0,0,626),(627,0,0,0,0,0,627),(628,0,0,0,0,0,628),(629,0,0,0,0,0,629),(630,0,0,0,0,0,630),(631,0,0,0,0,0,631),(632,0,0,0,0,0,632),(633,0,0,0,0,0,633),(634,0,0,0,0,0,634),(635,0,0,0,0,0,635),(636,0,0,0,0,0,636),(637,0,0,0,0,0,637),(638,0,0,0,0,0,638),(639,0,0,0,0,0,639),(640,0,0,0,0,0,640),(641,0,0,0,0,0,641),(642,0,0,0,0,0,642),(643,0,0,0,0,0,643),(644,0,0,0,0,0,644),(645,0,0,0,0,0,645),(646,0,0,0,0,0,646),(647,0,0,0,0,0,647),(648,0,0,0,0,0,648),(649,0,0,0,0,0,649),(650,0,0,0,0,0,650),(651,0,0,0,0,0,651),(652,0,0,0,0,0,652),(653,0,0,0,0,0,653),(654,0,0,0,0,0,654),(655,0,0,0,0,0,655),(656,0,0,0,0,0,656),(657,0,0,0,0,0,657),(658,0,0,0,0,0,658),(659,0,0,0,0,0,659),(660,0,0,0,0,0,660),(661,0,0,0,0,0,661),(662,0,0,0,0,0,662),(663,0,0,0,0,0,663),(664,0,0,0,0,0,664),(665,0,0,0,0,0,665),(666,0,0,0,0,0,666),(667,0,0,0,0,0,667),(668,0,0,0,0,0,668),(669,0,0,0,0,0,669),(670,0,0,0,0,0,670),(671,0,0,0,0,0,671),(672,0,0,0,0,0,672),(673,0,0,0,0,0,673),(674,0,0,0,0,0,674),(675,0,0,0,0,0,675),(676,0,0,0,0,0,676),(677,0,0,0,0,0,677),(678,0,0,0,0,0,678),(679,0,0,0,0,0,679),(680,0,0,0,0,0,680),(681,0,0,0,0,0,681),(682,0,0,0,0,0,682),(683,0,0,0,0,0,683),(684,0,0,0,0,0,684),(685,0,0,0,0,0,685),(686,0,0,0,0,0,686),(687,0,0,0,0,0,687),(688,0,0,0,0,0,688),(689,0,0,0,0,0,689),(690,0,0,0,0,0,690),(691,0,0,0,0,0,691),(692,0,0,0,0,0,692),(693,0,0,0,0,0,693),(694,0,0,0,0,0,694),(695,0,0,0,0,0,695),(696,0,0,0,0,0,696),(697,0,0,0,0,0,697),(698,0,0,0,0,0,698),(699,0,0,0,0,0,699),(700,0,0,0,0,0,700),(701,0,0,0,0,0,701),(702,0,0,0,0,0,702),(703,0,0,0,0,0,703),(704,0,0,0,0,0,704),(705,0,0,0,0,0,705),(706,0,0,0,0,0,706),(707,0,0,0,0,0,707),(708,0,0,0,0,0,708),(709,0,0,0,0,0,709),(710,0,0,0,0,0,710),(711,0,0,0,0,0,711),(712,0,0,0,0,0,712),(713,0,0,0,0,0,713),(714,0,0,0,0,0,714),(715,0,0,0,0,0,715),(716,0,0,0,0,0,716),(717,0,0,0,0,0,717),(718,0,0,0,0,0,718),(719,0,0,0,0,0,719),(720,0,0,0,0,0,720),(721,0,0,0,0,0,721),(722,0,0,0,0,0,722),(723,0,0,0,0,0,723),(724,0,0,0,0,0,724),(725,0,0,0,0,0,725),(726,0,0,0,0,0,726),(727,0,0,0,0,0,727),(728,0,0,0,0,0,728),(729,0,0,0,0,0,729),(730,0,0,0,0,0,730),(731,0,0,0,0,0,731),(732,0,0,0,0,0,732),(733,0,0,0,0,0,733),(734,0,0,0,0,0,734),(735,0,0,0,0,0,735),(736,0,0,0,0,0,736),(737,0,0,0,0,0,737),(738,0,0,0,0,0,738),(739,0,0,0,0,0,739),(740,0,0,0,0,0,740),(741,0,0,0,0,0,741),(742,0,0,0,0,0,742),(743,0,0,0,0,0,743),(744,0,0,0,0,0,744),(745,0,0,0,0,0,745),(746,0,0,0,0,0,746),(747,0,0,0,0,0,747),(748,0,0,0,0,0,748),(749,0,0,0,0,0,749),(750,0,0,0,0,0,750),(751,0,0,0,0,0,751),(752,0,0,0,0,0,752),(753,0,0,0,0,0,753),(754,0,0,0,0,0,754),(755,0,0,0,0,0,755),(756,0,0,0,0,0,756),(757,0,0,0,0,0,757),(758,0,0,0,0,0,758),(759,0,0,0,0,0,759),(760,0,0,0,0,0,760),(761,0,0,0,0,0,761),(762,0,0,0,0,0,762),(763,0,0,0,0,0,763),(764,0,0,0,0,0,764),(765,0,0,0,0,0,765),(766,0,0,0,0,0,766),(767,0,0,0,0,0,767),(768,0,0,0,0,0,768),(769,0,0,0,0,0,769),(770,0,0,0,0,0,770),(771,0,0,0,0,0,771),(772,0,0,0,0,0,772),(773,0,0,0,0,0,773),(774,0,0,0,0,0,774),(775,0,0,0,0,0,775),(776,0,0,0,0,0,776),(777,0,0,0,0,0,777),(778,0,0,0,0,0,778),(779,0,0,0,0,0,779),(780,0,0,0,0,0,780),(781,0,0,0,0,0,781),(782,0,0,0,0,0,782),(783,0,0,0,0,0,783),(784,0,0,0,0,0,784),(785,0,0,0,0,0,785),(786,0,0,0,0,0,786),(787,0,0,0,0,0,787),(788,0,0,0,0,0,788),(789,0,0,0,0,0,789),(790,0,0,0,0,0,790),(791,0,0,0,0,0,791),(792,0,0,0,0,0,792),(793,0,0,0,0,0,793),(794,0,0,0,0,0,794),(795,0,0,0,0,0,795),(796,0,0,0,0,0,796),(797,0,0,0,0,0,797),(798,0,0,0,0,0,798),(799,0,0,0,0,0,799),(800,0,0,0,0,0,800),(801,0,0,0,0,0,801),(802,0,0,0,0,0,802),(803,0,0,0,0,0,803),(804,0,0,0,0,0,804),(805,0,0,0,0,0,805),(806,0,0,0,0,0,806),(807,0,0,0,0,0,807),(808,0,0,0,0,0,808),(809,0,0,0,0,0,809),(810,0,0,0,0,0,810),(811,0,0,0,0,0,811),(812,0,0,0,0,0,812),(813,0,0,0,0,0,813),(814,0,0,0,0,0,814),(815,0,0,0,0,0,815),(816,0,0,0,0,0,816),(817,0,0,0,0,0,817),(818,0,0,0,0,0,818),(819,0,0,0,0,0,819),(820,0,0,0,0,0,820),(821,0,0,0,0,0,821),(822,0,0,0,0,0,822),(823,0,0,0,0,0,823),(824,0,0,0,0,0,824),(825,0,0,0,0,0,825),(826,0,0,0,0,0,826),(827,0,0,0,0,0,827),(828,0,0,0,0,0,828),(829,0,0,0,0,0,829),(830,0,0,0,0,0,830),(831,0,0,0,0,0,831),(832,0,0,0,0,0,832),(833,0,0,0,0,0,833),(834,0,0,0,0,0,834),(835,0,0,0,0,0,835),(836,0,0,0,0,0,836),(837,0,0,0,0,0,837),(838,0,0,0,0,0,838),(839,0,0,0,0,0,839),(840,0,0,0,0,0,840),(841,0,0,0,0,0,841),(842,0,0,0,0,0,842),(843,0,0,0,0,0,843),(844,0,0,0,0,0,844),(845,0,0,0,0,0,845),(846,0,0,0,0,0,846),(847,0,0,0,0,0,847),(848,0,0,0,0,0,848),(849,0,0,0,0,0,849),(850,0,0,0,0,0,850),(851,0,0,0,0,0,851),(852,0,0,0,0,0,852),(853,0,0,0,0,0,853),(854,0,0,0,0,0,854),(855,0,0,0,0,0,855),(856,0,0,0,0,0,856),(857,0,0,0,0,0,857),(858,0,0,0,0,0,858),(859,0,0,0,0,0,859),(860,0,0,0,0,0,860),(861,0,0,0,0,0,861),(862,0,0,0,0,0,862),(863,0,0,0,0,0,863),(864,0,0,0,0,0,864),(865,0,0,0,0,0,865),(866,0,0,0,0,0,866),(867,0,0,0,0,0,867),(868,0,0,0,0,0,868),(869,0,0,0,0,0,869),(870,0,0,0,0,0,870),(871,0,0,0,0,0,871),(872,0,0,0,0,0,872),(873,0,0,0,0,0,873),(874,0,0,0,0,0,874),(875,0,0,0,0,0,875),(876,0,0,0,0,0,876),(877,0,0,0,0,0,877),(878,0,0,0,0,0,878),(879,0,0,0,0,0,879),(880,0,0,0,0,0,880),(881,0,0,0,0,0,881),(882,0,0,0,0,0,882),(883,0,0,0,0,0,883),(884,0,0,0,0,0,884),(885,0,0,0,0,0,885),(886,0,0,0,0,0,886),(887,0,0,0,0,0,887),(888,0,0,0,0,0,888),(889,0,0,0,0,0,889),(890,0,0,0,0,0,890),(891,0,0,0,0,0,891),(892,0,0,0,0,0,892),(893,0,0,0,0,0,893),(894,0,0,0,0,0,894),(895,0,0,0,0,0,895),(896,0,0,0,0,0,896),(897,0,0,0,0,0,897),(898,0,0,0,0,0,898),(899,0,0,0,0,0,899),(900,0,0,0,0,0,900),(901,0,0,0,0,0,901),(902,0,0,0,0,0,902),(903,0,0,0,0,0,903),(904,0,0,0,0,0,904),(905,0,0,0,0,0,905),(906,0,0,0,0,0,906),(907,0,0,0,0,0,907),(908,0,0,0,0,0,908),(909,0,0,0,0,0,909),(910,0,0,0,0,0,910),(911,0,0,0,0,0,911),(912,0,0,0,0,0,912),(913,0,0,0,0,0,913),(914,0,0,0,0,0,914),(915,0,0,0,0,0,915),(916,0,0,0,0,0,916),(917,0,0,0,0,0,917),(918,0,0,0,0,0,918),(919,0,0,0,0,0,919),(920,0,0,0,0,0,920),(921,0,0,0,0,0,921),(922,0,0,0,0,0,922),(923,0,0,0,0,0,923),(924,0,0,0,0,0,924),(925,0,0,0,0,0,925),(926,0,0,0,0,0,926),(927,0,0,0,0,0,927),(928,0,0,0,0,0,928),(929,0,0,0,0,0,929),(930,0,0,0,0,0,930),(931,0,0,0,0,0,931),(932,0,0,0,0,0,932),(933,0,0,0,0,0,933),(934,0,0,0,0,0,934),(935,0,0,0,0,0,935),(936,0,0,0,0,0,936),(937,0,0,0,0,0,937),(938,0,0,0,0,0,938),(939,0,0,0,0,0,939),(940,0,0,0,0,0,940),(941,0,0,0,0,0,941),(942,0,0,0,0,0,942),(943,0,0,0,0,0,943),(944,0,0,0,0,0,944),(945,0,0,0,0,0,945),(946,0,0,0,0,0,946),(947,0,0,0,0,0,947),(948,0,0,0,0,0,948),(949,0,0,0,0,0,949),(950,0,0,0,0,0,950),(951,0,0,0,0,0,951),(952,0,0,0,0,0,952),(953,0,0,0,0,0,953),(954,0,0,0,0,0,954),(955,0,0,0,0,0,955),(956,0,0,0,0,0,956),(957,0,0,0,0,0,957),(958,0,0,0,0,0,958),(959,0,0,0,0,0,959),(960,0,0,0,0,0,960),(961,0,0,0,0,0,961),(962,0,0,0,0,0,962),(963,0,0,0,0,0,963),(964,0,0,0,0,0,964),(965,0,0,0,0,0,965),(966,0,0,0,0,0,966),(967,0,0,0,0,0,967),(968,0,0,0,0,0,968),(969,0,0,0,0,0,969),(970,0,0,0,0,0,970),(971,0,0,0,0,0,971),(972,0,0,0,0,0,972),(973,0,0,0,0,0,973),(974,0,0,0,0,0,974),(975,0,0,0,0,0,975),(976,0,0,0,0,0,976),(977,0,0,0,0,0,977),(978,0,0,0,0,0,978),(979,0,0,0,0,0,979),(980,0,0,0,0,0,980),(981,0,0,0,0,0,981),(982,0,0,0,0,0,982),(983,0,0,0,0,0,983),(984,0,0,0,0,0,984),(985,0,0,0,0,0,985),(986,0,0,0,0,0,986),(987,0,0,0,0,0,987),(988,0,0,0,0,0,988),(989,0,0,0,0,0,989),(990,0,0,0,0,0,990),(991,0,0,0,0,0,991),(992,0,0,0,0,0,992),(993,0,0,0,0,0,993),(994,0,0,0,0,0,994),(995,0,0,0,0,0,995),(996,0,0,0,0,0,996),(997,0,0,0,0,0,997),(998,0,0,0,0,0,998),(999,0,0,0,0,0,999),(1000,0,0,0,0,0,1000);

/*Table structure for table `user` */

DROP TABLE IF EXISTS `user`;

CREATE TABLE `user` (
  `user_id` int NOT NULL AUTO_INCREMENT COMMENT '用户表id',
  `nickname` varchar(50) DEFAULT NULL COMMENT '用户昵称',
  `introduce` varchar(200) DEFAULT NULL COMMENT '用户介绍',
  `sex` varchar(1) DEFAULT NULL COMMENT '用户性别',
  `signature` varchar(20) DEFAULT NULL COMMENT '用户个性签名',
  `headimg` varchar(200) DEFAULT NULL COMMENT '用户头像',
  `iphone` bigint DEFAULT NULL COMMENT '用户手机号',
  `vip` int DEFAULT NULL COMMENT '用户是否为vip用户',
  `honourable` int DEFAULT NULL COMMENT '段位',
  `openid` varchar(500) DEFAULT NULL COMMENT '小程序',
  PRIMARY KEY (`user_id`)
) ENGINE=InnoDB AUTO_INCREMENT=1001 DEFAULT CHARSET=utf8mb3;

/*Data for the table `user` */

insert  into `user`(`user_id`,`nickname`,`introduce`,`sex`,`signature`,`headimg`,`iphone`,`vip`,`honourable`,`openid`) values (1,'水博超',NULL,'女',NULL,'/user_img/123.jpeg',13467771234,1,1000,'\"oKZPC5X_b-6mw2Ks6qNrPgHaRtJ8\"'),(2,'杨弘文',NULL,'女',NULL,'/user_img/123.jpeg',19919446468,1,1000,NULL),(3,'吕弘文',NULL,'男',NULL,'/user_img/123.jpeg',19186451865,0,1000,NULL),(4,'朱晋鹏',NULL,'男',NULL,'/user_img/123.jpeg',14800765253,1,1000,NULL),(5,'杨醉波',NULL,'女',NULL,'/user_img/123.jpeg',16338637820,0,1000,NULL),(6,'姜安南',NULL,'女',NULL,'/user_img/123.jpeg',14474350667,0,1000,NULL),(7,'云雪松',NULL,'男',NULL,'/user_img/123.jpeg',19146265246,0,1000,NULL),(8,'曹昊强',NULL,'男',NULL,'/user_img/123.jpeg',12978094200,1,1000,NULL),(9,'昌如风',NULL,'女',NULL,'/user_img/123.jpeg',17981124180,0,1000,NULL),(10,'秦雪柳',NULL,'男',NULL,'/user_img/123.jpeg',14669360900,0,1000,NULL),(11,'王立果',NULL,'男',NULL,'/user_img/123.jpeg',15054096345,0,1000,NULL),(12,'苏碧凡',NULL,'女',NULL,'/user_img/123.jpeg',18733687510,0,1000,NULL),(13,'冯嘉熙',NULL,'女',NULL,'/user_img/123.jpeg',13705373787,1,1000,NULL),(14,'李鑫鹏',NULL,'男',NULL,'/user_img/123.jpeg',13097511731,1,1000,NULL),(15,'姜白凡',NULL,'男',NULL,'/user_img/123.jpeg',13585735389,1,1000,NULL),(16,'葛白凡',NULL,'女',NULL,'/user_img/123.jpeg',17881209783,1,1000,NULL),(17,'奚秋柔',NULL,'女',NULL,'/user_img/123.jpeg',13123657779,1,1000,NULL),(18,'李建辉',NULL,'男',NULL,'/user_img/123.jpeg',15499737604,0,1000,NULL),(19,'孔冰旋',NULL,'女',NULL,'/user_img/123.jpeg',16025602457,0,1000,NULL),(20,'柳涵瑶',NULL,'男',NULL,'/user_img/123.jpeg',13768317900,1,1000,NULL),(21,'马博超',NULL,'男',NULL,'/user_img/123.jpeg',15409619053,0,1000,NULL),(22,'吕风华',NULL,'女',NULL,'/user_img/123.jpeg',15113166257,1,1000,NULL),(23,'邹明辉',NULL,'女',NULL,'/user_img/123.jpeg',14722105351,0,1000,NULL),(24,'方绍辉',NULL,'女',NULL,'/user_img/123.jpeg',18223421250,0,1000,NULL),(25,'韦炎彬',NULL,'女',NULL,'/user_img/123.jpeg',18036840982,0,1000,NULL),(26,'戚依萱',NULL,'男',NULL,'/user_img/123.jpeg',16142578624,1,1000,NULL),(27,'昌晓凡',NULL,'女',NULL,'/user_img/123.jpeg',12440316012,1,1000,NULL),(28,'章夏菡',NULL,'女',NULL,'/user_img/123.jpeg',14547721085,1,1000,NULL),(29,'鲁冷梅',NULL,'男',NULL,'/user_img/123.jpeg',15486725581,1,1000,NULL),(30,'卫雅彤',NULL,'男',NULL,'/user_img/123.jpeg',19818882776,0,1000,NULL),(31,'尤沛萍',NULL,'男',NULL,'/user_img/123.jpeg',16019906546,1,1000,NULL),(32,'秦醉波',NULL,'女',NULL,'/user_img/123.jpeg',14745776343,1,1000,NULL),(33,'周醉柳',NULL,'女',NULL,'/user_img/123.jpeg',15826531290,1,1000,NULL),(34,'许紫易',NULL,'男',NULL,'/user_img/123.jpeg',14983432332,0,1000,NULL),(35,'李沛珊',NULL,'女',NULL,'/user_img/123.jpeg',12914831514,1,1000,NULL),(36,'郑以蕊',NULL,'男',NULL,'/user_img/123.jpeg',19343053354,1,1000,NULL),(37,'沈尔琴',NULL,'男',NULL,'/user_img/123.jpeg',19384759544,1,1000,NULL),(38,'俞沛珊',NULL,'女',NULL,'/user_img/123.jpeg',12813434562,1,1000,NULL),(39,'袁雪柳',NULL,'男',NULL,'/user_img/123.jpeg',13353751985,0,1000,NULL),(40,'鲁文博',NULL,'女',NULL,'/user_img/123.jpeg',15469571584,1,1000,NULL),(41,'方映容',NULL,'男',NULL,'/user_img/123.jpeg',18339335619,1,1000,NULL),(42,'戚思远',NULL,'女',NULL,'/user_img/123.jpeg',12952452392,0,1000,NULL),(43,'蒋映易',NULL,'女',NULL,'/user_img/123.jpeg',15553497208,0,1000,NULL),(44,'郎鹏飞',NULL,'男',NULL,'/user_img/123.jpeg',19972395476,0,1000,NULL),(45,'许凡之',NULL,'男',NULL,'/user_img/123.jpeg',17330433293,1,1000,NULL),(46,'魏子默',NULL,'男',NULL,'/user_img/123.jpeg',16121532569,0,1000,NULL),(47,'曹子默',NULL,'男',NULL,'/user_img/123.jpeg',14437697038,0,1000,NULL),(48,'苏浩然',NULL,'女',NULL,'/user_img/123.jpeg',19458758126,1,1000,NULL),(49,'杨靖琪',NULL,'男',NULL,'/user_img/123.jpeg',16946732321,0,1000,NULL),(50,'柳智渊',NULL,'男',NULL,'/user_img/123.jpeg',13187759521,0,1000,NULL),(51,'吕白凡',NULL,'男',NULL,'/user_img/123.jpeg',17378656006,0,1000,NULL),(52,'施绿真',NULL,'女',NULL,'/user_img/123.jpeg',19811226217,1,1000,NULL),(53,'杨秋柔',NULL,'女',NULL,'/user_img/123.jpeg',13166981536,0,1000,NULL),(54,'窦文博',NULL,'女',NULL,'/user_img/123.jpeg',13371531811,0,1000,NULL),(55,'冯秋柔',NULL,'男',NULL,'/user_img/123.jpeg',16208123422,0,1000,NULL),(56,'任觅荷',NULL,'女',NULL,'/user_img/123.jpeg',15565161174,1,1000,NULL),(57,'潘凝阳',NULL,'男',NULL,'/user_img/123.jpeg',18080542851,1,1000,NULL),(58,'华幻丝',NULL,'女',NULL,'/user_img/123.jpeg',15303874912,0,1000,NULL),(59,'姜天磊',NULL,'女',NULL,'/user_img/123.jpeg',13960284548,1,1000,NULL),(60,'葛尔琴',NULL,'女',NULL,'/user_img/123.jpeg',18192972334,1,1000,NULL),(61,'冯醉波',NULL,'男',NULL,'/user_img/123.jpeg',19020399922,0,1000,NULL),(62,'彭凡之',NULL,'男',NULL,'/user_img/123.jpeg',16777849780,1,1000,NULL),(63,'严越彬',NULL,'男',NULL,'/user_img/123.jpeg',14189802185,0,1000,NULL),(64,'韦雅彤',NULL,'女',NULL,'/user_img/123.jpeg',17376362813,1,1000,NULL),(65,'奚从安',NULL,'女',NULL,'/user_img/123.jpeg',16287951159,0,1000,NULL),(66,'杨金鑫',NULL,'男',NULL,'/user_img/123.jpeg',17481572439,1,1000,NULL),(67,'秦以莲',NULL,'男',NULL,'/user_img/123.jpeg',12997753752,1,1000,NULL),(68,'柳醉柳',NULL,'女',NULL,'/user_img/123.jpeg',16730116795,1,1000,NULL),(69,'周越彬',NULL,'女',NULL,'/user_img/123.jpeg',14745471516,0,1000,NULL),(70,'曹宛儿',NULL,'男',NULL,'/user_img/123.jpeg',13183737219,0,1000,NULL),(71,'沈映容',NULL,'男',NULL,'/user_img/123.jpeg',19662455328,0,1000,NULL),(72,'韩锦程',NULL,'女',NULL,'/user_img/123.jpeg',18889564664,0,1000,NULL),(73,'曹博超',NULL,'女',NULL,'/user_img/123.jpeg',19323864275,0,1000,NULL),(74,'陶金鑫',NULL,'女',NULL,'/user_img/123.jpeg',19250641932,0,1000,NULL),(75,'王依萱',NULL,'男',NULL,'/user_img/123.jpeg',18380435236,0,1000,NULL),(76,'章智渊',NULL,'男',NULL,'/user_img/123.jpeg',19320729509,1,1000,NULL),(77,'姜明辉',NULL,'男',NULL,'/user_img/123.jpeg',13674934175,0,1000,NULL),(78,'孔雪瑶',NULL,'男',NULL,'/user_img/123.jpeg',19406034075,0,1000,NULL),(79,'郎昊强',NULL,'女',NULL,'/user_img/123.jpeg',15923705975,0,1000,NULL),(80,'云冷梅',NULL,'男',NULL,'/user_img/123.jpeg',16129655802,0,1000,NULL),(81,'沈鹤轩',NULL,'女',NULL,'/user_img/123.jpeg',17252812736,0,1000,NULL),(82,'姜子默',NULL,'男',NULL,'/user_img/123.jpeg',16963299478,1,1000,NULL),(83,'窦幼晴',NULL,'男',NULL,'/user_img/123.jpeg',14447122289,0,1000,NULL),(84,'卫依萱',NULL,'男',NULL,'/user_img/123.jpeg',15507609676,0,1000,NULL),(85,'朱凝阳',NULL,'男',NULL,'/user_img/123.jpeg',14082503263,0,1000,NULL),(86,'鲁依萱',NULL,'女',NULL,'/user_img/123.jpeg',12932856191,1,1000,NULL),(87,'潘寻双',NULL,'女',NULL,'/user_img/123.jpeg',17285841465,0,1000,NULL),(88,'谢飞阳',NULL,'女',NULL,'/user_img/123.jpeg',17139953558,1,1000,NULL),(89,'赵以莲',NULL,'男',NULL,'/user_img/123.jpeg',17188856109,0,1000,NULL),(90,'鲁安雁',NULL,'女',NULL,'/user_img/123.jpeg',17626570246,0,1000,NULL),(91,'潘宛儿',NULL,'男',NULL,'/user_img/123.jpeg',19642816029,0,1000,NULL),(92,'吴立果',NULL,'女',NULL,'/user_img/123.jpeg',14322965989,1,1000,NULL),(93,'蒋安南',NULL,'女',NULL,'/user_img/123.jpeg',15265515060,1,1000,NULL),(94,'邹涵瑶',NULL,'男',NULL,'/user_img/123.jpeg',19240298333,0,1000,NULL),(95,'范风华',NULL,'女',NULL,'/user_img/123.jpeg',15198502730,0,1000,NULL),(96,'凤泽洋',NULL,'女',NULL,'/user_img/123.jpeg',13638519265,1,1000,NULL),(97,'王以寒',NULL,'女',NULL,'/user_img/123.jpeg',12763118017,0,1000,NULL),(98,'杨晓霜',NULL,'女',NULL,'/user_img/123.jpeg',16152197537,1,1000,NULL),(99,'郑弘文',NULL,'男',NULL,'/user_img/123.jpeg',19855106186,1,1000,NULL),(100,'严越彬',NULL,'男',NULL,'/user_img/123.jpeg',16865861220,0,1000,NULL),(101,'鲁冷梅',NULL,'男',NULL,'/user_img/123.jpeg',13154746030,0,1000,NULL),(102,'喻飞阳',NULL,'男',NULL,'/user_img/123.jpeg',13547358806,0,1000,NULL),(103,'戚以寒',NULL,'女',NULL,'/user_img/123.jpeg',15302633114,0,1000,NULL),(104,'蒋雨珍',NULL,'女',NULL,'/user_img/123.jpeg',12381047861,1,1000,NULL),(105,'任醉柳',NULL,'女',NULL,'/user_img/123.jpeg',12810495349,1,1000,NULL),(106,'杨以蕊',NULL,'男',NULL,'/user_img/123.jpeg',19986528009,0,1000,NULL),(107,'冯雪柳',NULL,'男',NULL,'/user_img/123.jpeg',13380657014,1,1000,NULL),(108,'水冰旋',NULL,'女',NULL,'/user_img/123.jpeg',16365231249,0,1000,NULL),(109,'姜涵瑶',NULL,'女',NULL,'/user_img/123.jpeg',17241869265,1,1000,NULL),(110,'钱白凡',NULL,'女',NULL,'/user_img/123.jpeg',14902477181,1,1000,NULL),(111,'花映容',NULL,'男',NULL,'/user_img/123.jpeg',18902157438,1,1000,NULL),(112,'柏文博',NULL,'男',NULL,'/user_img/123.jpeg',17545644643,1,1000,NULL),(113,'张绮彤',NULL,'男',NULL,'/user_img/123.jpeg',19495454314,0,1000,NULL),(114,'褚哲瀚',NULL,'女',NULL,'/user_img/123.jpeg',14418832330,1,1000,NULL),(115,'韦凝阳',NULL,'男',NULL,'/user_img/123.jpeg',17052501675,0,1000,NULL),(116,'韩如风',NULL,'男',NULL,'/user_img/123.jpeg',15070463867,0,1000,NULL),(117,'袁雪瑶',NULL,'男',NULL,'/user_img/123.jpeg',13734584817,0,1000,NULL),(118,'花雨珍',NULL,'男',NULL,'/user_img/123.jpeg',15887554798,1,1000,NULL),(119,'赵靖琪',NULL,'女',NULL,'/user_img/123.jpeg',13382485964,1,1000,NULL),(120,'奚子骞',NULL,'女',NULL,'/user_img/123.jpeg',19405227319,1,1000,NULL),(121,'谢思远',NULL,'男',NULL,'/user_img/123.jpeg',15384757443,1,1000,NULL),(122,'俞雪柳',NULL,'男',NULL,'/user_img/123.jpeg',16745114879,1,1000,NULL),(123,'葛子骞',NULL,'男',NULL,'/user_img/123.jpeg',19590842912,0,1000,NULL),(124,'韦雪柳',NULL,'男',NULL,'/user_img/123.jpeg',15622366950,0,1000,NULL),(125,'郎冷梅',NULL,'女',NULL,'/user_img/123.jpeg',17563874138,1,1000,NULL),(126,'魏晋鹏',NULL,'男',NULL,'/user_img/123.jpeg',14461552454,0,1000,NULL),(127,'郎如风',NULL,'女',NULL,'/user_img/123.jpeg',13051821812,0,1000,NULL),(128,'郎博超',NULL,'男',NULL,'/user_img/123.jpeg',15822236018,0,1000,NULL),(129,'冯伟诚',NULL,'男',NULL,'/user_img/123.jpeg',15028060410,0,1000,NULL),(130,'姜南露',NULL,'男',NULL,'/user_img/123.jpeg',15839778038,1,1000,NULL),(131,'鲁智渊',NULL,'女',NULL,'/user_img/123.jpeg',16439819075,1,1000,NULL),(132,'彭凝天',NULL,'女',NULL,'/user_img/123.jpeg',15640888142,0,1000,NULL),(133,'任金鑫',NULL,'女',NULL,'/user_img/123.jpeg',13221394000,0,1000,NULL),(134,'水秋柔',NULL,'女',NULL,'/user_img/123.jpeg',15361799993,1,1000,NULL),(135,'奚冷梅',NULL,'男',NULL,'/user_img/123.jpeg',14131324067,0,1000,NULL),(136,'柏凝天',NULL,'女',NULL,'/user_img/123.jpeg',15619938020,1,1000,NULL),(137,'沈绿真',NULL,'男',NULL,'/user_img/123.jpeg',18055615341,0,1000,NULL),(138,'冯觅荷',NULL,'男',NULL,'/user_img/123.jpeg',14376832026,1,1000,NULL),(139,'严鹏煊',NULL,'女',NULL,'/user_img/123.jpeg',14021625178,0,1000,NULL),(140,'王雪松',NULL,'男',NULL,'/user_img/123.jpeg',19169505003,0,1000,NULL),(141,'鲁泽洋',NULL,'男',NULL,'/user_img/123.jpeg',18745731110,1,1000,NULL),(142,'陶鑫鹏',NULL,'女',NULL,'/user_img/123.jpeg',12809148188,1,1000,NULL),(143,'赵明轩',NULL,'女',NULL,'/user_img/123.jpeg',16094048115,0,1000,NULL),(144,'朱凡之',NULL,'男',NULL,'/user_img/123.jpeg',12351034990,1,1000,NULL),(145,'章昊强',NULL,'女',NULL,'/user_img/123.jpeg',16487874753,0,1000,NULL),(146,'严思远',NULL,'男',NULL,'/user_img/123.jpeg',19135905747,1,1000,NULL),(147,'柳思远',NULL,'女',NULL,'/user_img/123.jpeg',13499823965,0,1000,NULL),(148,'范思菱',NULL,'女',NULL,'/user_img/123.jpeg',14367813795,0,1000,NULL),(149,'凤以寒',NULL,'女',NULL,'/user_img/123.jpeg',19154482929,0,1000,NULL),(150,'韦天宇',NULL,'男',NULL,'/user_img/123.jpeg',13664155546,1,1000,NULL),(151,'谢建辉',NULL,'女',NULL,'/user_img/123.jpeg',19151191411,1,1000,NULL),(152,'朱醉波',NULL,'女',NULL,'/user_img/123.jpeg',18095446935,0,1000,NULL),(153,'蒋风华',NULL,'女',NULL,'/user_img/123.jpeg',17800697636,1,1000,NULL),(154,'俞思淼',NULL,'男',NULL,'/user_img/123.jpeg',12382067286,0,1000,NULL),(155,'施雪瑶',NULL,'男',NULL,'/user_img/123.jpeg',13583022648,0,1000,NULL),(156,'俞孤风',NULL,'男',NULL,'/user_img/123.jpeg',18690980892,1,1000,NULL),(157,'戚从安',NULL,'男',NULL,'/user_img/123.jpeg',13357925292,0,1000,NULL),(158,'冯越彬',NULL,'男',NULL,'/user_img/123.jpeg',15633805797,0,1000,NULL),(159,'郑子骞',NULL,'女',NULL,'/user_img/123.jpeg',17393505419,0,1000,NULL),(160,'马尔琴',NULL,'男',NULL,'/user_img/123.jpeg',16837772183,1,1000,NULL),(161,'吴安南',NULL,'男',NULL,'/user_img/123.jpeg',16865954332,1,1000,NULL),(162,'范以蕊',NULL,'男',NULL,'/user_img/123.jpeg',13213899439,1,1000,NULL),(163,'鲁鹤轩',NULL,'男',NULL,'/user_img/123.jpeg',18714503956,1,1000,NULL),(164,'孙立果',NULL,'女',NULL,'/user_img/123.jpeg',15926881554,0,1000,NULL),(165,'金绮彤',NULL,'男',NULL,'/user_img/123.jpeg',15704857607,1,1000,NULL),(166,'奚映容',NULL,'男',NULL,'/user_img/123.jpeg',17121525773,0,1000,NULL),(167,'俞晋鹏',NULL,'男',NULL,'/user_img/123.jpeg',19393224082,0,1000,NULL),(168,'孙雨珍',NULL,'女',NULL,'/user_img/123.jpeg',17543527935,0,1000,NULL),(169,'邹伟宸',NULL,'男',NULL,'/user_img/123.jpeg',13271983090,1,1000,NULL),(170,'邹思远',NULL,'男',NULL,'/user_img/123.jpeg',18409406014,1,1000,NULL),(171,'王思淼',NULL,'男',NULL,'/user_img/123.jpeg',16047295639,0,1000,NULL),(172,'昌博超',NULL,'男',NULL,'/user_img/123.jpeg',18721963366,1,1000,NULL),(173,'何觅荷',NULL,'女',NULL,'/user_img/123.jpeg',19987426654,1,1000,NULL),(174,'戚思远',NULL,'女',NULL,'/user_img/123.jpeg',15186502076,1,1000,NULL),(175,'鲁紫易',NULL,'女',NULL,'/user_img/123.jpeg',13307006129,1,1000,NULL),(176,'卫绍辉',NULL,'男',NULL,'/user_img/123.jpeg',14457936633,0,1000,NULL),(177,'冯金鑫',NULL,'男',NULL,'/user_img/123.jpeg',15164448487,1,1000,NULL),(178,'马鹤轩',NULL,'女',NULL,'/user_img/123.jpeg',17972484339,0,1000,NULL),(179,'葛明辉',NULL,'男',NULL,'/user_img/123.jpeg',15353089423,1,1000,NULL),(180,'曹天宇',NULL,'女',NULL,'/user_img/123.jpeg',18623806002,1,1000,NULL),(181,'施越彬',NULL,'男',NULL,'/user_img/123.jpeg',15742632878,1,1000,NULL),(182,'葛依萱',NULL,'男',NULL,'/user_img/123.jpeg',15883129294,0,1000,NULL),(183,'吴思远',NULL,'女',NULL,'/user_img/123.jpeg',13945669578,0,1000,NULL),(184,'孙沛珊',NULL,'男',NULL,'/user_img/123.jpeg',14706316831,1,1000,NULL),(185,'钱沛萍',NULL,'女',NULL,'/user_img/123.jpeg',18134784773,0,1000,NULL),(186,'柳越彬',NULL,'女',NULL,'/user_img/123.jpeg',12464132748,1,1000,NULL),(187,'苏以蕊',NULL,'男',NULL,'/user_img/123.jpeg',16933405860,1,1000,NULL),(188,'方泽洋',NULL,'女',NULL,'/user_img/123.jpeg',18093917622,0,1000,NULL),(189,'韦从安',NULL,'男',NULL,'/user_img/123.jpeg',15149359731,1,1000,NULL),(190,'邹沛萍',NULL,'男',NULL,'/user_img/123.jpeg',15808305835,0,1000,NULL),(191,'水子骞',NULL,'男',NULL,'/user_img/123.jpeg',14730767721,1,1000,NULL),(192,'邹飞阳',NULL,'女',NULL,'/user_img/123.jpeg',13495491997,0,1000,NULL),(193,'严沛萍',NULL,'男',NULL,'/user_img/123.jpeg',16326334931,0,1000,NULL),(194,'花晓博',NULL,'男',NULL,'/user_img/123.jpeg',14557337066,1,1000,NULL),(195,'陈以蕊',NULL,'女',NULL,'/user_img/123.jpeg',18855872867,0,1000,NULL),(196,'潘沛珊',NULL,'女',NULL,'/user_img/123.jpeg',12437144530,0,1000,NULL),(197,'韩昊强',NULL,'女',NULL,'/user_img/123.jpeg',15665172492,1,1000,NULL),(198,'施凝天',NULL,'男',NULL,'/user_img/123.jpeg',18999397075,0,1000,NULL),(199,'魏安雁',NULL,'男',NULL,'/user_img/123.jpeg',19214772416,1,1000,NULL),(200,'苗嘉熙',NULL,'男',NULL,'/user_img/123.jpeg',18763661014,1,1000,NULL),(201,'魏凡之',NULL,'女',NULL,'/user_img/123.jpeg',13167076495,0,1000,NULL),(202,'陈绍辉',NULL,'女',NULL,'/user_img/123.jpeg',14862330384,0,1000,NULL),(203,'李思远',NULL,'女',NULL,'/user_img/123.jpeg',12826501750,1,1000,NULL),(204,'水绍辉',NULL,'男',NULL,'/user_img/123.jpeg',13475147125,1,1000,NULL),(205,'郎南露',NULL,'男',NULL,'/user_img/123.jpeg',17523788971,0,1000,NULL),(206,'奚雨珍',NULL,'男',NULL,'/user_img/123.jpeg',13393640978,0,1000,NULL),(207,'吕立果',NULL,'男',NULL,'/user_img/123.jpeg',14697373454,1,1000,NULL),(208,'魏鹤轩',NULL,'男',NULL,'/user_img/123.jpeg',17589902097,1,1000,NULL),(209,'奚天磊',NULL,'女',NULL,'/user_img/123.jpeg',15698346769,1,1000,NULL),(210,'袁晓啸',NULL,'女',NULL,'/user_img/123.jpeg',14437727247,0,1000,NULL),(211,'俞觅荷',NULL,'女',NULL,'/user_img/123.jpeg',12865412862,0,1000,NULL),(212,'蒋鹏涛',NULL,'男',NULL,'/user_img/123.jpeg',13328216157,0,1000,NULL),(213,'陈建辉',NULL,'女',NULL,'/user_img/123.jpeg',17920355541,0,1000,NULL),(214,'邹涵瑶',NULL,'男',NULL,'/user_img/123.jpeg',17507007164,1,1000,NULL),(215,'苏君浩',NULL,'男',NULL,'/user_img/123.jpeg',17336329535,0,1000,NULL),(216,'赵以蕊',NULL,'女',NULL,'/user_img/123.jpeg',17773195078,0,1000,NULL),(217,'陈雅彤',NULL,'男',NULL,'/user_img/123.jpeg',13162086600,0,1000,NULL),(218,'云南露',NULL,'男',NULL,'/user_img/123.jpeg',18232451909,0,1000,NULL),(219,'范思淼',NULL,'男',NULL,'/user_img/123.jpeg',15811992018,1,1000,NULL),(220,'喻晓啸',NULL,'女',NULL,'/user_img/123.jpeg',15462064533,1,1000,NULL),(221,'张寒云',NULL,'男',NULL,'/user_img/123.jpeg',13567236617,0,1000,NULL),(222,'姜之玉',NULL,'女',NULL,'/user_img/123.jpeg',18277627264,0,1000,NULL),(223,'喻风华',NULL,'女',NULL,'/user_img/123.jpeg',16106637141,1,1000,NULL),(224,'施依萱',NULL,'女',NULL,'/user_img/123.jpeg',12754784333,1,1000,NULL),(225,'蒋映易',NULL,'男',NULL,'/user_img/123.jpeg',12517990530,1,1000,NULL),(226,'谢安雁',NULL,'男',NULL,'/user_img/123.jpeg',15246570874,0,1000,NULL),(227,'章绍辉',NULL,'女',NULL,'/user_img/123.jpeg',19343738665,0,1000,NULL),(228,'蒋之玉',NULL,'女',NULL,'/user_img/123.jpeg',13938726646,1,1000,NULL),(229,'范雅彤',NULL,'女',NULL,'/user_img/123.jpeg',15101375095,1,1000,NULL),(230,'许醉波',NULL,'女',NULL,'/user_img/123.jpeg',16294981629,0,1000,NULL),(231,'曹金鑫',NULL,'男',NULL,'/user_img/123.jpeg',16246710653,0,1000,NULL),(232,'凤碧凡',NULL,'男',NULL,'/user_img/123.jpeg',15695529901,1,1000,NULL),(233,'俞晓博',NULL,'男',NULL,'/user_img/123.jpeg',12967870324,1,1000,NULL),(234,'柳紫易',NULL,'女',NULL,'/user_img/123.jpeg',16957736855,1,1000,NULL),(235,'严晓啸',NULL,'男',NULL,'/user_img/123.jpeg',16742205933,0,1000,NULL),(236,'陶浩然',NULL,'女',NULL,'/user_img/123.jpeg',16952647537,1,1000,NULL),(237,'苗雪松',NULL,'男',NULL,'/user_img/123.jpeg',17231662828,1,1000,NULL),(238,'孔孤风',NULL,'男',NULL,'/user_img/123.jpeg',15964814432,0,1000,NULL),(239,'孙博超',NULL,'男',NULL,'/user_img/123.jpeg',12787914954,1,1000,NULL),(240,'邹飞阳',NULL,'女',NULL,'/user_img/123.jpeg',19732142675,0,1000,NULL),(241,'赵晋鹏',NULL,'女',NULL,'/user_img/123.jpeg',16643541887,1,1000,NULL),(242,'赵晓啸',NULL,'男',NULL,'/user_img/123.jpeg',19387576746,1,1000,NULL),(243,'姜雁枫',NULL,'女',NULL,'/user_img/123.jpeg',18845018638,1,1000,NULL),(244,'沈智渊',NULL,'男',NULL,'/user_img/123.jpeg',17465192672,1,1000,NULL),(245,'袁绍辉',NULL,'男',NULL,'/user_img/123.jpeg',17708832521,1,1000,NULL),(246,'邹孤风',NULL,'男',NULL,'/user_img/123.jpeg',12998303153,1,1000,NULL),(247,'苗明辉',NULL,'男',NULL,'/user_img/123.jpeg',16115274910,0,1000,NULL),(248,'冯嘉熙',NULL,'女',NULL,'/user_img/123.jpeg',19356581274,0,1000,NULL),(249,'曹天磊',NULL,'男',NULL,'/user_img/123.jpeg',17882294737,1,1000,NULL),(250,'曹雪瑶',NULL,'男',NULL,'/user_img/123.jpeg',18415342859,0,1000,NULL),(251,'张哲瀚',NULL,'女',NULL,'/user_img/123.jpeg',12789802386,1,1000,NULL),(252,'吕昊强',NULL,'女',NULL,'/user_img/123.jpeg',19231554002,0,1000,NULL),(253,'任靖琪',NULL,'男',NULL,'/user_img/123.jpeg',18087379121,0,1000,NULL),(254,'任凝天',NULL,'男',NULL,'/user_img/123.jpeg',19046290958,1,1000,NULL),(255,'严尔琴',NULL,'男',NULL,'/user_img/123.jpeg',19695835228,0,1000,NULL),(256,'凤哲瀚',NULL,'女',NULL,'/user_img/123.jpeg',17741435632,1,1000,NULL),(257,'喻思远',NULL,'男',NULL,'/user_img/123.jpeg',18328916433,0,1000,NULL),(258,'潘沛萍',NULL,'男',NULL,'/user_img/123.jpeg',16836697905,0,1000,NULL),(259,'蒋凝雁',NULL,'男',NULL,'/user_img/123.jpeg',14772196946,0,1000,NULL),(260,'葛子默',NULL,'女',NULL,'/user_img/123.jpeg',18318748155,1,1000,NULL),(261,'谢晓博',NULL,'女',NULL,'/user_img/123.jpeg',19793947933,1,1000,NULL),(262,'秦冷梅',NULL,'男',NULL,'/user_img/123.jpeg',19130875277,1,1000,NULL),(263,'柏子骞',NULL,'男',NULL,'/user_img/123.jpeg',16852432031,1,1000,NULL),(264,'沈海云',NULL,'男',NULL,'/user_img/123.jpeg',15433339206,1,1000,NULL),(265,'严思源',NULL,'女',NULL,'/user_img/123.jpeg',18337052122,0,1000,NULL),(266,'韦鹤轩',NULL,'女',NULL,'/user_img/123.jpeg',18311983055,1,1000,NULL),(267,'柏海云',NULL,'男',NULL,'/user_img/123.jpeg',15649970647,1,1000,NULL),(268,'花冷梅',NULL,'男',NULL,'/user_img/123.jpeg',19986502238,1,1000,NULL),(269,'邹雪松',NULL,'男',NULL,'/user_img/123.jpeg',18303969591,0,1000,NULL),(270,'韩秋柔',NULL,'男',NULL,'/user_img/123.jpeg',18913071101,1,1000,NULL),(271,'陈冷梅',NULL,'女',NULL,'/user_img/123.jpeg',15140876952,1,1000,NULL),(272,'姜映易',NULL,'女',NULL,'/user_img/123.jpeg',19391763688,1,1000,NULL),(273,'曹明轩',NULL,'女',NULL,'/user_img/123.jpeg',14781471765,0,1000,NULL),(274,'凤醉柳',NULL,'女',NULL,'/user_img/123.jpeg',18547170021,1,1000,NULL),(275,'窦雁枫',NULL,'女',NULL,'/user_img/123.jpeg',14982999601,0,1000,NULL),(276,'任寻双',NULL,'女',NULL,'/user_img/123.jpeg',17897162169,0,1000,NULL),(277,'谢迎夏',NULL,'男',NULL,'/user_img/123.jpeg',14351854963,1,1000,NULL),(278,'严碧凡',NULL,'女',NULL,'/user_img/123.jpeg',17323649449,0,1000,NULL),(279,'杨思淼',NULL,'女',NULL,'/user_img/123.jpeg',18923085821,0,1000,NULL),(280,'柏雪柳',NULL,'女',NULL,'/user_img/123.jpeg',16944589582,0,1000,NULL),(281,'施以寒',NULL,'女',NULL,'/user_img/123.jpeg',16794406950,0,1000,NULL),(282,'柏紫易',NULL,'男',NULL,'/user_img/123.jpeg',14421238661,1,1000,NULL),(283,'郎海云',NULL,'男',NULL,'/user_img/123.jpeg',18471872689,0,1000,NULL),(284,'郎智渊',NULL,'女',NULL,'/user_img/123.jpeg',17879236878,1,1000,NULL),(285,'韦昊焱',NULL,'男',NULL,'/user_img/123.jpeg',15776719456,0,1000,NULL),(286,'任鹏飞',NULL,'男',NULL,'/user_img/123.jpeg',15463434631,0,1000,NULL),(287,'花子默',NULL,'男',NULL,'/user_img/123.jpeg',19071599843,0,1000,NULL),(288,'赵鹏飞',NULL,'男',NULL,'/user_img/123.jpeg',15354878758,0,1000,NULL),(289,'苗幻丝',NULL,'男',NULL,'/user_img/123.jpeg',19192905550,1,1000,NULL),(290,'尤幼晴',NULL,'男',NULL,'/user_img/123.jpeg',12670159430,1,1000,NULL),(291,'吴雅彤',NULL,'女',NULL,'/user_img/123.jpeg',19730734179,1,1000,NULL),(292,'袁思菱',NULL,'男',NULL,'/user_img/123.jpeg',13531831978,0,1000,NULL),(293,'彭千儿',NULL,'女',NULL,'/user_img/123.jpeg',15519598004,0,1000,NULL),(294,'王冷梅',NULL,'女',NULL,'/user_img/123.jpeg',15911972505,1,1000,NULL),(295,'方鹤轩',NULL,'女',NULL,'/user_img/123.jpeg',14925439209,1,1000,NULL),(296,'冯子默',NULL,'女',NULL,'/user_img/123.jpeg',19036252401,1,1000,NULL),(297,'彭伟宸',NULL,'男',NULL,'/user_img/123.jpeg',17095374908,0,1000,NULL),(298,'韦子骞',NULL,'女',NULL,'/user_img/123.jpeg',15983796203,0,1000,NULL),(299,'柳哲瀚',NULL,'女',NULL,'/user_img/123.jpeg',17073004997,1,1000,NULL),(300,'华弘文',NULL,'女',NULL,'/user_img/123.jpeg',17770857357,1,1000,NULL),(301,'谢浩然',NULL,'男',NULL,'/user_img/123.jpeg',17365936696,0,1000,NULL),(302,'郎雪柳',NULL,'男',NULL,'/user_img/123.jpeg',19795778972,0,1000,NULL),(303,'施越彬',NULL,'男',NULL,'/user_img/123.jpeg',18597245953,0,1000,NULL),(304,'谢南露',NULL,'女',NULL,'/user_img/123.jpeg',14948336470,1,1000,NULL),(305,'喻伟诚',NULL,'男',NULL,'/user_img/123.jpeg',18227234581,0,1000,NULL),(306,'柳幼晴',NULL,'女',NULL,'/user_img/123.jpeg',12614651029,1,1000,NULL),(307,'施伟宸',NULL,'女',NULL,'/user_img/123.jpeg',18829638809,0,1000,NULL),(308,'赵伟宸',NULL,'男',NULL,'/user_img/123.jpeg',12417118454,0,1000,NULL),(309,'金鹏飞',NULL,'男',NULL,'/user_img/123.jpeg',18908501230,1,1000,NULL),(310,'凤迎夏',NULL,'女',NULL,'/user_img/123.jpeg',14814041712,0,1000,NULL),(311,'华鹏煊',NULL,'女',NULL,'/user_img/123.jpeg',12511490995,1,1000,NULL),(312,'郎从安',NULL,'男',NULL,'/user_img/123.jpeg',16033894063,0,1000,NULL),(313,'范碧凡',NULL,'男',NULL,'/user_img/123.jpeg',17989275790,0,1000,NULL),(314,'何凝雁',NULL,'女',NULL,'/user_img/123.jpeg',19788304046,0,1000,NULL),(315,'吴建辉',NULL,'男',NULL,'/user_img/123.jpeg',18945828865,0,1000,NULL),(316,'孙迎夏',NULL,'男',NULL,'/user_img/123.jpeg',14769327329,1,1000,NULL),(317,'章绿真',NULL,'女',NULL,'/user_img/123.jpeg',19968459638,0,1000,NULL),(318,'邹哲瀚',NULL,'女',NULL,'/user_img/123.jpeg',18472555409,0,1000,NULL),(319,'周君浩',NULL,'男',NULL,'/user_img/123.jpeg',15469434531,1,1000,NULL),(320,'马晓博',NULL,'女',NULL,'/user_img/123.jpeg',17285811553,1,1000,NULL),(321,'凤映容',NULL,'男',NULL,'/user_img/123.jpeg',13939542265,1,1000,NULL),(322,'喻建辉',NULL,'女',NULL,'/user_img/123.jpeg',18260228654,1,1000,NULL),(323,'柳冷梅',NULL,'女',NULL,'/user_img/123.jpeg',12831062286,1,1000,NULL),(324,'姜博超',NULL,'女',NULL,'/user_img/123.jpeg',13714471072,0,1000,NULL),(325,'邹凝天',NULL,'男',NULL,'/user_img/123.jpeg',13274637130,1,1000,NULL),(326,'冯绿真',NULL,'男',NULL,'/user_img/123.jpeg',17075614781,1,1000,NULL),(327,'严碧凡',NULL,'女',NULL,'/user_img/123.jpeg',15707083046,1,1000,NULL),(328,'柏沛珊',NULL,'男',NULL,'/user_img/123.jpeg',14628266630,1,1000,NULL),(329,'杨博超',NULL,'女',NULL,'/user_img/123.jpeg',16125722477,1,1000,NULL),(330,'蒋寒云',NULL,'男',NULL,'/user_img/123.jpeg',18210390518,1,1000,NULL),(331,'苗之玉',NULL,'男',NULL,'/user_img/123.jpeg',15462241383,0,1000,NULL),(332,'郎雨珍',NULL,'男',NULL,'/user_img/123.jpeg',12726034202,0,1000,NULL),(333,'陶鹤轩',NULL,'男',NULL,'/user_img/123.jpeg',14790675958,0,1000,NULL),(334,'苗浩然',NULL,'女',NULL,'/user_img/123.jpeg',16508530950,1,1000,NULL),(335,'谢以蕊',NULL,'男',NULL,'/user_img/123.jpeg',18943314102,1,1000,NULL),(336,'鲁嘉熙',NULL,'男',NULL,'/user_img/123.jpeg',18163160647,0,1000,NULL),(337,'曹嘉熙',NULL,'女',NULL,'/user_img/123.jpeg',15860465658,0,1000,NULL),(338,'潘天宇',NULL,'男',NULL,'/user_img/123.jpeg',12467147388,1,1000,NULL),(339,'范以寒',NULL,'女',NULL,'/user_img/123.jpeg',19609997011,0,1000,NULL),(340,'周沛萍',NULL,'女',NULL,'/user_img/123.jpeg',16405003755,1,1000,NULL),(341,'邹觅荷',NULL,'女',NULL,'/user_img/123.jpeg',17309657999,0,1000,NULL),(342,'任君浩',NULL,'女',NULL,'/user_img/123.jpeg',13003564570,0,1000,NULL),(343,'奚鹏煊',NULL,'女',NULL,'/user_img/123.jpeg',13355704832,1,1000,NULL),(344,'窦立果',NULL,'男',NULL,'/user_img/123.jpeg',16978745211,1,1000,NULL),(345,'孔夏菡',NULL,'女',NULL,'/user_img/123.jpeg',17539204276,0,1000,NULL),(346,'韦安南',NULL,'女',NULL,'/user_img/123.jpeg',15796282565,0,1000,NULL),(347,'窦嘉熙',NULL,'男',NULL,'/user_img/123.jpeg',19389355041,1,1000,NULL),(348,'邹锦程',NULL,'男',NULL,'/user_img/123.jpeg',16570621247,0,1000,NULL),(349,'施安南',NULL,'女',NULL,'/user_img/123.jpeg',14110347248,1,1000,NULL),(350,'沈以蕊',NULL,'女',NULL,'/user_img/123.jpeg',12918946744,1,1000,NULL),(351,'孔以蕊',NULL,'女',NULL,'/user_img/123.jpeg',15901433017,0,1000,NULL),(352,'吴雨珍',NULL,'男',NULL,'/user_img/123.jpeg',12584557617,0,1000,NULL),(353,'孙炎彬',NULL,'男',NULL,'/user_img/123.jpeg',19605570780,0,1000,NULL),(354,'马鹏涛',NULL,'女',NULL,'/user_img/123.jpeg',18874484604,1,1000,NULL),(355,'凤凝阳',NULL,'男',NULL,'/user_img/123.jpeg',15836879300,1,1000,NULL),(356,'马夏菡',NULL,'女',NULL,'/user_img/123.jpeg',18023520990,0,1000,NULL),(357,'奚风华',NULL,'男',NULL,'/user_img/123.jpeg',15900493887,1,1000,NULL),(358,'朱雪瑶',NULL,'男',NULL,'/user_img/123.jpeg',13914464956,1,1000,NULL),(359,'花晓博',NULL,'男',NULL,'/user_img/123.jpeg',17790967110,0,1000,NULL),(360,'袁晓啸',NULL,'女',NULL,'/user_img/123.jpeg',19982066687,1,1000,NULL),(361,'李雪松',NULL,'女',NULL,'/user_img/123.jpeg',16562012683,0,1000,NULL),(362,'韩绍辉',NULL,'男',NULL,'/user_img/123.jpeg',14172552907,1,1000,NULL),(363,'章依萱',NULL,'女',NULL,'/user_img/123.jpeg',18965835289,1,1000,NULL),(364,'戚沛珊',NULL,'女',NULL,'/user_img/123.jpeg',15667959345,1,1000,NULL),(365,'袁冷梅',NULL,'男',NULL,'/user_img/123.jpeg',12864033148,0,1000,NULL),(366,'任鹏涛',NULL,'男',NULL,'/user_img/123.jpeg',18478803008,1,1000,NULL),(367,'袁孤风',NULL,'男',NULL,'/user_img/123.jpeg',13571946424,1,1000,NULL),(368,'柳思淼',NULL,'女',NULL,'/user_img/123.jpeg',12930963174,0,1000,NULL),(369,'窦凝雁',NULL,'女',NULL,'/user_img/123.jpeg',16374198656,0,1000,NULL),(370,'褚雪松',NULL,'男',NULL,'/user_img/123.jpeg',16416748399,1,1000,NULL),(371,'姜鹤轩',NULL,'女',NULL,'/user_img/123.jpeg',16737344208,0,1000,NULL),(372,'奚天宇',NULL,'女',NULL,'/user_img/123.jpeg',15196190330,0,1000,NULL),(373,'褚博超',NULL,'男',NULL,'/user_img/123.jpeg',19276590137,0,1000,NULL),(374,'云凝天',NULL,'男',NULL,'/user_img/123.jpeg',18093891973,1,1000,NULL),(375,'何寻双',NULL,'男',NULL,'/user_img/123.jpeg',18081964951,1,1000,NULL),(376,'华风华',NULL,'女',NULL,'/user_img/123.jpeg',16704647171,1,1000,NULL),(377,'喻白凡',NULL,'男',NULL,'/user_img/123.jpeg',13369456772,0,1000,NULL),(378,'韩沛萍',NULL,'女',NULL,'/user_img/123.jpeg',17819338860,1,1000,NULL),(379,'鲁凝天',NULL,'男',NULL,'/user_img/123.jpeg',15281685583,0,1000,NULL),(380,'苏明轩',NULL,'男',NULL,'/user_img/123.jpeg',15902209012,0,1000,NULL),(381,'任千儿',NULL,'女',NULL,'/user_img/123.jpeg',18999183221,1,1000,NULL),(382,'窦思菱',NULL,'男',NULL,'/user_img/123.jpeg',12609925996,1,1000,NULL),(383,'袁安雁',NULL,'男',NULL,'/user_img/123.jpeg',14905811079,1,1000,NULL),(384,'柏泽洋',NULL,'男',NULL,'/user_img/123.jpeg',13142078696,1,1000,NULL),(385,'陈金鑫',NULL,'女',NULL,'/user_img/123.jpeg',13001467967,1,1000,NULL),(386,'柏明轩',NULL,'男',NULL,'/user_img/123.jpeg',19053961391,0,1000,NULL),(387,'昌思远',NULL,'女',NULL,'/user_img/123.jpeg',15403057099,1,1000,NULL),(388,'许晓霜',NULL,'女',NULL,'/user_img/123.jpeg',16332601663,1,1000,NULL),(389,'韦文博',NULL,'女',NULL,'/user_img/123.jpeg',17955866916,1,1000,NULL),(390,'水依萱',NULL,'男',NULL,'/user_img/123.jpeg',19564893592,0,1000,NULL),(391,'奚鹤轩',NULL,'男',NULL,'/user_img/123.jpeg',14412738351,1,1000,NULL),(392,'花绍辉',NULL,'男',NULL,'/user_img/123.jpeg',18061470123,0,1000,NULL),(393,'陈之玉',NULL,'男',NULL,'/user_img/123.jpeg',13635402982,0,1000,NULL),(394,'苗安南',NULL,'男',NULL,'/user_img/123.jpeg',13074990003,0,1000,NULL),(395,'喻鹏煊',NULL,'男',NULL,'/user_img/123.jpeg',18510510205,1,1000,NULL),(396,'施安南',NULL,'男',NULL,'/user_img/123.jpeg',18583122156,0,1000,NULL),(397,'张博超',NULL,'男',NULL,'/user_img/123.jpeg',19256320284,1,1000,NULL),(398,'任凝雁',NULL,'女',NULL,'/user_img/123.jpeg',19501712753,1,1000,NULL),(399,'王千儿',NULL,'女',NULL,'/user_img/123.jpeg',12465144515,1,1000,NULL),(400,'严鑫鹏',NULL,'女',NULL,'/user_img/123.jpeg',15718339946,1,1000,NULL),(401,'花晓凡',NULL,'男',NULL,'/user_img/123.jpeg',18236807041,0,1000,NULL),(402,'苗映容',NULL,'女',NULL,'/user_img/123.jpeg',19014046568,1,1000,NULL),(403,'沈之玉',NULL,'女',NULL,'/user_img/123.jpeg',14575045461,0,1000,NULL),(404,'钱沛萍',NULL,'女',NULL,'/user_img/123.jpeg',15869778338,1,1000,NULL),(405,'凤白凡',NULL,'女',NULL,'/user_img/123.jpeg',18539099593,1,1000,NULL),(406,'鲁哲瀚',NULL,'男',NULL,'/user_img/123.jpeg',13137632123,0,1000,NULL),(407,'钱依萱',NULL,'女',NULL,'/user_img/123.jpeg',18182928801,0,1000,NULL),(408,'蒋晓霜',NULL,'男',NULL,'/user_img/123.jpeg',16959346219,1,1000,NULL),(409,'花子默',NULL,'男',NULL,'/user_img/123.jpeg',14780835250,1,1000,NULL),(410,'苗靖琪',NULL,'男',NULL,'/user_img/123.jpeg',17262513593,1,1000,NULL),(411,'张昊强',NULL,'女',NULL,'/user_img/123.jpeg',15272854462,1,1000,NULL),(412,'钱风华',NULL,'男',NULL,'/user_img/123.jpeg',18095471878,1,1000,NULL),(413,'郑浩然',NULL,'男',NULL,'/user_img/123.jpeg',17791595363,1,1000,NULL),(414,'褚越彬',NULL,'男',NULL,'/user_img/123.jpeg',16370878769,1,1000,NULL),(415,'奚以蕊',NULL,'男',NULL,'/user_img/123.jpeg',17358838524,1,1000,NULL),(416,'金安南',NULL,'女',NULL,'/user_img/123.jpeg',19871392364,0,1000,NULL),(417,'华尔琴',NULL,'女',NULL,'/user_img/123.jpeg',19008025835,1,1000,NULL),(418,'冯明辉',NULL,'女',NULL,'/user_img/123.jpeg',18926010199,0,1000,NULL),(419,'苏明辉',NULL,'男',NULL,'/user_img/123.jpeg',13380422666,0,1000,NULL),(420,'曹秋柔',NULL,'男',NULL,'/user_img/123.jpeg',16038228278,0,1000,NULL),(421,'孙沛珊',NULL,'男',NULL,'/user_img/123.jpeg',13602389899,0,1000,NULL),(422,'水雪瑶',NULL,'男',NULL,'/user_img/123.jpeg',14429500298,1,1000,NULL),(423,'范天磊',NULL,'男',NULL,'/user_img/123.jpeg',16608442846,1,1000,NULL),(424,'陶幻丝',NULL,'男',NULL,'/user_img/123.jpeg',19886577620,1,1000,NULL),(425,'潘子默',NULL,'女',NULL,'/user_img/123.jpeg',13904197283,1,1000,NULL),(426,'柳雪松',NULL,'男',NULL,'/user_img/123.jpeg',15260953029,1,1000,NULL),(427,'吕以蕊',NULL,'男',NULL,'/user_img/123.jpeg',14407609910,0,1000,NULL),(428,'杨雨珍',NULL,'女',NULL,'/user_img/123.jpeg',18774587794,0,1000,NULL),(429,'郑明辉',NULL,'男',NULL,'/user_img/123.jpeg',16194910405,1,1000,NULL),(430,'郑鑫鹏',NULL,'女',NULL,'/user_img/123.jpeg',15520161253,0,1000,NULL),(431,'孔思淼',NULL,'男',NULL,'/user_img/123.jpeg',13485895467,0,1000,NULL),(432,'苗觅荷',NULL,'男',NULL,'/user_img/123.jpeg',17058862746,1,1000,NULL),(433,'邹越彬',NULL,'男',NULL,'/user_img/123.jpeg',13294906866,1,1000,NULL),(434,'袁绍辉',NULL,'女',NULL,'/user_img/123.jpeg',17805155766,0,1000,NULL),(435,'朱之玉',NULL,'男',NULL,'/user_img/123.jpeg',14759933750,0,1000,NULL),(436,'韦雪柳',NULL,'女',NULL,'/user_img/123.jpeg',18323408681,1,1000,NULL),(437,'柳昊焱',NULL,'男',NULL,'/user_img/123.jpeg',16218479834,0,1000,NULL),(438,'姜迎夏',NULL,'男',NULL,'/user_img/123.jpeg',18428017206,0,1000,NULL),(439,'郑雁枫',NULL,'男',NULL,'/user_img/123.jpeg',16943538663,0,1000,NULL),(440,'蒋幻丝',NULL,'男',NULL,'/user_img/123.jpeg',17804269788,1,1000,NULL),(441,'赵醉波',NULL,'男',NULL,'/user_img/123.jpeg',14181844828,1,1000,NULL),(442,'水君浩',NULL,'男',NULL,'/user_img/123.jpeg',15919410191,1,1000,NULL),(443,'袁靖琪',NULL,'男',NULL,'/user_img/123.jpeg',16399848882,0,1000,NULL),(444,'蒋博超',NULL,'女',NULL,'/user_img/123.jpeg',12857557943,1,1000,NULL),(445,'秦如风',NULL,'男',NULL,'/user_img/123.jpeg',14940960747,0,1000,NULL),(446,'喻子骞',NULL,'女',NULL,'/user_img/123.jpeg',16995116167,0,1000,NULL),(447,'许炎彬',NULL,'男',NULL,'/user_img/123.jpeg',19330839987,0,1000,NULL),(448,'戚思远',NULL,'女',NULL,'/user_img/123.jpeg',17427250579,0,1000,NULL),(449,'孔雅彤',NULL,'男',NULL,'/user_img/123.jpeg',14786271505,0,1000,NULL),(450,'冯雨珍',NULL,'男',NULL,'/user_img/123.jpeg',13677853123,0,1000,NULL),(451,'卫映容',NULL,'男',NULL,'/user_img/123.jpeg',13620256897,0,1000,NULL),(452,'金思淼',NULL,'女',NULL,'/user_img/123.jpeg',19734223746,0,1000,NULL),(453,'许雅彤',NULL,'男',NULL,'/user_img/123.jpeg',15323933166,1,1000,NULL),(454,'谢立果',NULL,'女',NULL,'/user_img/123.jpeg',15708787888,1,1000,NULL),(455,'范越彬',NULL,'女',NULL,'/user_img/123.jpeg',17207935479,1,1000,NULL),(456,'苗寻双',NULL,'男',NULL,'/user_img/123.jpeg',13779287765,1,1000,NULL),(457,'许雁枫',NULL,'女',NULL,'/user_img/123.jpeg',15849115356,1,1000,NULL),(458,'沈雅彤',NULL,'男',NULL,'/user_img/123.jpeg',12921155156,1,1000,NULL),(459,'葛鹏涛',NULL,'男',NULL,'/user_img/123.jpeg',15763746881,0,1000,NULL),(460,'袁雪松',NULL,'男',NULL,'/user_img/123.jpeg',12409448181,1,1000,NULL),(461,'沈依萱',NULL,'男',NULL,'/user_img/123.jpeg',15763139147,1,1000,NULL),(462,'沈夏菡',NULL,'女',NULL,'/user_img/123.jpeg',14411741440,1,1000,NULL),(463,'严晓霜',NULL,'男',NULL,'/user_img/123.jpeg',14302117230,1,1000,NULL),(464,'郎靖琪',NULL,'女',NULL,'/user_img/123.jpeg',18475782273,1,1000,NULL),(465,'孔雁枫',NULL,'女',NULL,'/user_img/123.jpeg',19648156598,0,1000,NULL),(466,'朱沛萍',NULL,'女',NULL,'/user_img/123.jpeg',18556915802,0,1000,NULL),(467,'柏冰旋',NULL,'女',NULL,'/user_img/123.jpeg',15091258150,1,1000,NULL),(468,'秦海云',NULL,'男',NULL,'/user_img/123.jpeg',19744540559,0,1000,NULL),(469,'奚醉波',NULL,'男',NULL,'/user_img/123.jpeg',17879859340,0,1000,NULL),(470,'花绍辉',NULL,'男',NULL,'/user_img/123.jpeg',16084308918,0,1000,NULL),(471,'张天磊',NULL,'男',NULL,'/user_img/123.jpeg',19407501497,1,1000,NULL),(472,'褚之玉',NULL,'男',NULL,'/user_img/123.jpeg',18475413679,0,1000,NULL),(473,'沈风华',NULL,'男',NULL,'/user_img/123.jpeg',15261052781,0,1000,NULL),(474,'凤凝阳',NULL,'女',NULL,'/user_img/123.jpeg',17362326777,1,1000,NULL),(475,'潘映容',NULL,'女',NULL,'/user_img/123.jpeg',16382972937,0,1000,NULL),(476,'王绮彤',NULL,'女',NULL,'/user_img/123.jpeg',17528135669,0,1000,NULL),(477,'袁之玉',NULL,'女',NULL,'/user_img/123.jpeg',17883738398,1,1000,NULL),(478,'卫靖琪',NULL,'男',NULL,'/user_img/123.jpeg',13203451340,1,1000,NULL),(479,'水思源',NULL,'女',NULL,'/user_img/123.jpeg',12634042979,0,1000,NULL),(480,'杨以寒',NULL,'男',NULL,'/user_img/123.jpeg',13242218746,0,1000,NULL),(481,'孔迎夏',NULL,'女',NULL,'/user_img/123.jpeg',16521147168,1,1000,NULL),(482,'卫凡之',NULL,'女',NULL,'/user_img/123.jpeg',13406795858,0,1000,NULL),(483,'钱映容',NULL,'女',NULL,'/user_img/123.jpeg',17085429648,1,1000,NULL),(484,'俞靖琪',NULL,'女',NULL,'/user_img/123.jpeg',17278111620,1,1000,NULL),(485,'秦思远',NULL,'女',NULL,'/user_img/123.jpeg',17296642610,1,1000,NULL),(486,'何子默',NULL,'女',NULL,'/user_img/123.jpeg',18872746314,0,1000,NULL),(487,'方海云',NULL,'男',NULL,'/user_img/123.jpeg',14241179467,0,1000,NULL),(488,'杨鹏涛',NULL,'男',NULL,'/user_img/123.jpeg',16763028237,1,1000,NULL),(489,'彭鑫鹏',NULL,'女',NULL,'/user_img/123.jpeg',13453321343,1,1000,NULL),(490,'任思淼',NULL,'男',NULL,'/user_img/123.jpeg',14753450127,1,1000,NULL),(491,'孔孤风',NULL,'男',NULL,'/user_img/123.jpeg',16845899601,0,1000,NULL),(492,'谢鹤轩',NULL,'女',NULL,'/user_img/123.jpeg',19725275935,1,1000,NULL),(493,'云伟诚',NULL,'女',NULL,'/user_img/123.jpeg',14039507323,0,1000,NULL),(494,'何醉柳',NULL,'男',NULL,'/user_img/123.jpeg',14675187304,0,1000,NULL),(495,'曹沛珊',NULL,'男',NULL,'/user_img/123.jpeg',13487090454,1,1000,NULL),(496,'水昊强',NULL,'男',NULL,'/user_img/123.jpeg',15218468434,1,1000,NULL),(497,'姜幼晴',NULL,'男',NULL,'/user_img/123.jpeg',18424358745,1,1000,NULL),(498,'范思源',NULL,'女',NULL,'/user_img/123.jpeg',17942682041,0,1000,NULL),(499,'姜从安',NULL,'男',NULL,'/user_img/123.jpeg',13604194122,0,1000,NULL),(500,'金映容',NULL,'男',NULL,'/user_img/123.jpeg',13496673443,1,1000,NULL),(501,'金锦程',NULL,'男',NULL,'/user_img/123.jpeg',15257885936,1,1000,NULL),(502,'昌以莲',NULL,'男',NULL,'/user_img/123.jpeg',13069067255,1,1000,NULL),(503,'柏泽洋',NULL,'女',NULL,'/user_img/123.jpeg',18209401318,1,1000,NULL),(504,'窦迎夏',NULL,'男',NULL,'/user_img/123.jpeg',17922663576,1,1000,NULL),(505,'金锦程',NULL,'男',NULL,'/user_img/123.jpeg',14662191920,1,1000,NULL),(506,'任建辉',NULL,'男',NULL,'/user_img/123.jpeg',17761163888,0,1000,NULL),(507,'孙晓霜',NULL,'男',NULL,'/user_img/123.jpeg',13845038715,0,1000,NULL),(508,'尤鹤轩',NULL,'男',NULL,'/user_img/123.jpeg',15286039518,0,1000,NULL),(509,'冯雅彤',NULL,'女',NULL,'/user_img/123.jpeg',19914430415,0,1000,NULL),(510,'褚绿真',NULL,'女',NULL,'/user_img/123.jpeg',14976665679,0,1000,NULL),(511,'陶博超',NULL,'女',NULL,'/user_img/123.jpeg',17448810880,0,1000,NULL),(512,'钱鑫鹏',NULL,'男',NULL,'/user_img/123.jpeg',18164138332,1,1000,NULL),(513,'吴映易',NULL,'女',NULL,'/user_img/123.jpeg',19727651690,0,1000,NULL),(514,'苏思远',NULL,'男',NULL,'/user_img/123.jpeg',14867002068,1,1000,NULL),(515,'尤迎夏',NULL,'男',NULL,'/user_img/123.jpeg',13655512599,0,1000,NULL),(516,'卫涵瑶',NULL,'男',NULL,'/user_img/123.jpeg',13321779945,1,1000,NULL),(517,'谢晓博',NULL,'女',NULL,'/user_img/123.jpeg',13198249202,1,1000,NULL),(518,'孙海云',NULL,'男',NULL,'/user_img/123.jpeg',16689540948,1,1000,NULL),(519,'钱泽洋',NULL,'女',NULL,'/user_img/123.jpeg',13724906973,0,1000,NULL),(520,'郎雨珍',NULL,'男',NULL,'/user_img/123.jpeg',13439086704,0,1000,NULL),(521,'钱鹏飞',NULL,'男',NULL,'/user_img/123.jpeg',14132666609,1,1000,NULL),(522,'尤天宇',NULL,'女',NULL,'/user_img/123.jpeg',13002671953,1,1000,NULL),(523,'姜沛珊',NULL,'男',NULL,'/user_img/123.jpeg',14057209652,1,1000,NULL),(524,'尤依萱',NULL,'男',NULL,'/user_img/123.jpeg',19819916790,0,1000,NULL),(525,'朱智渊',NULL,'男',NULL,'/user_img/123.jpeg',17841933213,0,1000,NULL),(526,'孙晓啸',NULL,'女',NULL,'/user_img/123.jpeg',13168011997,0,1000,NULL),(527,'邹智渊',NULL,'男',NULL,'/user_img/123.jpeg',16887053121,0,1000,NULL),(528,'邹绿真',NULL,'女',NULL,'/user_img/123.jpeg',12789806491,0,1000,NULL),(529,'窦鹏煊',NULL,'男',NULL,'/user_img/123.jpeg',18646671985,1,1000,NULL),(530,'魏金鑫',NULL,'女',NULL,'/user_img/123.jpeg',13354671552,0,1000,NULL),(531,'凤明辉',NULL,'女',NULL,'/user_img/123.jpeg',15405118632,0,1000,NULL),(532,'朱安南',NULL,'女',NULL,'/user_img/123.jpeg',14858713247,1,1000,NULL),(533,'张依萱',NULL,'男',NULL,'/user_img/123.jpeg',12634245794,1,1000,NULL),(534,'施寒云',NULL,'男',NULL,'/user_img/123.jpeg',12630290539,0,1000,NULL),(535,'谢昊强',NULL,'男',NULL,'/user_img/123.jpeg',19414730456,1,1000,NULL),(536,'赵尔琴',NULL,'男',NULL,'/user_img/123.jpeg',14968862510,0,1000,NULL),(537,'孙沛珊',NULL,'男',NULL,'/user_img/123.jpeg',18451563009,0,1000,NULL),(538,'冯昊焱',NULL,'男',NULL,'/user_img/123.jpeg',14175848698,1,1000,NULL),(539,'苗智渊',NULL,'男',NULL,'/user_img/123.jpeg',16559505617,1,1000,NULL),(540,'窦博超',NULL,'男',NULL,'/user_img/123.jpeg',13763080934,0,1000,NULL),(541,'褚雅彤',NULL,'女',NULL,'/user_img/123.jpeg',13020634387,1,1000,NULL),(542,'戚雪瑶',NULL,'女',NULL,'/user_img/123.jpeg',13769665505,0,1000,NULL),(543,'尤越彬',NULL,'女',NULL,'/user_img/123.jpeg',17927469105,0,1000,NULL),(544,'卫浩然',NULL,'男',NULL,'/user_img/123.jpeg',13917170826,0,1000,NULL),(545,'曹子骞',NULL,'女',NULL,'/user_img/123.jpeg',18265271660,0,1000,NULL),(546,'柳雁枫',NULL,'女',NULL,'/user_img/123.jpeg',16990002843,0,1000,NULL),(547,'潘靖琪',NULL,'女',NULL,'/user_img/123.jpeg',17783789482,0,1000,NULL),(548,'华涵瑶',NULL,'男',NULL,'/user_img/123.jpeg',19957247683,1,1000,NULL),(549,'曹千儿',NULL,'女',NULL,'/user_img/123.jpeg',13124882997,0,1000,NULL),(550,'魏思淼',NULL,'女',NULL,'/user_img/123.jpeg',13255674977,1,1000,NULL),(551,'奚越彬',NULL,'女',NULL,'/user_img/123.jpeg',13146900717,1,1000,NULL),(552,'水思菱',NULL,'女',NULL,'/user_img/123.jpeg',16729340790,1,1000,NULL),(553,'金锦程',NULL,'女',NULL,'/user_img/123.jpeg',17716687989,1,1000,NULL),(554,'马弘文',NULL,'女',NULL,'/user_img/123.jpeg',18000105933,1,1000,NULL),(555,'卫千儿',NULL,'女',NULL,'/user_img/123.jpeg',16822861850,1,1000,NULL),(556,'袁醉波',NULL,'女',NULL,'/user_img/123.jpeg',16093218115,1,1000,NULL),(557,'周依萱',NULL,'男',NULL,'/user_img/123.jpeg',19311439326,0,1000,NULL),(558,'昌白凡',NULL,'男',NULL,'/user_img/123.jpeg',14022834842,1,1000,NULL),(559,'曹天宇',NULL,'女',NULL,'/user_img/123.jpeg',13012778458,1,1000,NULL),(560,'云尔琴',NULL,'男',NULL,'/user_img/123.jpeg',17739767055,1,1000,NULL),(561,'曹幻丝',NULL,'女',NULL,'/user_img/123.jpeg',13668280856,1,1000,NULL),(562,'鲁雅彤',NULL,'女',NULL,'/user_img/123.jpeg',18099347293,1,1000,NULL),(563,'曹从安',NULL,'男',NULL,'/user_img/123.jpeg',12714080816,0,1000,NULL),(564,'鲁思菱',NULL,'男',NULL,'/user_img/123.jpeg',14865260792,1,1000,NULL),(565,'陶晓博',NULL,'女',NULL,'/user_img/123.jpeg',16319333309,1,1000,NULL),(566,'韦越彬',NULL,'男',NULL,'/user_img/123.jpeg',19549076863,0,1000,NULL),(567,'曹绍辉',NULL,'女',NULL,'/user_img/123.jpeg',19344147923,1,1000,NULL),(568,'喻孤风',NULL,'男',NULL,'/user_img/123.jpeg',14181225387,0,1000,NULL),(569,'郑金鑫',NULL,'男',NULL,'/user_img/123.jpeg',19481081879,0,1000,NULL),(570,'范孤风',NULL,'男',NULL,'/user_img/123.jpeg',19629050485,0,1000,NULL),(571,'彭鹏飞',NULL,'女',NULL,'/user_img/123.jpeg',19558343422,0,1000,NULL),(572,'方鹏飞',NULL,'女',NULL,'/user_img/123.jpeg',17448625252,1,1000,NULL),(573,'姜鹏涛',NULL,'男',NULL,'/user_img/123.jpeg',14579506911,0,1000,NULL),(574,'袁智渊',NULL,'女',NULL,'/user_img/123.jpeg',18562372421,1,1000,NULL),(575,'魏秋柔',NULL,'女',NULL,'/user_img/123.jpeg',12826205896,1,1000,NULL),(576,'云哲瀚',NULL,'女',NULL,'/user_img/123.jpeg',17806686872,1,1000,NULL),(577,'孔秋柔',NULL,'女',NULL,'/user_img/123.jpeg',13973985914,1,1000,NULL),(578,'鲁雨珍',NULL,'男',NULL,'/user_img/123.jpeg',17012955472,0,1000,NULL),(579,'朱醉柳',NULL,'男',NULL,'/user_img/123.jpeg',17103109669,0,1000,NULL),(580,'昌尔琴',NULL,'男',NULL,'/user_img/123.jpeg',17934064525,0,1000,NULL),(581,'何鹤轩',NULL,'男',NULL,'/user_img/123.jpeg',16006304329,0,1000,NULL),(582,'严金鑫',NULL,'女',NULL,'/user_img/123.jpeg',18726910073,0,1000,NULL),(583,'谢以寒',NULL,'女',NULL,'/user_img/123.jpeg',14757209711,1,1000,NULL),(584,'施幻丝',NULL,'女',NULL,'/user_img/123.jpeg',14445127476,0,1000,NULL),(585,'范以蕊',NULL,'男',NULL,'/user_img/123.jpeg',13633177276,0,1000,NULL),(586,'卫思淼',NULL,'女',NULL,'/user_img/123.jpeg',17593694484,0,1000,NULL),(587,'俞以莲',NULL,'男',NULL,'/user_img/123.jpeg',16950442130,0,1000,NULL),(588,'彭鹏煊',NULL,'男',NULL,'/user_img/123.jpeg',14413452231,1,1000,NULL),(589,'花思远',NULL,'女',NULL,'/user_img/123.jpeg',19207999609,1,1000,NULL),(590,'钱鑫鹏',NULL,'男',NULL,'/user_img/123.jpeg',13452908010,0,1000,NULL),(591,'苏绮彤',NULL,'女',NULL,'/user_img/123.jpeg',18047619431,0,1000,NULL),(592,'褚靖琪',NULL,'男',NULL,'/user_img/123.jpeg',15813763117,1,1000,NULL),(593,'许鹤轩',NULL,'女',NULL,'/user_img/123.jpeg',18637845180,0,1000,NULL),(594,'窦千儿',NULL,'女',NULL,'/user_img/123.jpeg',13815072877,1,1000,NULL),(595,'蒋冰旋',NULL,'女',NULL,'/user_img/123.jpeg',16703575784,1,1000,NULL),(596,'陈紫易',NULL,'女',NULL,'/user_img/123.jpeg',13679135729,0,1000,NULL),(597,'曹凝阳',NULL,'女',NULL,'/user_img/123.jpeg',13472673686,0,1000,NULL),(598,'任从安',NULL,'女',NULL,'/user_img/123.jpeg',14613918743,1,1000,NULL),(599,'蒋绿真',NULL,'女',NULL,'/user_img/123.jpeg',17505460069,1,1000,NULL),(600,'云晓凡',NULL,'男',NULL,'/user_img/123.jpeg',16065669582,1,1000,NULL),(601,'陈立果',NULL,'女',NULL,'/user_img/123.jpeg',15087896781,0,1000,NULL),(602,'苗绿真',NULL,'男',NULL,'/user_img/123.jpeg',18185179166,0,1000,NULL),(603,'苏鹏飞',NULL,'女',NULL,'/user_img/123.jpeg',18727239240,1,1000,NULL),(604,'周雅彤',NULL,'女',NULL,'/user_img/123.jpeg',14936135802,1,1000,NULL),(605,'沈凝阳',NULL,'女',NULL,'/user_img/123.jpeg',18748055972,0,1000,NULL),(606,'奚涵瑶',NULL,'女',NULL,'/user_img/123.jpeg',14538387203,1,1000,NULL),(607,'昌安雁',NULL,'男',NULL,'/user_img/123.jpeg',15400815054,0,1000,NULL),(608,'蒋思菱',NULL,'女',NULL,'/user_img/123.jpeg',19644450393,0,1000,NULL),(609,'袁冰旋',NULL,'男',NULL,'/user_img/123.jpeg',15311262140,0,1000,NULL),(610,'云建辉',NULL,'女',NULL,'/user_img/123.jpeg',16023449688,1,1000,NULL),(611,'凤天宇',NULL,'女',NULL,'/user_img/123.jpeg',15061448588,0,1000,NULL),(612,'昌寻双',NULL,'女',NULL,'/user_img/123.jpeg',18860197429,1,1000,NULL),(613,'蒋明辉',NULL,'男',NULL,'/user_img/123.jpeg',19901958709,0,1000,NULL),(614,'任立果',NULL,'男',NULL,'/user_img/123.jpeg',16218549351,1,1000,NULL),(615,'韩明轩',NULL,'女',NULL,'/user_img/123.jpeg',17621696706,0,1000,NULL),(616,'彭南露',NULL,'女',NULL,'/user_img/123.jpeg',14474513069,1,1000,NULL),(617,'任雁枫',NULL,'女',NULL,'/user_img/123.jpeg',16555761405,1,1000,NULL),(618,'韩晓啸',NULL,'男',NULL,'/user_img/123.jpeg',18309120905,0,1000,NULL),(619,'蒋绍辉',NULL,'女',NULL,'/user_img/123.jpeg',15398013062,0,1000,NULL),(620,'钱凡之',NULL,'女',NULL,'/user_img/123.jpeg',17526259812,1,1000,NULL),(621,'曹冷梅',NULL,'女',NULL,'/user_img/123.jpeg',17124497362,1,1000,NULL),(622,'吕沛萍',NULL,'女',NULL,'/user_img/123.jpeg',15355183232,0,1000,NULL),(623,'吴浩然',NULL,'女',NULL,'/user_img/123.jpeg',15102624036,0,1000,NULL),(624,'鲁幼晴',NULL,'男',NULL,'/user_img/123.jpeg',16199951368,0,1000,NULL),(625,'杨风华',NULL,'男',NULL,'/user_img/123.jpeg',13267220406,1,1000,NULL),(626,'柏天宇',NULL,'男',NULL,'/user_img/123.jpeg',17887024511,0,1000,NULL),(627,'许沛珊',NULL,'女',NULL,'/user_img/123.jpeg',17867561441,1,1000,NULL),(628,'韩晓霜',NULL,'女',NULL,'/user_img/123.jpeg',18582057062,1,1000,NULL),(629,'朱嘉熙',NULL,'男',NULL,'/user_img/123.jpeg',19022990343,1,1000,NULL),(630,'昌博超',NULL,'男',NULL,'/user_img/123.jpeg',19206969525,1,1000,NULL),(631,'鲁金鑫',NULL,'男',NULL,'/user_img/123.jpeg',16321245864,0,1000,NULL),(632,'苗雅彤',NULL,'男',NULL,'/user_img/123.jpeg',12494579515,0,1000,NULL),(633,'蒋鹏飞',NULL,'女',NULL,'/user_img/123.jpeg',19334097500,0,1000,NULL),(634,'尤宛儿',NULL,'男',NULL,'/user_img/123.jpeg',19282266380,1,1000,NULL),(635,'水立果',NULL,'女',NULL,'/user_img/123.jpeg',19196657192,0,1000,NULL),(636,'韩思源',NULL,'男',NULL,'/user_img/123.jpeg',14579272588,1,1000,NULL),(637,'喻醉波',NULL,'男',NULL,'/user_img/123.jpeg',17604109442,1,1000,NULL),(638,'水思远',NULL,'男',NULL,'/user_img/123.jpeg',17439518596,0,1000,NULL),(639,'窦千儿',NULL,'男',NULL,'/user_img/123.jpeg',18246128889,0,1000,NULL),(640,'彭君浩',NULL,'女',NULL,'/user_img/123.jpeg',16189829835,1,1000,NULL),(641,'冯建辉',NULL,'男',NULL,'/user_img/123.jpeg',13511269315,0,1000,NULL),(642,'杨映易',NULL,'男',NULL,'/user_img/123.jpeg',12408720270,1,1000,NULL),(643,'许晓博',NULL,'女',NULL,'/user_img/123.jpeg',16932342529,1,1000,NULL),(644,'潘明轩',NULL,'男',NULL,'/user_img/123.jpeg',19611709155,0,1000,NULL),(645,'方南露',NULL,'女',NULL,'/user_img/123.jpeg',12473390855,0,1000,NULL),(646,'张绿真',NULL,'男',NULL,'/user_img/123.jpeg',15975135110,1,1000,NULL),(647,'施博超',NULL,'女',NULL,'/user_img/123.jpeg',19654760269,0,1000,NULL),(648,'袁君浩',NULL,'女',NULL,'/user_img/123.jpeg',12829570350,0,1000,NULL),(649,'华安南',NULL,'男',NULL,'/user_img/123.jpeg',17935580811,0,1000,NULL),(650,'袁绿真',NULL,'男',NULL,'/user_img/123.jpeg',16299275394,1,1000,NULL),(651,'卫博超',NULL,'男',NULL,'/user_img/123.jpeg',13681958416,1,1000,NULL),(652,'严安南',NULL,'男',NULL,'/user_img/123.jpeg',14891734465,0,1000,NULL),(653,'王碧凡',NULL,'女',NULL,'/user_img/123.jpeg',16572962094,0,1000,NULL),(654,'沈思淼',NULL,'女',NULL,'/user_img/123.jpeg',19090036454,1,1000,NULL),(655,'花鑫鹏',NULL,'女',NULL,'/user_img/123.jpeg',16754220583,0,1000,NULL),(656,'袁海云',NULL,'男',NULL,'/user_img/123.jpeg',17143973730,0,1000,NULL),(657,'严冰旋',NULL,'女',NULL,'/user_img/123.jpeg',14274197584,1,1000,NULL),(658,'柏思远',NULL,'女',NULL,'/user_img/123.jpeg',13191519094,1,1000,NULL),(659,'何思远',NULL,'男',NULL,'/user_img/123.jpeg',16645874838,1,1000,NULL),(660,'许涵瑶',NULL,'男',NULL,'/user_img/123.jpeg',13284947145,0,1000,NULL),(661,'赵雨珍',NULL,'女',NULL,'/user_img/123.jpeg',17481358527,0,1000,NULL),(662,'陶海云',NULL,'男',NULL,'/user_img/123.jpeg',18573450567,1,1000,NULL),(663,'许紫易',NULL,'女',NULL,'/user_img/123.jpeg',15261690309,1,1000,NULL),(664,'苏炎彬',NULL,'男',NULL,'/user_img/123.jpeg',13206316181,0,1000,NULL),(665,'尤绍辉',NULL,'女',NULL,'/user_img/123.jpeg',14043898813,1,1000,NULL),(666,'冯雪瑶',NULL,'男',NULL,'/user_img/123.jpeg',16297388453,0,1000,NULL),(667,'许绍辉',NULL,'女',NULL,'/user_img/123.jpeg',13007542148,1,1000,NULL),(668,'蒋寒云',NULL,'男',NULL,'/user_img/123.jpeg',14723284065,0,1000,NULL),(669,'姜涵瑶',NULL,'女',NULL,'/user_img/123.jpeg',19165878623,0,1000,NULL),(670,'章风华',NULL,'男',NULL,'/user_img/123.jpeg',13480122747,1,1000,NULL),(671,'赵从安',NULL,'男',NULL,'/user_img/123.jpeg',18518139018,0,1000,NULL),(672,'钱智渊',NULL,'女',NULL,'/user_img/123.jpeg',18656460547,1,1000,NULL),(673,'孔晓博',NULL,'女',NULL,'/user_img/123.jpeg',16599936724,0,1000,NULL),(674,'施思远',NULL,'女',NULL,'/user_img/123.jpeg',13944446764,1,1000,NULL),(675,'李雨珍',NULL,'女',NULL,'/user_img/123.jpeg',19361206610,1,1000,NULL),(676,'张海云',NULL,'女',NULL,'/user_img/123.jpeg',12698547412,0,1000,NULL),(677,'秦海云',NULL,'女',NULL,'/user_img/123.jpeg',12429923114,0,1000,NULL),(678,'俞风华',NULL,'女',NULL,'/user_img/123.jpeg',17934581971,1,1000,NULL),(679,'苏昊焱',NULL,'女',NULL,'/user_img/123.jpeg',16898822902,1,1000,NULL),(680,'喻晓啸',NULL,'男',NULL,'/user_img/123.jpeg',14137366148,0,1000,NULL),(681,'戚白凡',NULL,'女',NULL,'/user_img/123.jpeg',13930936508,1,1000,NULL),(682,'陶天磊',NULL,'女',NULL,'/user_img/123.jpeg',18407844821,0,1000,NULL),(683,'姜风华',NULL,'女',NULL,'/user_img/123.jpeg',17478629555,0,1000,NULL),(684,'喻文博',NULL,'女',NULL,'/user_img/123.jpeg',19151338681,1,1000,NULL),(685,'苏以寒',NULL,'女',NULL,'/user_img/123.jpeg',17480079296,1,1000,NULL),(686,'尤之玉',NULL,'女',NULL,'/user_img/123.jpeg',15246521982,1,1000,NULL),(687,'柏安雁',NULL,'女',NULL,'/user_img/123.jpeg',15505768642,0,1000,NULL),(688,'朱晓博',NULL,'男',NULL,'/user_img/123.jpeg',15012165203,1,1000,NULL),(689,'金立果',NULL,'男',NULL,'/user_img/123.jpeg',16974769544,0,1000,NULL),(690,'韦醉柳',NULL,'女',NULL,'/user_img/123.jpeg',18962054561,0,1000,NULL),(691,'任安南',NULL,'女',NULL,'/user_img/123.jpeg',15986859773,1,1000,NULL),(692,'任之玉',NULL,'女',NULL,'/user_img/123.jpeg',15060755056,0,1000,NULL),(693,'吴雪瑶',NULL,'女',NULL,'/user_img/123.jpeg',13161437981,0,1000,NULL),(694,'朱如风',NULL,'男',NULL,'/user_img/123.jpeg',17303502527,0,1000,NULL),(695,'赵从安',NULL,'男',NULL,'/user_img/123.jpeg',12742173372,0,1000,NULL),(696,'赵海云',NULL,'男',NULL,'/user_img/123.jpeg',17508470401,0,1000,NULL),(697,'鲁凝雁',NULL,'男',NULL,'/user_img/123.jpeg',18138573855,0,1000,NULL),(698,'褚雪柳',NULL,'女',NULL,'/user_img/123.jpeg',13479853815,0,1000,NULL),(699,'赵立果',NULL,'女',NULL,'/user_img/123.jpeg',15665126244,1,1000,NULL),(700,'冯建辉',NULL,'女',NULL,'/user_img/123.jpeg',19292429745,0,1000,NULL),(701,'凤凝阳',NULL,'女',NULL,'/user_img/123.jpeg',15278861838,1,1000,NULL),(702,'周锦程',NULL,'男',NULL,'/user_img/123.jpeg',12833007159,1,1000,NULL),(703,'马依萱',NULL,'男',NULL,'/user_img/123.jpeg',17243124448,0,1000,NULL),(704,'冯鹤轩',NULL,'女',NULL,'/user_img/123.jpeg',17199860874,0,1000,NULL),(705,'严雁枫',NULL,'女',NULL,'/user_img/123.jpeg',18162063649,1,1000,NULL),(706,'戚晓凡',NULL,'男',NULL,'/user_img/123.jpeg',13426674773,1,1000,NULL),(707,'卫越彬',NULL,'男',NULL,'/user_img/123.jpeg',15998097037,0,1000,NULL),(708,'华君浩',NULL,'男',NULL,'/user_img/123.jpeg',18601358944,1,1000,NULL),(709,'范幻丝',NULL,'男',NULL,'/user_img/123.jpeg',14623371707,1,1000,NULL),(710,'吕醉柳',NULL,'女',NULL,'/user_img/123.jpeg',17718583461,0,1000,NULL),(711,'吴映易',NULL,'男',NULL,'/user_img/123.jpeg',19507806161,1,1000,NULL),(712,'许从安',NULL,'男',NULL,'/user_img/123.jpeg',12892633126,0,1000,NULL),(713,'孙海云',NULL,'男',NULL,'/user_img/123.jpeg',14192511921,0,1000,NULL),(714,'陶涵瑶',NULL,'女',NULL,'/user_img/123.jpeg',18795509100,0,1000,NULL),(715,'云越彬',NULL,'男',NULL,'/user_img/123.jpeg',14051041857,0,1000,NULL),(716,'王南露',NULL,'女',NULL,'/user_img/123.jpeg',15128628665,0,1000,NULL),(717,'鲁雨珍',NULL,'男',NULL,'/user_img/123.jpeg',13549459319,1,1000,NULL),(718,'张君浩',NULL,'女',NULL,'/user_img/123.jpeg',13731248958,1,1000,NULL),(719,'钱明辉',NULL,'男',NULL,'/user_img/123.jpeg',16584183122,1,1000,NULL),(720,'褚以蕊',NULL,'女',NULL,'/user_img/123.jpeg',18767843021,0,1000,NULL),(721,'张越彬',NULL,'男',NULL,'/user_img/123.jpeg',17985204980,1,1000,NULL),(722,'戚白凡',NULL,'女',NULL,'/user_img/123.jpeg',12650968845,0,1000,NULL),(723,'秦冰旋',NULL,'女',NULL,'/user_img/123.jpeg',13350540230,1,1000,NULL),(724,'范沛珊',NULL,'女',NULL,'/user_img/123.jpeg',18193049392,0,1000,NULL),(725,'李凝雁',NULL,'女',NULL,'/user_img/123.jpeg',16040016639,0,1000,NULL),(726,'许以蕊',NULL,'女',NULL,'/user_img/123.jpeg',17702013324,0,1000,NULL),(727,'冯凝天',NULL,'女',NULL,'/user_img/123.jpeg',14056317877,1,1000,NULL),(728,'陶鹏涛',NULL,'女',NULL,'/user_img/123.jpeg',14642655601,1,1000,NULL),(729,'花风华',NULL,'男',NULL,'/user_img/123.jpeg',18381128517,1,1000,NULL),(730,'柳越彬',NULL,'女',NULL,'/user_img/123.jpeg',17125877396,0,1000,NULL),(731,'曹尔琴',NULL,'女',NULL,'/user_img/123.jpeg',19047150787,1,1000,NULL),(732,'卫哲瀚',NULL,'女',NULL,'/user_img/123.jpeg',16710525152,1,1000,NULL),(733,'柳弘文',NULL,'男',NULL,'/user_img/123.jpeg',13795950739,0,1000,NULL),(734,'范浩然',NULL,'男',NULL,'/user_img/123.jpeg',18608348861,0,1000,NULL),(735,'范幼晴',NULL,'女',NULL,'/user_img/123.jpeg',19288113495,1,1000,NULL),(736,'尤伟诚',NULL,'男',NULL,'/user_img/123.jpeg',16239850807,1,1000,NULL),(737,'韦觅荷',NULL,'女',NULL,'/user_img/123.jpeg',16266657007,1,1000,NULL),(738,'周雪瑶',NULL,'男',NULL,'/user_img/123.jpeg',19084457543,1,1000,NULL),(739,'郎幻丝',NULL,'女',NULL,'/user_img/123.jpeg',12349601356,1,1000,NULL),(740,'赵幻丝',NULL,'女',NULL,'/user_img/123.jpeg',12815627076,0,1000,NULL),(741,'沈沛珊',NULL,'女',NULL,'/user_img/123.jpeg',15797149323,0,1000,NULL),(742,'喻炎彬',NULL,'女',NULL,'/user_img/123.jpeg',19458674832,0,1000,NULL),(743,'任绿真',NULL,'女',NULL,'/user_img/123.jpeg',17731184418,1,1000,NULL),(744,'尤博超',NULL,'男',NULL,'/user_img/123.jpeg',14207323587,1,1000,NULL),(745,'潘醉波',NULL,'男',NULL,'/user_img/123.jpeg',17703288980,1,1000,NULL),(746,'孔安南',NULL,'女',NULL,'/user_img/123.jpeg',14738710739,1,1000,NULL),(747,'范幼晴',NULL,'女',NULL,'/user_img/123.jpeg',17597246019,1,1000,NULL),(748,'郑明轩',NULL,'女',NULL,'/user_img/123.jpeg',12531033883,1,1000,NULL),(749,'许靖琪',NULL,'女',NULL,'/user_img/123.jpeg',15126190990,0,1000,NULL),(750,'郎昊强',NULL,'男',NULL,'/user_img/123.jpeg',16358336687,1,1000,NULL),(751,'彭越彬',NULL,'女',NULL,'/user_img/123.jpeg',17115512799,0,1000,NULL),(752,'严思源',NULL,'男',NULL,'/user_img/123.jpeg',14042539383,1,1000,NULL),(753,'昌醉柳',NULL,'男',NULL,'/user_img/123.jpeg',17172561343,0,1000,NULL),(754,'云之玉',NULL,'女',NULL,'/user_img/123.jpeg',19619033884,1,1000,NULL),(755,'韩安雁',NULL,'男',NULL,'/user_img/123.jpeg',15748283596,1,1000,NULL),(756,'谢锦程',NULL,'女',NULL,'/user_img/123.jpeg',19291294711,0,1000,NULL),(757,'褚以寒',NULL,'女',NULL,'/user_img/123.jpeg',14422821165,0,1000,NULL),(758,'谢夏菡',NULL,'男',NULL,'/user_img/123.jpeg',19820862487,0,1000,NULL),(759,'窦碧凡',NULL,'男',NULL,'/user_img/123.jpeg',18686342413,0,1000,NULL),(760,'云子骞',NULL,'女',NULL,'/user_img/123.jpeg',13427705026,0,1000,NULL),(761,'杨昊焱',NULL,'女',NULL,'/user_img/123.jpeg',13439055774,0,1000,NULL),(762,'赵秋柔',NULL,'男',NULL,'/user_img/123.jpeg',18961328388,1,1000,NULL),(763,'昌弘文',NULL,'女',NULL,'/user_img/123.jpeg',13453394972,1,1000,NULL),(764,'苏凡之',NULL,'男',NULL,'/user_img/123.jpeg',17737250578,0,1000,NULL),(765,'邹幻丝',NULL,'女',NULL,'/user_img/123.jpeg',14751918677,0,1000,NULL),(766,'花金鑫',NULL,'男',NULL,'/user_img/123.jpeg',18132515864,0,1000,NULL),(767,'花文博',NULL,'男',NULL,'/user_img/123.jpeg',16772280062,0,1000,NULL),(768,'葛迎夏',NULL,'男',NULL,'/user_img/123.jpeg',16858865110,1,1000,NULL),(769,'范建辉',NULL,'女',NULL,'/user_img/123.jpeg',12827581050,0,1000,NULL),(770,'柏文博',NULL,'女',NULL,'/user_img/123.jpeg',19253525475,0,1000,NULL),(771,'魏博超',NULL,'女',NULL,'/user_img/123.jpeg',12613963572,0,1000,NULL),(772,'姜子骞',NULL,'女',NULL,'/user_img/123.jpeg',18304060788,0,1000,NULL),(773,'蒋伟诚',NULL,'女',NULL,'/user_img/123.jpeg',18312612206,1,1000,NULL),(774,'苏以莲',NULL,'男',NULL,'/user_img/123.jpeg',14293444462,0,1000,NULL),(775,'吕智渊',NULL,'男',NULL,'/user_img/123.jpeg',17475909995,0,1000,NULL),(776,'张鹏煊',NULL,'女',NULL,'/user_img/123.jpeg',19184217221,0,1000,NULL),(777,'鲁冷梅',NULL,'女',NULL,'/user_img/123.jpeg',15684462323,1,1000,NULL),(778,'苏雪瑶',NULL,'男',NULL,'/user_img/123.jpeg',17616805038,0,1000,NULL),(779,'韩建辉',NULL,'男',NULL,'/user_img/123.jpeg',12920326460,1,1000,NULL),(780,'姜安南',NULL,'女',NULL,'/user_img/123.jpeg',17432690746,1,1000,NULL),(781,'何如风',NULL,'男',NULL,'/user_img/123.jpeg',19370723630,1,1000,NULL),(782,'朱寒云',NULL,'女',NULL,'/user_img/123.jpeg',12577515087,0,1000,NULL),(783,'谢思远',NULL,'女',NULL,'/user_img/123.jpeg',17269298823,0,1000,NULL),(784,'许锦程',NULL,'女',NULL,'/user_img/123.jpeg',19677509431,1,1000,NULL),(785,'章晋鹏',NULL,'男',NULL,'/user_img/123.jpeg',18920892967,0,1000,NULL),(786,'姜晓霜',NULL,'女',NULL,'/user_img/123.jpeg',13289912399,0,1000,NULL),(787,'章沛珊',NULL,'女',NULL,'/user_img/123.jpeg',19648323229,0,1000,NULL),(788,'马明辉',NULL,'男',NULL,'/user_img/123.jpeg',16568916334,0,1000,NULL),(789,'彭雪柳',NULL,'男',NULL,'/user_img/123.jpeg',14138111751,1,1000,NULL),(790,'孔绍辉',NULL,'男',NULL,'/user_img/123.jpeg',12851570085,1,1000,NULL),(791,'鲁靖琪',NULL,'女',NULL,'/user_img/123.jpeg',16892170648,1,1000,NULL),(792,'华智渊',NULL,'女',NULL,'/user_img/123.jpeg',14753465223,1,1000,NULL),(793,'孔明轩',NULL,'女',NULL,'/user_img/123.jpeg',16496569422,1,1000,NULL),(794,'范金鑫',NULL,'男',NULL,'/user_img/123.jpeg',13581226506,0,1000,NULL),(795,'姜以蕊',NULL,'女',NULL,'/user_img/123.jpeg',16065718065,0,1000,NULL),(796,'云鹏煊',NULL,'男',NULL,'/user_img/123.jpeg',19409947246,0,1000,NULL),(797,'方炎彬',NULL,'男',NULL,'/user_img/123.jpeg',13520131276,0,1000,NULL),(798,'姜孤风',NULL,'女',NULL,'/user_img/123.jpeg',19252254656,0,1000,NULL),(799,'周夏菡',NULL,'女',NULL,'/user_img/123.jpeg',12835383901,1,1000,NULL),(800,'韦风华',NULL,'女',NULL,'/user_img/123.jpeg',12378995270,0,1000,NULL),(801,'葛紫易',NULL,'女',NULL,'/user_img/123.jpeg',19975559391,0,1000,NULL),(802,'昌凝阳',NULL,'男',NULL,'/user_img/123.jpeg',16433020710,1,1000,NULL),(803,'任立果',NULL,'男',NULL,'/user_img/123.jpeg',18239528389,1,1000,NULL),(804,'赵明轩',NULL,'男',NULL,'/user_img/123.jpeg',16070328968,0,1000,NULL),(805,'秦博超',NULL,'男',NULL,'/user_img/123.jpeg',18534851109,0,1000,NULL),(806,'潘思淼',NULL,'女',NULL,'/user_img/123.jpeg',13994940039,1,1000,NULL),(807,'任子骞',NULL,'男',NULL,'/user_img/123.jpeg',13116728482,1,1000,NULL),(808,'许寒云',NULL,'男',NULL,'/user_img/123.jpeg',15374887376,1,1000,NULL),(809,'窦夏菡',NULL,'男',NULL,'/user_img/123.jpeg',19537451361,0,1000,NULL),(810,'华子默',NULL,'男',NULL,'/user_img/123.jpeg',17052367900,1,1000,NULL),(811,'金雨珍',NULL,'男',NULL,'/user_img/123.jpeg',13186457172,0,1000,NULL),(812,'何以莲',NULL,'女',NULL,'/user_img/123.jpeg',17145275125,1,1000,NULL),(813,'何千儿',NULL,'女',NULL,'/user_img/123.jpeg',18442009857,1,1000,NULL),(814,'花雨珍',NULL,'男',NULL,'/user_img/123.jpeg',14801246489,0,1000,NULL),(815,'戚之玉',NULL,'男',NULL,'/user_img/123.jpeg',18239198897,0,1000,NULL),(816,'鲁晓博',NULL,'女',NULL,'/user_img/123.jpeg',14802442418,0,1000,NULL),(817,'吴晋鹏',NULL,'女',NULL,'/user_img/123.jpeg',17618629604,1,1000,NULL),(818,'王绍辉',NULL,'男',NULL,'/user_img/123.jpeg',16112362162,1,1000,NULL),(819,'韩博超',NULL,'女',NULL,'/user_img/123.jpeg',19168418767,1,1000,NULL),(820,'方凝雁',NULL,'男',NULL,'/user_img/123.jpeg',12926047179,0,1000,NULL),(821,'张鹤轩',NULL,'男',NULL,'/user_img/123.jpeg',13007061863,0,1000,NULL),(822,'陈千儿',NULL,'女',NULL,'/user_img/123.jpeg',18906489640,1,1000,NULL),(823,'沈凡之',NULL,'女',NULL,'/user_img/123.jpeg',19149199897,0,1000,NULL),(824,'苗幼晴',NULL,'女',NULL,'/user_img/123.jpeg',17644687557,0,1000,NULL),(825,'陈飞阳',NULL,'女',NULL,'/user_img/123.jpeg',18433686773,0,1000,NULL),(826,'孔博超',NULL,'男',NULL,'/user_img/123.jpeg',19382130231,0,1000,NULL),(827,'吴之玉',NULL,'男',NULL,'/user_img/123.jpeg',15765184199,1,1000,NULL),(828,'尤雪瑶',NULL,'女',NULL,'/user_img/123.jpeg',14304918033,1,1000,NULL),(829,'喻碧凡',NULL,'男',NULL,'/user_img/123.jpeg',18131242709,0,1000,NULL),(830,'周孤风',NULL,'男',NULL,'/user_img/123.jpeg',19358119117,1,1000,NULL),(831,'彭雪瑶',NULL,'男',NULL,'/user_img/123.jpeg',16655155119,0,1000,NULL),(832,'施天磊',NULL,'女',NULL,'/user_img/123.jpeg',19865368077,0,1000,NULL),(833,'冯嘉熙',NULL,'男',NULL,'/user_img/123.jpeg',14840303498,1,1000,NULL),(834,'秦晋鹏',NULL,'男',NULL,'/user_img/123.jpeg',13946631663,0,1000,NULL),(835,'魏雨珍',NULL,'女',NULL,'/user_img/123.jpeg',18595491011,0,1000,NULL),(836,'秦雪瑶',NULL,'男',NULL,'/user_img/123.jpeg',13002510105,0,1000,NULL),(837,'云鹤轩',NULL,'男',NULL,'/user_img/123.jpeg',15360281070,0,1000,NULL),(838,'严幻丝',NULL,'女',NULL,'/user_img/123.jpeg',14605675016,1,1000,NULL),(839,'柳智渊',NULL,'女',NULL,'/user_img/123.jpeg',15086560424,0,1000,NULL),(840,'严如风',NULL,'女',NULL,'/user_img/123.jpeg',13694288808,0,1000,NULL),(841,'褚如风',NULL,'女',NULL,'/user_img/123.jpeg',12458704835,0,1000,NULL),(842,'沈冰旋',NULL,'男',NULL,'/user_img/123.jpeg',12478206351,0,1000,NULL),(843,'云孤风',NULL,'女',NULL,'/user_img/123.jpeg',15726613683,0,1000,NULL),(844,'花雅彤',NULL,'男',NULL,'/user_img/123.jpeg',14669692060,0,1000,NULL),(845,'郎寒云',NULL,'女',NULL,'/user_img/123.jpeg',17501881653,0,1000,NULL),(846,'沈飞阳',NULL,'女',NULL,'/user_img/123.jpeg',19318818341,0,1000,NULL),(847,'魏冰旋',NULL,'男',NULL,'/user_img/123.jpeg',12896089620,0,1000,NULL),(848,'彭涵瑶',NULL,'女',NULL,'/user_img/123.jpeg',19116886253,0,1000,NULL),(849,'柏雅彤',NULL,'男',NULL,'/user_img/123.jpeg',13470838750,1,1000,NULL),(850,'曹绿真',NULL,'女',NULL,'/user_img/123.jpeg',14820198157,0,1000,NULL),(851,'沈靖琪',NULL,'男',NULL,'/user_img/123.jpeg',13381243638,1,1000,NULL),(852,'章昊焱',NULL,'男',NULL,'/user_img/123.jpeg',15802830728,1,1000,NULL),(853,'郑建辉',NULL,'男',NULL,'/user_img/123.jpeg',15361303631,1,1000,NULL),(854,'华风华',NULL,'女',NULL,'/user_img/123.jpeg',12431316415,0,1000,NULL),(855,'潘以莲',NULL,'男',NULL,'/user_img/123.jpeg',15651980146,1,1000,NULL),(856,'潘以莲',NULL,'男',NULL,'/user_img/123.jpeg',13683209405,1,1000,NULL),(857,'施伟诚',NULL,'女',NULL,'/user_img/123.jpeg',19154046716,1,1000,NULL),(858,'任子骞',NULL,'男',NULL,'/user_img/123.jpeg',18005023343,1,1000,NULL),(859,'葛鹤轩',NULL,'男',NULL,'/user_img/123.jpeg',12646506766,0,1000,NULL),(860,'昌靖琪',NULL,'女',NULL,'/user_img/123.jpeg',13041648359,1,1000,NULL),(861,'周安雁',NULL,'女',NULL,'/user_img/123.jpeg',17689034058,1,1000,NULL),(862,'袁雅彤',NULL,'男',NULL,'/user_img/123.jpeg',15431578856,0,1000,NULL),(863,'陈鑫鹏',NULL,'女',NULL,'/user_img/123.jpeg',15925667599,1,1000,NULL),(864,'邹明轩',NULL,'女',NULL,'/user_img/123.jpeg',15152075269,1,1000,NULL),(865,'谢紫易',NULL,'女',NULL,'/user_img/123.jpeg',18718915421,0,1000,NULL),(866,'俞凝雁',NULL,'女',NULL,'/user_img/123.jpeg',15261980425,1,1000,NULL),(867,'姜明辉',NULL,'女',NULL,'/user_img/123.jpeg',17232034257,1,1000,NULL),(868,'孙凝阳',NULL,'男',NULL,'/user_img/123.jpeg',16519909905,1,1000,NULL),(869,'许明辉',NULL,'女',NULL,'/user_img/123.jpeg',14805412845,1,1000,NULL),(870,'魏子默',NULL,'男',NULL,'/user_img/123.jpeg',16241655881,1,1000,NULL),(871,'韩映易',NULL,'男',NULL,'/user_img/123.jpeg',18755593773,0,1000,NULL),(872,'陈以莲',NULL,'男',NULL,'/user_img/123.jpeg',17403517723,0,1000,NULL),(873,'许晋鹏',NULL,'女',NULL,'/user_img/123.jpeg',12697875564,0,1000,NULL),(874,'韦炎彬',NULL,'女',NULL,'/user_img/123.jpeg',14906251446,1,1000,NULL),(875,'卫宛儿',NULL,'男',NULL,'/user_img/123.jpeg',18831249679,0,1000,NULL),(876,'沈醉波',NULL,'男',NULL,'/user_img/123.jpeg',15397433138,0,1000,NULL),(877,'章伟诚',NULL,'男',NULL,'/user_img/123.jpeg',12827453226,1,1000,NULL),(878,'柏伟宸',NULL,'女',NULL,'/user_img/123.jpeg',13400492455,0,1000,NULL),(879,'孙凝阳',NULL,'男',NULL,'/user_img/123.jpeg',18601745558,1,1000,NULL),(880,'水冷梅',NULL,'男',NULL,'/user_img/123.jpeg',17811871957,1,1000,NULL),(881,'谢鑫鹏',NULL,'女',NULL,'/user_img/123.jpeg',13070537590,1,1000,NULL),(882,'姜子骞',NULL,'女',NULL,'/user_img/123.jpeg',14768071556,1,1000,NULL),(883,'严映易',NULL,'女',NULL,'/user_img/123.jpeg',12459688682,0,1000,NULL),(884,'何飞阳',NULL,'男',NULL,'/user_img/123.jpeg',12604164691,1,1000,NULL),(885,'苗风华',NULL,'男',NULL,'/user_img/123.jpeg',16951111959,0,1000,NULL),(886,'赵冷梅',NULL,'男',NULL,'/user_img/123.jpeg',18437373684,0,1000,NULL),(887,'褚炎彬',NULL,'女',NULL,'/user_img/123.jpeg',14547804511,0,1000,NULL),(888,'袁立果',NULL,'女',NULL,'/user_img/123.jpeg',19873191279,0,1000,NULL),(889,'魏以莲',NULL,'男',NULL,'/user_img/123.jpeg',15463731889,0,1000,NULL),(890,'姜鹏煊',NULL,'男',NULL,'/user_img/123.jpeg',13529058924,1,1000,NULL),(891,'金炎彬',NULL,'男',NULL,'/user_img/123.jpeg',14918656949,0,1000,NULL),(892,'柏明辉',NULL,'男',NULL,'/user_img/123.jpeg',19438898964,1,1000,NULL),(893,'花沛萍',NULL,'男',NULL,'/user_img/123.jpeg',15581263437,1,1000,NULL),(894,'柳风华',NULL,'男',NULL,'/user_img/123.jpeg',17475388527,0,1000,NULL),(895,'吴之玉',NULL,'男',NULL,'/user_img/123.jpeg',14478041597,1,1000,NULL),(896,'陈白凡',NULL,'女',NULL,'/user_img/123.jpeg',14001451540,1,1000,NULL),(897,'昌建辉',NULL,'男',NULL,'/user_img/123.jpeg',17672320683,0,1000,NULL),(898,'彭文博',NULL,'男',NULL,'/user_img/123.jpeg',15817579520,1,1000,NULL),(899,'彭凝阳',NULL,'男',NULL,'/user_img/123.jpeg',13374018847,1,1000,NULL),(900,'韦泽洋',NULL,'男',NULL,'/user_img/123.jpeg',16451929292,0,1000,NULL),(901,'杨孤风',NULL,'女',NULL,'/user_img/123.jpeg',19158179003,1,1000,NULL),(902,'吴炎彬',NULL,'女',NULL,'/user_img/123.jpeg',13036537147,1,1000,NULL),(903,'施安南',NULL,'女',NULL,'/user_img/123.jpeg',16949457205,1,1000,NULL),(904,'苗千儿',NULL,'男',NULL,'/user_img/123.jpeg',16314327277,0,1000,NULL),(905,'郎沛萍',NULL,'男',NULL,'/user_img/123.jpeg',15425581083,0,1000,NULL),(906,'沈绮彤',NULL,'男',NULL,'/user_img/123.jpeg',19342541115,1,1000,NULL),(907,'华思远',NULL,'男',NULL,'/user_img/123.jpeg',19158283074,1,1000,NULL),(908,'金依萱',NULL,'男',NULL,'/user_img/123.jpeg',13493967970,1,1000,NULL),(909,'戚子默',NULL,'男',NULL,'/user_img/123.jpeg',16100619093,0,1000,NULL),(910,'魏雪柳',NULL,'女',NULL,'/user_img/123.jpeg',19761316575,1,1000,NULL),(911,'孔晓凡',NULL,'女',NULL,'/user_img/123.jpeg',16920538249,0,1000,NULL),(912,'花雅彤',NULL,'女',NULL,'/user_img/123.jpeg',14475919077,1,1000,NULL),(913,'冯鹏涛',NULL,'男',NULL,'/user_img/123.jpeg',19925517868,1,1000,NULL),(914,'姜晓凡',NULL,'女',NULL,'/user_img/123.jpeg',12672309923,1,1000,NULL),(915,'袁映易',NULL,'女',NULL,'/user_img/123.jpeg',18617662073,0,1000,NULL),(916,'郎弘文',NULL,'男',NULL,'/user_img/123.jpeg',15381937637,1,1000,NULL),(917,'袁晓啸',NULL,'女',NULL,'/user_img/123.jpeg',18053475841,0,1000,NULL),(918,'花寻双',NULL,'男',NULL,'/user_img/123.jpeg',13288692782,1,1000,NULL),(919,'严映容',NULL,'女',NULL,'/user_img/123.jpeg',16767572323,0,1000,NULL),(920,'赵金鑫',NULL,'女',NULL,'/user_img/123.jpeg',15834794379,0,1000,NULL),(921,'褚秋柔',NULL,'女',NULL,'/user_img/123.jpeg',19023431949,1,1000,NULL),(922,'郎秋柔',NULL,'女',NULL,'/user_img/123.jpeg',13900188325,0,1000,NULL),(923,'潘博超',NULL,'男',NULL,'/user_img/123.jpeg',13704859876,0,1000,NULL),(924,'尤雁枫',NULL,'男',NULL,'/user_img/123.jpeg',16144078584,0,1000,NULL),(925,'曹伟诚',NULL,'男',NULL,'/user_img/123.jpeg',12554502461,1,1000,NULL),(926,'许博超',NULL,'女',NULL,'/user_img/123.jpeg',18867882424,1,1000,NULL),(927,'何天磊',NULL,'男',NULL,'/user_img/123.jpeg',12467808961,1,1000,NULL),(928,'苏安南',NULL,'女',NULL,'/user_img/123.jpeg',15109825357,0,1000,NULL),(929,'柳雪柳',NULL,'女',NULL,'/user_img/123.jpeg',19907175664,0,1000,NULL),(930,'柏寻双',NULL,'男',NULL,'/user_img/123.jpeg',13504001369,0,1000,NULL),(931,'袁博超',NULL,'男',NULL,'/user_img/123.jpeg',15620538989,0,1000,NULL),(932,'陶依萱',NULL,'男',NULL,'/user_img/123.jpeg',14185926998,1,1000,NULL),(933,'任鹏涛',NULL,'女',NULL,'/user_img/123.jpeg',16641950489,1,1000,NULL),(934,'葛雁枫',NULL,'男',NULL,'/user_img/123.jpeg',13964006198,0,1000,NULL),(935,'窦昊强',NULL,'女',NULL,'/user_img/123.jpeg',18405517512,0,1000,NULL),(936,'范幼晴',NULL,'男',NULL,'/user_img/123.jpeg',14767681198,0,1000,NULL),(937,'周靖琪',NULL,'男',NULL,'/user_img/123.jpeg',19290843305,0,1000,NULL),(938,'蒋飞阳',NULL,'男',NULL,'/user_img/123.jpeg',19110296178,1,1000,NULL),(939,'姜幻丝',NULL,'男',NULL,'/user_img/123.jpeg',17368893932,1,1000,NULL),(940,'王寒云',NULL,'女',NULL,'/user_img/123.jpeg',12539461017,0,1000,NULL),(941,'孔孤风',NULL,'女',NULL,'/user_img/123.jpeg',19174126764,1,1000,NULL),(942,'吕晓凡',NULL,'男',NULL,'/user_img/123.jpeg',14759041905,0,1000,NULL),(943,'鲁紫易',NULL,'男',NULL,'/user_img/123.jpeg',19250447135,0,1000,NULL),(944,'孔雪瑶',NULL,'女',NULL,'/user_img/123.jpeg',17100366543,1,1000,NULL),(945,'吕鹤轩',NULL,'女',NULL,'/user_img/123.jpeg',14349311559,0,1000,NULL),(946,'沈绿真',NULL,'男',NULL,'/user_img/123.jpeg',18665932423,0,1000,NULL),(947,'施海云',NULL,'女',NULL,'/user_img/123.jpeg',16944453397,0,1000,NULL),(948,'窦泽洋',NULL,'女',NULL,'/user_img/123.jpeg',12467192844,0,1000,NULL),(949,'鲁嘉熙',NULL,'男',NULL,'/user_img/123.jpeg',14387749879,0,1000,NULL),(950,'朱以寒',NULL,'女',NULL,'/user_img/123.jpeg',16286599860,1,1000,NULL),(951,'花鹏飞',NULL,'女',NULL,'/user_img/123.jpeg',15810523452,0,1000,NULL),(952,'凤雪松',NULL,'男',NULL,'/user_img/123.jpeg',15744528833,1,1000,NULL),(953,'严之玉',NULL,'男',NULL,'/user_img/123.jpeg',18974391965,0,1000,NULL),(954,'凤冷梅',NULL,'女',NULL,'/user_img/123.jpeg',18351336100,1,1000,NULL),(955,'施凝阳',NULL,'女',NULL,'/user_img/123.jpeg',19147768778,0,1000,NULL),(956,'凤千儿',NULL,'男',NULL,'/user_img/123.jpeg',19981120156,0,1000,NULL),(957,'戚绍辉',NULL,'男',NULL,'/user_img/123.jpeg',17715892328,1,1000,NULL),(958,'袁雨珍',NULL,'女',NULL,'/user_img/123.jpeg',14171542765,0,1000,NULL),(959,'何风华',NULL,'男',NULL,'/user_img/123.jpeg',14123538254,1,1000,NULL),(960,'张凡之',NULL,'女',NULL,'/user_img/123.jpeg',19221738354,1,1000,NULL),(961,'赵秋柔',NULL,'男',NULL,'/user_img/123.jpeg',15891635834,0,1000,NULL),(962,'凤安雁',NULL,'男',NULL,'/user_img/123.jpeg',17243195700,1,1000,NULL),(963,'周浩然',NULL,'女',NULL,'/user_img/123.jpeg',18209692564,0,1000,NULL),(964,'方思菱',NULL,'女',NULL,'/user_img/123.jpeg',15465617641,0,1000,NULL),(965,'赵锦程',NULL,'男',NULL,'/user_img/123.jpeg',14927041806,0,1000,NULL),(966,'冯醉波',NULL,'女',NULL,'/user_img/123.jpeg',14346147043,0,1000,NULL),(967,'孙思远',NULL,'男',NULL,'/user_img/123.jpeg',13860765008,0,1000,NULL),(968,'方以莲',NULL,'女',NULL,'/user_img/123.jpeg',17516338931,0,1000,NULL),(969,'赵醉柳',NULL,'女',NULL,'/user_img/123.jpeg',13034672167,1,1000,NULL),(970,'吕思源',NULL,'女',NULL,'/user_img/123.jpeg',17948162621,0,1000,NULL),(971,'马子默',NULL,'女',NULL,'/user_img/123.jpeg',16240809951,1,1000,NULL),(972,'吕思菱',NULL,'男',NULL,'/user_img/123.jpeg',16794937213,1,1000,NULL),(973,'葛思淼',NULL,'女',NULL,'/user_img/123.jpeg',17145889176,1,1000,NULL),(974,'陶绿真',NULL,'男',NULL,'/user_img/123.jpeg',19286970873,1,1000,NULL),(975,'韩立果',NULL,'男',NULL,'/user_img/123.jpeg',19967031856,1,1000,NULL),(976,'华伟宸',NULL,'女',NULL,'/user_img/123.jpeg',19599075747,0,1000,NULL),(977,'葛凝阳',NULL,'女',NULL,'/user_img/123.jpeg',12872961500,1,1000,NULL),(978,'陈雨珍',NULL,'男',NULL,'/user_img/123.jpeg',19338749990,0,1000,NULL),(979,'柏靖琪',NULL,'男',NULL,'/user_img/123.jpeg',17665790033,0,1000,NULL),(980,'花浩然',NULL,'男',NULL,'/user_img/123.jpeg',18052031551,0,1000,NULL),(981,'孙凝雁',NULL,'男',NULL,'/user_img/123.jpeg',13714862045,1,1000,NULL),(982,'王雪瑶',NULL,'女',NULL,'/user_img/123.jpeg',12567038123,0,1000,NULL),(983,'窦靖琪',NULL,'男',NULL,'/user_img/123.jpeg',13174073049,0,1000,NULL),(984,'范觅荷',NULL,'女',NULL,'/user_img/123.jpeg',19086331218,0,1000,NULL),(985,'柳凝天',NULL,'男',NULL,'/user_img/123.jpeg',19074138194,0,1000,NULL),(986,'方之玉',NULL,'女',NULL,'/user_img/123.jpeg',14929117571,0,1000,NULL),(987,'沈建辉',NULL,'女',NULL,'/user_img/123.jpeg',19187210085,1,1000,NULL),(988,'卫以莲',NULL,'男',NULL,'/user_img/123.jpeg',18128392496,0,1000,NULL),(989,'袁海云',NULL,'男',NULL,'/user_img/123.jpeg',17050814951,1,1000,NULL),(990,'沈鹤轩',NULL,'男',NULL,'/user_img/123.jpeg',16773908675,0,1000,NULL),(991,'冯碧凡',NULL,'女',NULL,'/user_img/123.jpeg',18437311011,1,1000,NULL),(992,'葛海云',NULL,'女',NULL,'/user_img/123.jpeg',16850820454,1,1000,NULL),(993,'潘君浩',NULL,'女',NULL,'/user_img/123.jpeg',16390235085,0,1000,NULL),(994,'潘明轩',NULL,'男',NULL,'/user_img/123.jpeg',16941845166,1,1000,NULL),(995,'鲁孤风',NULL,'男',NULL,'/user_img/123.jpeg',15256827903,0,1000,NULL),(996,'金晓霜',NULL,'男',NULL,'/user_img/123.jpeg',17177236057,1,1000,NULL),(997,'陶醉柳',NULL,'女',NULL,'/user_img/123.jpeg',18991410322,1,1000,NULL),(998,'魏泽洋',NULL,'男',NULL,'/user_img/123.jpeg',15779933248,0,1000,NULL),(999,'何千儿',NULL,'女',NULL,'/user_img/123.jpeg',15445250713,0,1000,NULL),(1000,'袁如风',NULL,'女',NULL,'/user_img/123.jpeg',16691285234,0,1000,NULL);

/*Table structure for table `user_commodity_comment_like` */

DROP TABLE IF EXISTS `user_commodity_comment_like`;

CREATE TABLE `user_commodity_comment_like` (
  `commodity_comment_like_id` int NOT NULL AUTO_INCREMENT COMMENT '商品评论点赞表ID',
  `user_id` int DEFAULT NULL COMMENT '用户ID',
  `type` int DEFAULT NULL COMMENT '类型 0=点赞 1=踩',
  `son_tf` int DEFAULT NULL COMMENT '是否为评论 0是  1不是',
  `tf_id` int DEFAULT NULL COMMENT '评论或者回复ID',
  `send_time` datetime DEFAULT NULL COMMENT '发生时间',
  PRIMARY KEY (`commodity_comment_like_id`)
) ENGINE=InnoDB AUTO_INCREMENT=26 DEFAULT CHARSET=utf8mb3;

/*Data for the table `user_commodity_comment_like` */

insert  into `user_commodity_comment_like`(`commodity_comment_like_id`,`user_id`,`type`,`son_tf`,`tf_id`,`send_time`) values (1,1,0,1,1,'2023-02-01 13:10:50'),(10,1,0,1,2,'2023-03-22 16:39:37'),(11,1,0,0,6,'2023-03-29 17:02:14'),(16,1,0,0,2,'2023-03-29 17:17:00'),(17,1,0,0,3,'2023-03-29 17:19:43'),(19,1,0,0,7,'2023-03-29 17:25:03'),(20,1,0,0,1,'2023-03-30 11:43:17'),(21,1,0,1,15,'2023-03-30 11:47:56'),(23,1,0,1,7,'2023-03-30 11:48:02'),(24,1,0,1,14,'2023-03-30 11:48:45'),(25,1,0,1,6,'2023-03-30 11:48:48');

/*Table structure for table `user_commodity_issue_like` */

DROP TABLE IF EXISTS `user_commodity_issue_like`;

CREATE TABLE `user_commodity_issue_like` (
  `commodity_comment_like_id` int NOT NULL DEFAULT '0' COMMENT '商品问答点赞表ID',
  `user_id` int DEFAULT NULL COMMENT '用户ID',
  `type` int DEFAULT NULL COMMENT '类型 0=点赞 1=踩',
  `tf_id` int DEFAULT NULL COMMENT '评论ID',
  `send_time` datetime DEFAULT NULL COMMENT '发生时间'
) ENGINE=InnoDB DEFAULT CHARSET=utf8mb3;

/*Data for the table `user_commodity_issue_like` */

insert  into `user_commodity_issue_like`(`commodity_comment_like_id`,`user_id`,`type`,`tf_id`,`send_time`) values (0,1,0,3,'2023-03-31 15:03:48');

/*Table structure for table `user_discount` */

DROP TABLE IF EXISTS `user_discount`;

CREATE TABLE `user_discount` (
  `user_discount_id` int NOT NULL AUTO_INCREMENT COMMENT '用户优惠券ID',
  `user_id` int DEFAULT NULL COMMENT '用户ID',
  `discount_id` int DEFAULT NULL COMMENT '优惠券ID',
  `sent_time` datetime DEFAULT NULL COMMENT '领取时间',
  `end_time` datetime DEFAULT NULL COMMENT '结束时间',
  `discount_state` int DEFAULT NULL COMMENT '状态 0=未使用 1=已使用  2=已过期',
  PRIMARY KEY (`user_discount_id`)
) ENGINE=InnoDB AUTO_INCREMENT=43 DEFAULT CHARSET=utf8mb3;

/*Data for the table `user_discount` */

insert  into `user_discount`(`user_discount_id`,`user_id`,`discount_id`,`sent_time`,`end_time`,`discount_state`) values (30,1,1,'2023-01-17 18:50:27','2023-04-22 18:50:31',1),(31,1,5,'2023-01-19 19:10:46','2023-07-20 19:10:49',1),(33,1,3,'2023-01-17 18:58:07','2023-05-12 18:58:09',0),(38,1,9,'2023-02-24 16:12:11','2023-06-10 16:12:13',1),(39,1,7,'2023-02-23 21:18:20','2023-07-23 21:18:21',1),(40,1,6,'2023-01-17 19:11:24','2024-06-20 19:11:27',1),(41,1,13,'2023-03-20 00:00:00','2023-03-25 13:01:33',0),(42,1,2,'2023-01-17 18:54:14','2023-04-15 18:54:17',0);

/*Table structure for table `user_password` */

DROP TABLE IF EXISTS `user_password`;

CREATE TABLE `user_password` (
  `password_id` int NOT NULL AUTO_INCREMENT COMMENT '用户ID',
  `password` varchar(50) DEFAULT NULL COMMENT '用户密码',
  `fid` bigint DEFAULT NULL COMMENT '连接fid',
  `ip` varchar(50) DEFAULT NULL COMMENT 'ip地址',
  `user_id` int DEFAULT NULL COMMENT '用户ID',
  `character` varchar(6) DEFAULT NULL COMMENT '支付密码',
  PRIMARY KEY (`password_id`)
) ENGINE=InnoDB AUTO_INCREMENT=1001 DEFAULT CHARSET=utf8mb3;

/*Data for the table `user_password` */

insert  into `user_password`(`password_id`,`password`,`fid`,`ip`,`user_id`,`character`) values (1,'1',NULL,NULL,1,'000000'),(2,'2',NULL,NULL,2,'000000'),(3,'3',NULL,NULL,3,'000000'),(4,'4',NULL,NULL,4,'000000'),(5,'5',NULL,NULL,5,'000000'),(6,'6',NULL,NULL,6,'000000'),(7,'7',NULL,NULL,7,'000000'),(8,'8',NULL,NULL,8,'000000'),(9,'9',NULL,NULL,9,'000000'),(10,'10',NULL,NULL,10,'000000'),(11,'11',NULL,NULL,11,'000000'),(12,'12',NULL,NULL,12,'000000'),(13,'13',NULL,NULL,13,'000000'),(14,'14',NULL,NULL,14,'000000'),(15,'15',NULL,NULL,15,'000000'),(16,'16',NULL,NULL,16,'000000'),(17,'17',NULL,NULL,17,'000000'),(18,'18',NULL,NULL,18,'000000'),(19,'19',NULL,NULL,19,'000000'),(20,'20',NULL,NULL,20,'000000'),(21,'21',NULL,NULL,21,'000000'),(22,'22',NULL,NULL,22,'000000'),(23,'23',NULL,NULL,23,'000000'),(24,'24',NULL,NULL,24,'000000'),(25,'25',NULL,NULL,25,'000000'),(26,'26',NULL,NULL,26,'000000'),(27,'27',NULL,NULL,27,'000000'),(28,'28',NULL,NULL,28,'000000'),(29,'29',NULL,NULL,29,'000000'),(30,'30',NULL,NULL,30,'000000'),(31,'31',NULL,NULL,31,'000000'),(32,'32',NULL,NULL,32,'000000'),(33,'33',NULL,NULL,33,'000000'),(34,'34',NULL,NULL,34,'000000'),(35,'35',NULL,NULL,35,'000000'),(36,'36',NULL,NULL,36,'000000'),(37,'37',NULL,NULL,37,'000000'),(38,'38',NULL,NULL,38,'000000'),(39,'39',NULL,NULL,39,'000000'),(40,'40',NULL,NULL,40,'000000'),(41,'41',NULL,NULL,41,'000000'),(42,'42',NULL,NULL,42,'000000'),(43,'43',NULL,NULL,43,'000000'),(44,'44',NULL,NULL,44,'000000'),(45,'45',NULL,NULL,45,'000000'),(46,'46',NULL,NULL,46,'000000'),(47,'47',NULL,NULL,47,'000000'),(48,'48',NULL,NULL,48,'000000'),(49,'49',NULL,NULL,49,'000000'),(50,'50',NULL,NULL,50,'000000'),(51,'51',NULL,NULL,51,'000000'),(52,'52',NULL,NULL,52,'000000'),(53,'53',NULL,NULL,53,'000000'),(54,'54',NULL,NULL,54,'000000'),(55,'55',NULL,NULL,55,'000000'),(56,'56',NULL,NULL,56,'000000'),(57,'57',NULL,NULL,57,'000000'),(58,'58',NULL,NULL,58,'000000'),(59,'59',NULL,NULL,59,'000000'),(60,'60',NULL,NULL,60,'000000'),(61,'61',NULL,NULL,61,'000000'),(62,'62',NULL,NULL,62,'000000'),(63,'63',NULL,NULL,63,'000000'),(64,'64',NULL,NULL,64,'000000'),(65,'65',NULL,NULL,65,'000000'),(66,'66',NULL,NULL,66,'000000'),(67,'67',NULL,NULL,67,'000000'),(68,'68',NULL,NULL,68,'000000'),(69,'69',NULL,NULL,69,'000000'),(70,'70',NULL,NULL,70,'000000'),(71,'71',NULL,NULL,71,'000000'),(72,'72',NULL,NULL,72,'000000'),(73,'73',NULL,NULL,73,'000000'),(74,'74',NULL,NULL,74,'000000'),(75,'75',NULL,NULL,75,'000000'),(76,'76',NULL,NULL,76,'000000'),(77,'77',NULL,NULL,77,'000000'),(78,'78',NULL,NULL,78,'000000'),(79,'79',NULL,NULL,79,'000000'),(80,'80',NULL,NULL,80,'000000'),(81,'81',NULL,NULL,81,'000000'),(82,'82',NULL,NULL,82,'000000'),(83,'83',NULL,NULL,83,'000000'),(84,'84',NULL,NULL,84,'000000'),(85,'85',NULL,NULL,85,'000000'),(86,'86',NULL,NULL,86,'000000'),(87,'87',NULL,NULL,87,'000000'),(88,'88',NULL,NULL,88,'000000'),(89,'89',NULL,NULL,89,'000000'),(90,'90',NULL,NULL,90,'000000'),(91,'91',NULL,NULL,91,'000000'),(92,'92',NULL,NULL,92,'000000'),(93,'93',NULL,NULL,93,'000000'),(94,'94',NULL,NULL,94,'000000'),(95,'95',NULL,NULL,95,'000000'),(96,'96',NULL,NULL,96,'000000'),(97,'97',NULL,NULL,97,'000000'),(98,'98',NULL,NULL,98,'000000'),(99,'99',NULL,NULL,99,'000000'),(100,'100',NULL,NULL,100,'000000'),(101,'101',NULL,NULL,101,'000000'),(102,'102',NULL,NULL,102,'000000'),(103,'103',NULL,NULL,103,'000000'),(104,'104',NULL,NULL,104,'000000'),(105,'105',NULL,NULL,105,'000000'),(106,'106',NULL,NULL,106,'000000'),(107,'107',NULL,NULL,107,'000000'),(108,'108',NULL,NULL,108,'000000'),(109,'109',NULL,NULL,109,'000000'),(110,'110',NULL,NULL,110,'000000'),(111,'111',NULL,NULL,111,'000000'),(112,'112',NULL,NULL,112,'000000'),(113,'113',NULL,NULL,113,'000000'),(114,'114',NULL,NULL,114,'000000'),(115,'115',NULL,NULL,115,'000000'),(116,'116',NULL,NULL,116,'000000'),(117,'117',NULL,NULL,117,'000000'),(118,'118',NULL,NULL,118,'000000'),(119,'119',NULL,NULL,119,'000000'),(120,'120',NULL,NULL,120,'000000'),(121,'121',NULL,NULL,121,'000000'),(122,'122',NULL,NULL,122,'000000'),(123,'123',NULL,NULL,123,'000000'),(124,'124',NULL,NULL,124,'000000'),(125,'125',NULL,NULL,125,'000000'),(126,'126',NULL,NULL,126,'000000'),(127,'127',NULL,NULL,127,'000000'),(128,'128',NULL,NULL,128,'000000'),(129,'129',NULL,NULL,129,'000000'),(130,'130',NULL,NULL,130,'000000'),(131,'131',NULL,NULL,131,'000000'),(132,'132',NULL,NULL,132,'000000'),(133,'133',NULL,NULL,133,'000000'),(134,'134',NULL,NULL,134,'000000'),(135,'135',NULL,NULL,135,'000000'),(136,'136',NULL,NULL,136,'000000'),(137,'137',NULL,NULL,137,'000000'),(138,'138',NULL,NULL,138,'000000'),(139,'139',NULL,NULL,139,'000000'),(140,'140',NULL,NULL,140,'000000'),(141,'141',NULL,NULL,141,'000000'),(142,'142',NULL,NULL,142,'000000'),(143,'143',NULL,NULL,143,'000000'),(144,'144',NULL,NULL,144,'000000'),(145,'145',NULL,NULL,145,'000000'),(146,'146',NULL,NULL,146,'000000'),(147,'147',NULL,NULL,147,'000000'),(148,'148',NULL,NULL,148,'000000'),(149,'149',NULL,NULL,149,'000000'),(150,'150',NULL,NULL,150,'000000'),(151,'151',NULL,NULL,151,'000000'),(152,'152',NULL,NULL,152,'000000'),(153,'153',NULL,NULL,153,'000000'),(154,'154',NULL,NULL,154,'000000'),(155,'155',NULL,NULL,155,'000000'),(156,'156',NULL,NULL,156,'000000'),(157,'157',NULL,NULL,157,'000000'),(158,'158',NULL,NULL,158,'000000'),(159,'159',NULL,NULL,159,'000000'),(160,'160',NULL,NULL,160,'000000'),(161,'161',NULL,NULL,161,'000000'),(162,'162',NULL,NULL,162,'000000'),(163,'163',NULL,NULL,163,'000000'),(164,'164',NULL,NULL,164,'000000'),(165,'165',NULL,NULL,165,'000000'),(166,'166',NULL,NULL,166,'000000'),(167,'167',NULL,NULL,167,'000000'),(168,'168',NULL,NULL,168,'000000'),(169,'169',NULL,NULL,169,'000000'),(170,'170',NULL,NULL,170,'000000'),(171,'171',NULL,NULL,171,'000000'),(172,'172',NULL,NULL,172,'000000'),(173,'173',NULL,NULL,173,'000000'),(174,'174',NULL,NULL,174,'000000'),(175,'175',NULL,NULL,175,'000000'),(176,'176',NULL,NULL,176,'000000'),(177,'177',NULL,NULL,177,'000000'),(178,'178',NULL,NULL,178,'000000'),(179,'179',NULL,NULL,179,'000000'),(180,'180',NULL,NULL,180,'000000'),(181,'181',NULL,NULL,181,'000000'),(182,'182',NULL,NULL,182,'000000'),(183,'183',NULL,NULL,183,'000000'),(184,'184',NULL,NULL,184,'000000'),(185,'185',NULL,NULL,185,'000000'),(186,'186',NULL,NULL,186,'000000'),(187,'187',NULL,NULL,187,'000000'),(188,'188',NULL,NULL,188,'000000'),(189,'189',NULL,NULL,189,'000000'),(190,'190',NULL,NULL,190,'000000'),(191,'191',NULL,NULL,191,'000000'),(192,'192',NULL,NULL,192,'000000'),(193,'193',NULL,NULL,193,'000000'),(194,'194',NULL,NULL,194,'000000'),(195,'195',NULL,NULL,195,'000000'),(196,'196',NULL,NULL,196,'000000'),(197,'197',NULL,NULL,197,'000000'),(198,'198',NULL,NULL,198,'000000'),(199,'199',NULL,NULL,199,'000000'),(200,'200',NULL,NULL,200,'000000'),(201,'201',NULL,NULL,201,'000000'),(202,'202',NULL,NULL,202,'000000'),(203,'203',NULL,NULL,203,'000000'),(204,'204',NULL,NULL,204,'000000'),(205,'205',NULL,NULL,205,'000000'),(206,'206',NULL,NULL,206,'000000'),(207,'207',NULL,NULL,207,'000000'),(208,'208',NULL,NULL,208,'000000'),(209,'209',NULL,NULL,209,'000000'),(210,'210',NULL,NULL,210,'000000'),(211,'211',NULL,NULL,211,'000000'),(212,'212',NULL,NULL,212,'000000'),(213,'213',NULL,NULL,213,'000000'),(214,'214',NULL,NULL,214,'000000'),(215,'215',NULL,NULL,215,'000000'),(216,'216',NULL,NULL,216,'000000'),(217,'217',NULL,NULL,217,'000000'),(218,'218',NULL,NULL,218,'000000'),(219,'219',NULL,NULL,219,'000000'),(220,'220',NULL,NULL,220,'000000'),(221,'221',NULL,NULL,221,'000000'),(222,'222',NULL,NULL,222,'000000'),(223,'223',NULL,NULL,223,'000000'),(224,'224',NULL,NULL,224,'000000'),(225,'225',NULL,NULL,225,'000000'),(226,'226',NULL,NULL,226,'000000'),(227,'227',NULL,NULL,227,'000000'),(228,'228',NULL,NULL,228,'000000'),(229,'229',NULL,NULL,229,'000000'),(230,'230',NULL,NULL,230,'000000'),(231,'231',NULL,NULL,231,'000000'),(232,'232',NULL,NULL,232,'000000'),(233,'233',NULL,NULL,233,'000000'),(234,'234',NULL,NULL,234,'000000'),(235,'235',NULL,NULL,235,'000000'),(236,'236',NULL,NULL,236,'000000'),(237,'237',NULL,NULL,237,'000000'),(238,'238',NULL,NULL,238,'000000'),(239,'239',NULL,NULL,239,'000000'),(240,'240',NULL,NULL,240,'000000'),(241,'241',NULL,NULL,241,'000000'),(242,'242',NULL,NULL,242,'000000'),(243,'243',NULL,NULL,243,'000000'),(244,'244',NULL,NULL,244,'000000'),(245,'245',NULL,NULL,245,'000000'),(246,'246',NULL,NULL,246,'000000'),(247,'247',NULL,NULL,247,'000000'),(248,'248',NULL,NULL,248,'000000'),(249,'249',NULL,NULL,249,'000000'),(250,'250',NULL,NULL,250,'000000'),(251,'251',NULL,NULL,251,'000000'),(252,'252',NULL,NULL,252,'000000'),(253,'253',NULL,NULL,253,'000000'),(254,'254',NULL,NULL,254,'000000'),(255,'255',NULL,NULL,255,'000000'),(256,'256',NULL,NULL,256,'000000'),(257,'257',NULL,NULL,257,'000000'),(258,'258',NULL,NULL,258,'000000'),(259,'259',NULL,NULL,259,'000000'),(260,'260',NULL,NULL,260,'000000'),(261,'261',NULL,NULL,261,'000000'),(262,'262',NULL,NULL,262,'000000'),(263,'263',NULL,NULL,263,'000000'),(264,'264',NULL,NULL,264,'000000'),(265,'265',NULL,NULL,265,'000000'),(266,'266',NULL,NULL,266,'000000'),(267,'267',NULL,NULL,267,'000000'),(268,'268',NULL,NULL,268,'000000'),(269,'269',NULL,NULL,269,'000000'),(270,'270',NULL,NULL,270,'000000'),(271,'271',NULL,NULL,271,'000000'),(272,'272',NULL,NULL,272,'000000'),(273,'273',NULL,NULL,273,'000000'),(274,'274',NULL,NULL,274,'000000'),(275,'275',NULL,NULL,275,'000000'),(276,'276',NULL,NULL,276,'000000'),(277,'277',NULL,NULL,277,'000000'),(278,'278',NULL,NULL,278,'000000'),(279,'279',NULL,NULL,279,'000000'),(280,'280',NULL,NULL,280,'000000'),(281,'281',NULL,NULL,281,'000000'),(282,'282',NULL,NULL,282,'000000'),(283,'283',NULL,NULL,283,'000000'),(284,'284',NULL,NULL,284,'000000'),(285,'285',NULL,NULL,285,'000000'),(286,'286',NULL,NULL,286,'000000'),(287,'287',NULL,NULL,287,'000000'),(288,'288',NULL,NULL,288,'000000'),(289,'289',NULL,NULL,289,'000000'),(290,'290',NULL,NULL,290,'000000'),(291,'291',NULL,NULL,291,'000000'),(292,'292',NULL,NULL,292,'000000'),(293,'293',NULL,NULL,293,'000000'),(294,'294',NULL,NULL,294,'000000'),(295,'295',NULL,NULL,295,'000000'),(296,'296',NULL,NULL,296,'000000'),(297,'297',NULL,NULL,297,'000000'),(298,'298',NULL,NULL,298,'000000'),(299,'299',NULL,NULL,299,'000000'),(300,'300',NULL,NULL,300,'000000'),(301,'301',NULL,NULL,301,'000000'),(302,'302',NULL,NULL,302,'000000'),(303,'303',NULL,NULL,303,'000000'),(304,'304',NULL,NULL,304,'000000'),(305,'305',NULL,NULL,305,'000000'),(306,'306',NULL,NULL,306,'000000'),(307,'307',NULL,NULL,307,'000000'),(308,'308',NULL,NULL,308,'000000'),(309,'309',NULL,NULL,309,'000000'),(310,'310',NULL,NULL,310,'000000'),(311,'311',NULL,NULL,311,'000000'),(312,'312',NULL,NULL,312,'000000'),(313,'313',NULL,NULL,313,'000000'),(314,'314',NULL,NULL,314,'000000'),(315,'315',NULL,NULL,315,'000000'),(316,'316',NULL,NULL,316,'000000'),(317,'317',NULL,NULL,317,'000000'),(318,'318',NULL,NULL,318,'000000'),(319,'319',NULL,NULL,319,'000000'),(320,'320',NULL,NULL,320,'000000'),(321,'321',NULL,NULL,321,'000000'),(322,'322',NULL,NULL,322,'000000'),(323,'323',NULL,NULL,323,'000000'),(324,'324',NULL,NULL,324,'000000'),(325,'325',NULL,NULL,325,'000000'),(326,'326',NULL,NULL,326,'000000'),(327,'327',NULL,NULL,327,'000000'),(328,'328',NULL,NULL,328,'000000'),(329,'329',NULL,NULL,329,'000000'),(330,'330',NULL,NULL,330,'000000'),(331,'331',NULL,NULL,331,'000000'),(332,'332',NULL,NULL,332,'000000'),(333,'333',NULL,NULL,333,'000000'),(334,'334',NULL,NULL,334,'000000'),(335,'335',NULL,NULL,335,'000000'),(336,'336',NULL,NULL,336,'000000'),(337,'337',NULL,NULL,337,'000000'),(338,'338',NULL,NULL,338,'000000'),(339,'339',NULL,NULL,339,'000000'),(340,'340',NULL,NULL,340,'000000'),(341,'341',NULL,NULL,341,'000000'),(342,'342',NULL,NULL,342,'000000'),(343,'343',NULL,NULL,343,'000000'),(344,'344',NULL,NULL,344,'000000'),(345,'345',NULL,NULL,345,'000000'),(346,'346',NULL,NULL,346,'000000'),(347,'347',NULL,NULL,347,'000000'),(348,'348',NULL,NULL,348,'000000'),(349,'349',NULL,NULL,349,'000000'),(350,'350',NULL,NULL,350,'000000'),(351,'351',NULL,NULL,351,'000000'),(352,'352',NULL,NULL,352,'000000'),(353,'353',NULL,NULL,353,'000000'),(354,'354',NULL,NULL,354,'000000'),(355,'355',NULL,NULL,355,'000000'),(356,'356',NULL,NULL,356,'000000'),(357,'357',NULL,NULL,357,'000000'),(358,'358',NULL,NULL,358,'000000'),(359,'359',NULL,NULL,359,'000000'),(360,'360',NULL,NULL,360,'000000'),(361,'361',NULL,NULL,361,'000000'),(362,'362',NULL,NULL,362,'000000'),(363,'363',NULL,NULL,363,'000000'),(364,'364',NULL,NULL,364,'000000'),(365,'365',NULL,NULL,365,'000000'),(366,'366',NULL,NULL,366,'000000'),(367,'367',NULL,NULL,367,'000000'),(368,'368',NULL,NULL,368,'000000'),(369,'369',NULL,NULL,369,'000000'),(370,'370',NULL,NULL,370,'000000'),(371,'371',NULL,NULL,371,'000000'),(372,'372',NULL,NULL,372,'000000'),(373,'373',NULL,NULL,373,'000000'),(374,'374',NULL,NULL,374,'000000'),(375,'375',NULL,NULL,375,'000000'),(376,'376',NULL,NULL,376,'000000'),(377,'377',NULL,NULL,377,'000000'),(378,'378',NULL,NULL,378,'000000'),(379,'379',NULL,NULL,379,'000000'),(380,'380',NULL,NULL,380,'000000'),(381,'381',NULL,NULL,381,'000000'),(382,'382',NULL,NULL,382,'000000'),(383,'383',NULL,NULL,383,'000000'),(384,'384',NULL,NULL,384,'000000'),(385,'385',NULL,NULL,385,'000000'),(386,'386',NULL,NULL,386,'000000'),(387,'387',NULL,NULL,387,'000000'),(388,'388',NULL,NULL,388,'000000'),(389,'389',NULL,NULL,389,'000000'),(390,'390',NULL,NULL,390,'000000'),(391,'391',NULL,NULL,391,'000000'),(392,'392',NULL,NULL,392,'000000'),(393,'393',NULL,NULL,393,'000000'),(394,'394',NULL,NULL,394,'000000'),(395,'395',NULL,NULL,395,'000000'),(396,'396',NULL,NULL,396,'000000'),(397,'397',NULL,NULL,397,'000000'),(398,'398',NULL,NULL,398,'000000'),(399,'399',NULL,NULL,399,'000000'),(400,'400',NULL,NULL,400,'000000'),(401,'401',NULL,NULL,401,'000000'),(402,'402',NULL,NULL,402,'000000'),(403,'403',NULL,NULL,403,'000000'),(404,'404',NULL,NULL,404,'000000'),(405,'405',NULL,NULL,405,'000000'),(406,'406',NULL,NULL,406,'000000'),(407,'407',NULL,NULL,407,'000000'),(408,'408',NULL,NULL,408,'000000'),(409,'409',NULL,NULL,409,'000000'),(410,'410',NULL,NULL,410,'000000'),(411,'411',NULL,NULL,411,'000000'),(412,'412',NULL,NULL,412,'000000'),(413,'413',NULL,NULL,413,'000000'),(414,'414',NULL,NULL,414,'000000'),(415,'415',NULL,NULL,415,'000000'),(416,'416',NULL,NULL,416,'000000'),(417,'417',NULL,NULL,417,'000000'),(418,'418',NULL,NULL,418,'000000'),(419,'419',NULL,NULL,419,'000000'),(420,'420',NULL,NULL,420,'000000'),(421,'421',NULL,NULL,421,'000000'),(422,'422',NULL,NULL,422,'000000'),(423,'423',NULL,NULL,423,'000000'),(424,'424',NULL,NULL,424,'000000'),(425,'425',NULL,NULL,425,'000000'),(426,'426',NULL,NULL,426,'000000'),(427,'427',NULL,NULL,427,'000000'),(428,'428',NULL,NULL,428,'000000'),(429,'429',NULL,NULL,429,'000000'),(430,'430',NULL,NULL,430,'000000'),(431,'431',NULL,NULL,431,'000000'),(432,'432',NULL,NULL,432,'000000'),(433,'433',NULL,NULL,433,'000000'),(434,'434',NULL,NULL,434,'000000'),(435,'435',NULL,NULL,435,'000000'),(436,'436',NULL,NULL,436,'000000'),(437,'437',NULL,NULL,437,'000000'),(438,'438',NULL,NULL,438,'000000'),(439,'439',NULL,NULL,439,'000000'),(440,'440',NULL,NULL,440,'000000'),(441,'441',NULL,NULL,441,'000000'),(442,'442',NULL,NULL,442,'000000'),(443,'443',NULL,NULL,443,'000000'),(444,'444',NULL,NULL,444,'000000'),(445,'445',NULL,NULL,445,'000000'),(446,'446',NULL,NULL,446,'000000'),(447,'447',NULL,NULL,447,'000000'),(448,'448',NULL,NULL,448,'000000'),(449,'449',NULL,NULL,449,'000000'),(450,'450',NULL,NULL,450,'000000'),(451,'451',NULL,NULL,451,'000000'),(452,'452',NULL,NULL,452,'000000'),(453,'453',NULL,NULL,453,'000000'),(454,'454',NULL,NULL,454,'000000'),(455,'455',NULL,NULL,455,'000000'),(456,'456',NULL,NULL,456,'000000'),(457,'457',NULL,NULL,457,'000000'),(458,'458',NULL,NULL,458,'000000'),(459,'459',NULL,NULL,459,'000000'),(460,'460',NULL,NULL,460,'000000'),(461,'461',NULL,NULL,461,'000000'),(462,'462',NULL,NULL,462,'000000'),(463,'463',NULL,NULL,463,'000000'),(464,'464',NULL,NULL,464,'000000'),(465,'465',NULL,NULL,465,'000000'),(466,'466',NULL,NULL,466,'000000'),(467,'467',NULL,NULL,467,'000000'),(468,'468',NULL,NULL,468,'000000'),(469,'469',NULL,NULL,469,'000000'),(470,'470',NULL,NULL,470,'000000'),(471,'471',NULL,NULL,471,'000000'),(472,'472',NULL,NULL,472,'000000'),(473,'473',NULL,NULL,473,'000000'),(474,'474',NULL,NULL,474,'000000'),(475,'475',NULL,NULL,475,'000000'),(476,'476',NULL,NULL,476,'000000'),(477,'477',NULL,NULL,477,'000000'),(478,'478',NULL,NULL,478,'000000'),(479,'479',NULL,NULL,479,'000000'),(480,'480',NULL,NULL,480,'000000'),(481,'481',NULL,NULL,481,'000000'),(482,'482',NULL,NULL,482,'000000'),(483,'483',NULL,NULL,483,'000000'),(484,'484',NULL,NULL,484,'000000'),(485,'485',NULL,NULL,485,'000000'),(486,'486',NULL,NULL,486,'000000'),(487,'487',NULL,NULL,487,'000000'),(488,'488',NULL,NULL,488,'000000'),(489,'489',NULL,NULL,489,'000000'),(490,'490',NULL,NULL,490,'000000'),(491,'491',NULL,NULL,491,'000000'),(492,'492',NULL,NULL,492,'000000'),(493,'493',NULL,NULL,493,'000000'),(494,'494',NULL,NULL,494,'000000'),(495,'495',NULL,NULL,495,'000000'),(496,'496',NULL,NULL,496,'000000'),(497,'497',NULL,NULL,497,'000000'),(498,'498',NULL,NULL,498,'000000'),(499,'499',NULL,NULL,499,'000000'),(500,'500',NULL,NULL,500,'000000'),(501,'501',NULL,NULL,501,'000000'),(502,'502',NULL,NULL,502,'000000'),(503,'503',NULL,NULL,503,'000000'),(504,'504',NULL,NULL,504,'000000'),(505,'505',NULL,NULL,505,'000000'),(506,'506',NULL,NULL,506,'000000'),(507,'507',NULL,NULL,507,'000000'),(508,'508',NULL,NULL,508,'000000'),(509,'509',NULL,NULL,509,'000000'),(510,'510',NULL,NULL,510,'000000'),(511,'511',NULL,NULL,511,'000000'),(512,'512',NULL,NULL,512,'000000'),(513,'513',NULL,NULL,513,'000000'),(514,'514',NULL,NULL,514,'000000'),(515,'515',NULL,NULL,515,'000000'),(516,'516',NULL,NULL,516,'000000'),(517,'517',NULL,NULL,517,'000000'),(518,'518',NULL,NULL,518,'000000'),(519,'519',NULL,NULL,519,'000000'),(520,'520',NULL,NULL,520,'000000'),(521,'521',NULL,NULL,521,'000000'),(522,'522',NULL,NULL,522,'000000'),(523,'523',NULL,NULL,523,'000000'),(524,'524',NULL,NULL,524,'000000'),(525,'525',NULL,NULL,525,'000000'),(526,'526',NULL,NULL,526,'000000'),(527,'527',NULL,NULL,527,'000000'),(528,'528',NULL,NULL,528,'000000'),(529,'529',NULL,NULL,529,'000000'),(530,'530',NULL,NULL,530,'000000'),(531,'531',NULL,NULL,531,'000000'),(532,'532',NULL,NULL,532,'000000'),(533,'533',NULL,NULL,533,'000000'),(534,'534',NULL,NULL,534,'000000'),(535,'535',NULL,NULL,535,'000000'),(536,'536',NULL,NULL,536,'000000'),(537,'537',NULL,NULL,537,'000000'),(538,'538',NULL,NULL,538,'000000'),(539,'539',NULL,NULL,539,'000000'),(540,'540',NULL,NULL,540,'000000'),(541,'541',NULL,NULL,541,'000000'),(542,'542',NULL,NULL,542,'000000'),(543,'543',NULL,NULL,543,'000000'),(544,'544',NULL,NULL,544,'000000'),(545,'545',NULL,NULL,545,'000000'),(546,'546',NULL,NULL,546,'000000'),(547,'547',NULL,NULL,547,'000000'),(548,'548',NULL,NULL,548,'000000'),(549,'549',NULL,NULL,549,'000000'),(550,'550',NULL,NULL,550,'000000'),(551,'551',NULL,NULL,551,'000000'),(552,'552',NULL,NULL,552,'000000'),(553,'553',NULL,NULL,553,'000000'),(554,'554',NULL,NULL,554,'000000'),(555,'555',NULL,NULL,555,'000000'),(556,'556',NULL,NULL,556,'000000'),(557,'557',NULL,NULL,557,'000000'),(558,'558',NULL,NULL,558,'000000'),(559,'559',NULL,NULL,559,'000000'),(560,'560',NULL,NULL,560,'000000'),(561,'561',NULL,NULL,561,'000000'),(562,'562',NULL,NULL,562,'000000'),(563,'563',NULL,NULL,563,'000000'),(564,'564',NULL,NULL,564,'000000'),(565,'565',NULL,NULL,565,'000000'),(566,'566',NULL,NULL,566,'000000'),(567,'567',NULL,NULL,567,'000000'),(568,'568',NULL,NULL,568,'000000'),(569,'569',NULL,NULL,569,'000000'),(570,'570',NULL,NULL,570,'000000'),(571,'571',NULL,NULL,571,'000000'),(572,'572',NULL,NULL,572,'000000'),(573,'573',NULL,NULL,573,'000000'),(574,'574',NULL,NULL,574,'000000'),(575,'575',NULL,NULL,575,'000000'),(576,'576',NULL,NULL,576,'000000'),(577,'577',NULL,NULL,577,'000000'),(578,'578',NULL,NULL,578,'000000'),(579,'579',NULL,NULL,579,'000000'),(580,'580',NULL,NULL,580,'000000'),(581,'581',NULL,NULL,581,'000000'),(582,'582',NULL,NULL,582,'000000'),(583,'583',NULL,NULL,583,'000000'),(584,'584',NULL,NULL,584,'000000'),(585,'585',NULL,NULL,585,'000000'),(586,'586',NULL,NULL,586,'000000'),(587,'587',NULL,NULL,587,'000000'),(588,'588',NULL,NULL,588,'000000'),(589,'589',NULL,NULL,589,'000000'),(590,'590',NULL,NULL,590,'000000'),(591,'591',NULL,NULL,591,'000000'),(592,'592',NULL,NULL,592,'000000'),(593,'593',NULL,NULL,593,'000000'),(594,'594',NULL,NULL,594,'000000'),(595,'595',NULL,NULL,595,'000000'),(596,'596',NULL,NULL,596,'000000'),(597,'597',NULL,NULL,597,'000000'),(598,'598',NULL,NULL,598,'000000'),(599,'599',NULL,NULL,599,'000000'),(600,'600',NULL,NULL,600,'000000'),(601,'601',NULL,NULL,601,'000000'),(602,'602',NULL,NULL,602,'000000'),(603,'603',NULL,NULL,603,'000000'),(604,'604',NULL,NULL,604,'000000'),(605,'605',NULL,NULL,605,'000000'),(606,'606',NULL,NULL,606,'000000'),(607,'607',NULL,NULL,607,'000000'),(608,'608',NULL,NULL,608,'000000'),(609,'609',NULL,NULL,609,'000000'),(610,'610',NULL,NULL,610,'000000'),(611,'611',NULL,NULL,611,'000000'),(612,'612',NULL,NULL,612,'000000'),(613,'613',NULL,NULL,613,'000000'),(614,'614',NULL,NULL,614,'000000'),(615,'615',NULL,NULL,615,'000000'),(616,'616',NULL,NULL,616,'000000'),(617,'617',NULL,NULL,617,'000000'),(618,'618',NULL,NULL,618,'000000'),(619,'619',NULL,NULL,619,'000000'),(620,'620',NULL,NULL,620,'000000'),(621,'621',NULL,NULL,621,'000000'),(622,'622',NULL,NULL,622,'000000'),(623,'623',NULL,NULL,623,'000000'),(624,'624',NULL,NULL,624,'000000'),(625,'625',NULL,NULL,625,'000000'),(626,'626',NULL,NULL,626,'000000'),(627,'627',NULL,NULL,627,'000000'),(628,'628',NULL,NULL,628,'000000'),(629,'629',NULL,NULL,629,'000000'),(630,'630',NULL,NULL,630,'000000'),(631,'631',NULL,NULL,631,'000000'),(632,'632',NULL,NULL,632,'000000'),(633,'633',NULL,NULL,633,'000000'),(634,'634',NULL,NULL,634,'000000'),(635,'635',NULL,NULL,635,'000000'),(636,'636',NULL,NULL,636,'000000'),(637,'637',NULL,NULL,637,'000000'),(638,'638',NULL,NULL,638,'000000'),(639,'639',NULL,NULL,639,'000000'),(640,'640',NULL,NULL,640,'000000'),(641,'641',NULL,NULL,641,'000000'),(642,'642',NULL,NULL,642,'000000'),(643,'643',NULL,NULL,643,'000000'),(644,'644',NULL,NULL,644,'000000'),(645,'645',NULL,NULL,645,'000000'),(646,'646',NULL,NULL,646,'000000'),(647,'647',NULL,NULL,647,'000000'),(648,'648',NULL,NULL,648,'000000'),(649,'649',NULL,NULL,649,'000000'),(650,'650',NULL,NULL,650,'000000'),(651,'651',NULL,NULL,651,'000000'),(652,'652',NULL,NULL,652,'000000'),(653,'653',NULL,NULL,653,'000000'),(654,'654',NULL,NULL,654,'000000'),(655,'655',NULL,NULL,655,'000000'),(656,'656',NULL,NULL,656,'000000'),(657,'657',NULL,NULL,657,'000000'),(658,'658',NULL,NULL,658,'000000'),(659,'659',NULL,NULL,659,'000000'),(660,'660',NULL,NULL,660,'000000'),(661,'661',NULL,NULL,661,'000000'),(662,'662',NULL,NULL,662,'000000'),(663,'663',NULL,NULL,663,'000000'),(664,'664',NULL,NULL,664,'000000'),(665,'665',NULL,NULL,665,'000000'),(666,'666',NULL,NULL,666,'000000'),(667,'667',NULL,NULL,667,'000000'),(668,'668',NULL,NULL,668,'000000'),(669,'669',NULL,NULL,669,'000000'),(670,'670',NULL,NULL,670,'000000'),(671,'671',NULL,NULL,671,'000000'),(672,'672',NULL,NULL,672,'000000'),(673,'673',NULL,NULL,673,'000000'),(674,'674',NULL,NULL,674,'000000'),(675,'675',NULL,NULL,675,'000000'),(676,'676',NULL,NULL,676,'000000'),(677,'677',NULL,NULL,677,'000000'),(678,'678',NULL,NULL,678,'000000'),(679,'679',NULL,NULL,679,'000000'),(680,'680',NULL,NULL,680,'000000'),(681,'681',NULL,NULL,681,'000000'),(682,'682',NULL,NULL,682,'000000'),(683,'683',NULL,NULL,683,'000000'),(684,'684',NULL,NULL,684,'000000'),(685,'685',NULL,NULL,685,'000000'),(686,'686',NULL,NULL,686,'000000'),(687,'687',NULL,NULL,687,'000000'),(688,'688',NULL,NULL,688,'000000'),(689,'689',NULL,NULL,689,'000000'),(690,'690',NULL,NULL,690,'000000'),(691,'691',NULL,NULL,691,'000000'),(692,'692',NULL,NULL,692,'000000'),(693,'693',NULL,NULL,693,'000000'),(694,'694',NULL,NULL,694,'000000'),(695,'695',NULL,NULL,695,'000000'),(696,'696',NULL,NULL,696,'000000'),(697,'697',NULL,NULL,697,'000000'),(698,'698',NULL,NULL,698,'000000'),(699,'699',NULL,NULL,699,'000000'),(700,'700',NULL,NULL,700,'000000'),(701,'701',NULL,NULL,701,'000000'),(702,'702',NULL,NULL,702,'000000'),(703,'703',NULL,NULL,703,'000000'),(704,'704',NULL,NULL,704,'000000'),(705,'705',NULL,NULL,705,'000000'),(706,'706',NULL,NULL,706,'000000'),(707,'707',NULL,NULL,707,'000000'),(708,'708',NULL,NULL,708,'000000'),(709,'709',NULL,NULL,709,'000000'),(710,'710',NULL,NULL,710,'000000'),(711,'711',NULL,NULL,711,'000000'),(712,'712',NULL,NULL,712,'000000'),(713,'713',NULL,NULL,713,'000000'),(714,'714',NULL,NULL,714,'000000'),(715,'715',NULL,NULL,715,'000000'),(716,'716',NULL,NULL,716,'000000'),(717,'717',NULL,NULL,717,'000000'),(718,'718',NULL,NULL,718,'000000'),(719,'719',NULL,NULL,719,'000000'),(720,'720',NULL,NULL,720,'000000'),(721,'721',NULL,NULL,721,'000000'),(722,'722',NULL,NULL,722,'000000'),(723,'723',NULL,NULL,723,'000000'),(724,'724',NULL,NULL,724,'000000'),(725,'725',NULL,NULL,725,'000000'),(726,'726',NULL,NULL,726,'000000'),(727,'727',NULL,NULL,727,'000000'),(728,'728',NULL,NULL,728,'000000'),(729,'729',NULL,NULL,729,'000000'),(730,'730',NULL,NULL,730,'000000'),(731,'731',NULL,NULL,731,'000000'),(732,'732',NULL,NULL,732,'000000'),(733,'733',NULL,NULL,733,'000000'),(734,'734',NULL,NULL,734,'000000'),(735,'735',NULL,NULL,735,'000000'),(736,'736',NULL,NULL,736,'000000'),(737,'737',NULL,NULL,737,'000000'),(738,'738',NULL,NULL,738,'000000'),(739,'739',NULL,NULL,739,'000000'),(740,'740',NULL,NULL,740,'000000'),(741,'741',NULL,NULL,741,'000000'),(742,'742',NULL,NULL,742,'000000'),(743,'743',NULL,NULL,743,'000000'),(744,'744',NULL,NULL,744,'000000'),(745,'745',NULL,NULL,745,'000000'),(746,'746',NULL,NULL,746,'000000'),(747,'747',NULL,NULL,747,'000000'),(748,'748',NULL,NULL,748,'000000'),(749,'749',NULL,NULL,749,'000000'),(750,'750',NULL,NULL,750,'000000'),(751,'751',NULL,NULL,751,'000000'),(752,'752',NULL,NULL,752,'000000'),(753,'753',NULL,NULL,753,'000000'),(754,'754',NULL,NULL,754,'000000'),(755,'755',NULL,NULL,755,'000000'),(756,'756',NULL,NULL,756,'000000'),(757,'757',NULL,NULL,757,'000000'),(758,'758',NULL,NULL,758,'000000'),(759,'759',NULL,NULL,759,'000000'),(760,'760',NULL,NULL,760,'000000'),(761,'761',NULL,NULL,761,'000000'),(762,'762',NULL,NULL,762,'000000'),(763,'763',NULL,NULL,763,'000000'),(764,'764',NULL,NULL,764,'000000'),(765,'765',NULL,NULL,765,'000000'),(766,'766',NULL,NULL,766,'000000'),(767,'767',NULL,NULL,767,'000000'),(768,'768',NULL,NULL,768,'000000'),(769,'769',NULL,NULL,769,'000000'),(770,'770',NULL,NULL,770,'000000'),(771,'771',NULL,NULL,771,'000000'),(772,'772',NULL,NULL,772,'000000'),(773,'773',NULL,NULL,773,'000000'),(774,'774',NULL,NULL,774,'000000'),(775,'775',NULL,NULL,775,'000000'),(776,'776',NULL,NULL,776,'000000'),(777,'777',NULL,NULL,777,'000000'),(778,'778',NULL,NULL,778,'000000'),(779,'779',NULL,NULL,779,'000000'),(780,'780',NULL,NULL,780,'000000'),(781,'781',NULL,NULL,781,'000000'),(782,'782',NULL,NULL,782,'000000'),(783,'783',NULL,NULL,783,'000000'),(784,'784',NULL,NULL,784,'000000'),(785,'785',NULL,NULL,785,'000000'),(786,'786',NULL,NULL,786,'000000'),(787,'787',NULL,NULL,787,'000000'),(788,'788',NULL,NULL,788,'000000'),(789,'789',NULL,NULL,789,'000000'),(790,'790',NULL,NULL,790,'000000'),(791,'791',NULL,NULL,791,'000000'),(792,'792',NULL,NULL,792,'000000'),(793,'793',NULL,NULL,793,'000000'),(794,'794',NULL,NULL,794,'000000'),(795,'795',NULL,NULL,795,'000000'),(796,'796',NULL,NULL,796,'000000'),(797,'797',NULL,NULL,797,'000000'),(798,'798',NULL,NULL,798,'000000'),(799,'799',NULL,NULL,799,'000000'),(800,'800',NULL,NULL,800,'000000'),(801,'801',NULL,NULL,801,'000000'),(802,'802',NULL,NULL,802,'000000'),(803,'803',NULL,NULL,803,'000000'),(804,'804',NULL,NULL,804,'000000'),(805,'805',NULL,NULL,805,'000000'),(806,'806',NULL,NULL,806,'000000'),(807,'807',NULL,NULL,807,'000000'),(808,'808',NULL,NULL,808,'000000'),(809,'809',NULL,NULL,809,'000000'),(810,'810',NULL,NULL,810,'000000'),(811,'811',NULL,NULL,811,'000000'),(812,'812',NULL,NULL,812,'000000'),(813,'813',NULL,NULL,813,'000000'),(814,'814',NULL,NULL,814,'000000'),(815,'815',NULL,NULL,815,'000000'),(816,'816',NULL,NULL,816,'000000'),(817,'817',NULL,NULL,817,'000000'),(818,'818',NULL,NULL,818,'000000'),(819,'819',NULL,NULL,819,'000000'),(820,'820',NULL,NULL,820,'000000'),(821,'821',NULL,NULL,821,'000000'),(822,'822',NULL,NULL,822,'000000'),(823,'823',NULL,NULL,823,'000000'),(824,'824',NULL,NULL,824,'000000'),(825,'825',NULL,NULL,825,'000000'),(826,'826',NULL,NULL,826,'000000'),(827,'827',NULL,NULL,827,'000000'),(828,'828',NULL,NULL,828,'000000'),(829,'829',NULL,NULL,829,'000000'),(830,'830',NULL,NULL,830,'000000'),(831,'831',NULL,NULL,831,'000000'),(832,'832',NULL,NULL,832,'000000'),(833,'833',NULL,NULL,833,'000000'),(834,'834',NULL,NULL,834,'000000'),(835,'835',NULL,NULL,835,'000000'),(836,'836',NULL,NULL,836,'000000'),(837,'837',NULL,NULL,837,'000000'),(838,'838',NULL,NULL,838,'000000'),(839,'839',NULL,NULL,839,'000000'),(840,'840',NULL,NULL,840,'000000'),(841,'841',NULL,NULL,841,'000000'),(842,'842',NULL,NULL,842,'000000'),(843,'843',NULL,NULL,843,'000000'),(844,'844',NULL,NULL,844,'000000'),(845,'845',NULL,NULL,845,'000000'),(846,'846',NULL,NULL,846,'000000'),(847,'847',NULL,NULL,847,'000000'),(848,'848',NULL,NULL,848,'000000'),(849,'849',NULL,NULL,849,'000000'),(850,'850',NULL,NULL,850,'000000'),(851,'851',NULL,NULL,851,'000000'),(852,'852',NULL,NULL,852,'000000'),(853,'853',NULL,NULL,853,'000000'),(854,'854',NULL,NULL,854,'000000'),(855,'855',NULL,NULL,855,'000000'),(856,'856',NULL,NULL,856,'000000'),(857,'857',NULL,NULL,857,'000000'),(858,'858',NULL,NULL,858,'000000'),(859,'859',NULL,NULL,859,'000000'),(860,'860',NULL,NULL,860,'000000'),(861,'861',NULL,NULL,861,'000000'),(862,'862',NULL,NULL,862,'000000'),(863,'863',NULL,NULL,863,'000000'),(864,'864',NULL,NULL,864,'000000'),(865,'865',NULL,NULL,865,'000000'),(866,'866',NULL,NULL,866,'000000'),(867,'867',NULL,NULL,867,'000000'),(868,'868',NULL,NULL,868,'000000'),(869,'869',NULL,NULL,869,'000000'),(870,'870',NULL,NULL,870,'000000'),(871,'871',NULL,NULL,871,'000000'),(872,'872',NULL,NULL,872,'000000'),(873,'873',NULL,NULL,873,'000000'),(874,'874',NULL,NULL,874,'000000'),(875,'875',NULL,NULL,875,'000000'),(876,'876',NULL,NULL,876,'000000'),(877,'877',NULL,NULL,877,'000000'),(878,'878',NULL,NULL,878,'000000'),(879,'879',NULL,NULL,879,'000000'),(880,'880',NULL,NULL,880,'000000'),(881,'881',NULL,NULL,881,'000000'),(882,'882',NULL,NULL,882,'000000'),(883,'883',NULL,NULL,883,'000000'),(884,'884',NULL,NULL,884,'000000'),(885,'885',NULL,NULL,885,'000000'),(886,'886',NULL,NULL,886,'000000'),(887,'887',NULL,NULL,887,'000000'),(888,'888',NULL,NULL,888,'000000'),(889,'889',NULL,NULL,889,'000000'),(890,'890',NULL,NULL,890,'000000'),(891,'891',NULL,NULL,891,'000000'),(892,'892',NULL,NULL,892,'000000'),(893,'893',NULL,NULL,893,'000000'),(894,'894',NULL,NULL,894,'000000'),(895,'895',NULL,NULL,895,'000000'),(896,'896',NULL,NULL,896,'000000'),(897,'897',NULL,NULL,897,'000000'),(898,'898',NULL,NULL,898,'000000'),(899,'899',NULL,NULL,899,'000000'),(900,'900',NULL,NULL,900,'000000'),(901,'901',NULL,NULL,901,'000000'),(902,'902',NULL,NULL,902,'000000'),(903,'903',NULL,NULL,903,'000000'),(904,'904',NULL,NULL,904,'000000'),(905,'905',NULL,NULL,905,'000000'),(906,'906',NULL,NULL,906,'000000'),(907,'907',NULL,NULL,907,'000000'),(908,'908',NULL,NULL,908,'000000'),(909,'909',NULL,NULL,909,'000000'),(910,'910',NULL,NULL,910,'000000'),(911,'911',NULL,NULL,911,'000000'),(912,'912',NULL,NULL,912,'000000'),(913,'913',NULL,NULL,913,'000000'),(914,'914',NULL,NULL,914,'000000'),(915,'915',NULL,NULL,915,'000000'),(916,'916',NULL,NULL,916,'000000'),(917,'917',NULL,NULL,917,'000000'),(918,'918',NULL,NULL,918,'000000'),(919,'919',NULL,NULL,919,'000000'),(920,'920',NULL,NULL,920,'000000'),(921,'921',NULL,NULL,921,'000000'),(922,'922',NULL,NULL,922,'000000'),(923,'923',NULL,NULL,923,'000000'),(924,'924',NULL,NULL,924,'000000'),(925,'925',NULL,NULL,925,'000000'),(926,'926',NULL,NULL,926,'000000'),(927,'927',NULL,NULL,927,'000000'),(928,'928',NULL,NULL,928,'000000'),(929,'929',NULL,NULL,929,'000000'),(930,'930',NULL,NULL,930,'000000'),(931,'931',NULL,NULL,931,'000000'),(932,'932',NULL,NULL,932,'000000'),(933,'933',NULL,NULL,933,'000000'),(934,'934',NULL,NULL,934,'000000'),(935,'935',NULL,NULL,935,'000000'),(936,'936',NULL,NULL,936,'000000'),(937,'937',NULL,NULL,937,'000000'),(938,'938',NULL,NULL,938,'000000'),(939,'939',NULL,NULL,939,'000000'),(940,'940',NULL,NULL,940,'000000'),(941,'941',NULL,NULL,941,'000000'),(942,'942',NULL,NULL,942,'000000'),(943,'943',NULL,NULL,943,'000000'),(944,'944',NULL,NULL,944,'000000'),(945,'945',NULL,NULL,945,'000000'),(946,'946',NULL,NULL,946,'000000'),(947,'947',NULL,NULL,947,'000000'),(948,'948',NULL,NULL,948,'000000'),(949,'949',NULL,NULL,949,'000000'),(950,'950',NULL,NULL,950,'000000'),(951,'951',NULL,NULL,951,'000000'),(952,'952',NULL,NULL,952,'000000'),(953,'953',NULL,NULL,953,'000000'),(954,'954',NULL,NULL,954,'000000'),(955,'955',NULL,NULL,955,'000000'),(956,'956',NULL,NULL,956,'000000'),(957,'957',NULL,NULL,957,'000000'),(958,'958',NULL,NULL,958,'000000'),(959,'959',NULL,NULL,959,'000000'),(960,'960',NULL,NULL,960,'000000'),(961,'961',NULL,NULL,961,'000000'),(962,'962',NULL,NULL,962,'000000'),(963,'963',NULL,NULL,963,'000000'),(964,'964',NULL,NULL,964,'000000'),(965,'965',NULL,NULL,965,'000000'),(966,'966',NULL,NULL,966,'000000'),(967,'967',NULL,NULL,967,'000000'),(968,'968',NULL,NULL,968,'000000'),(969,'969',NULL,NULL,969,'000000'),(970,'970',NULL,NULL,970,'000000'),(971,'971',NULL,NULL,971,'000000'),(972,'972',NULL,NULL,972,'000000'),(973,'973',NULL,NULL,973,'000000'),(974,'974',NULL,NULL,974,'000000'),(975,'975',NULL,NULL,975,'000000'),(976,'976',NULL,NULL,976,'000000'),(977,'977',NULL,NULL,977,'000000'),(978,'978',NULL,NULL,978,'000000'),(979,'979',NULL,NULL,979,'000000'),(980,'980',NULL,NULL,980,'000000'),(981,'981',NULL,NULL,981,'000000'),(982,'982',NULL,NULL,982,'000000'),(983,'983',NULL,NULL,983,'000000'),(984,'984',NULL,NULL,984,'000000'),(985,'985',NULL,NULL,985,'000000'),(986,'986',NULL,NULL,986,'000000'),(987,'987',NULL,NULL,987,'000000'),(988,'988',NULL,NULL,988,'000000'),(989,'989',NULL,NULL,989,'000000'),(990,'990',NULL,NULL,990,'000000'),(991,'991',NULL,NULL,991,'000000'),(992,'992',NULL,NULL,992,'000000'),(993,'993',NULL,NULL,993,'000000'),(994,'994',NULL,NULL,994,'000000'),(995,'995',NULL,NULL,995,'000000'),(996,'996',NULL,NULL,996,'000000'),(997,'997',NULL,NULL,997,'000000'),(998,'998',NULL,NULL,998,'000000'),(999,'999',NULL,NULL,999,'000000'),(1000,'1000',NULL,NULL,1000,'000000');

/*Table structure for table `user_store_attention_like` */

DROP TABLE IF EXISTS `user_store_attention_like`;

CREATE TABLE `user_store_attention_like` (
  `store_attention_id` int NOT NULL AUTO_INCREMENT COMMENT '店铺关注ID',
  `user_id` int DEFAULT NULL COMMENT '用户ID',
  `store_id` int DEFAULT NULL COMMENT '店铺ID',
  PRIMARY KEY (`store_attention_id`)
) ENGINE=InnoDB AUTO_INCREMENT=9 DEFAULT CHARSET=utf8mb3;

/*Data for the table `user_store_attention_like` */

insert  into `user_store_attention_like`(`store_attention_id`,`user_id`,`store_id`) values (7,1,1),(8,1,2);

/*Table structure for table `user_stroll_collect` */

DROP TABLE IF EXISTS `user_stroll_collect`;

CREATE TABLE `user_stroll_collect` (
  `user_stroll_collect_id` int NOT NULL AUTO_INCREMENT COMMENT '逛逛收藏表ID',
  `user_id` int DEFAULT NULL COMMENT '用户ID',
  `stroll_index_id` int DEFAULT NULL COMMENT '逛逛动态ID',
  PRIMARY KEY (`user_stroll_collect_id`)
) ENGINE=InnoDB AUTO_INCREMENT=8 DEFAULT CHARSET=utf8mb3;

/*Data for the table `user_stroll_collect` */

insert  into `user_stroll_collect`(`user_stroll_collect_id`,`user_id`,`stroll_index_id`) values (6,1,1),(7,1,5);

/*Table structure for table `user_stroll_comment_like` */

DROP TABLE IF EXISTS `user_stroll_comment_like`;

CREATE TABLE `user_stroll_comment_like` (
  `user_stroll_comment_like_id` int NOT NULL AUTO_INCREMENT COMMENT '逛逛评论回复表点赞ID',
  `change_id` int DEFAULT NULL COMMENT '评论或者回复ID',
  `user_id` int DEFAULT NULL COMMENT '用户ID',
  `type` int DEFAULT NULL COMMENT '0=评论   1=回复',
  PRIMARY KEY (`user_stroll_comment_like_id`)
) ENGINE=InnoDB AUTO_INCREMENT=24 DEFAULT CHARSET=utf8mb3;

/*Data for the table `user_stroll_comment_like` */

insert  into `user_stroll_comment_like`(`user_stroll_comment_like_id`,`change_id`,`user_id`,`type`) values (21,3,1,0),(22,1,1,0),(23,2,1,0);

/*Table structure for table `user_stroll_like` */

DROP TABLE IF EXISTS `user_stroll_like`;

CREATE TABLE `user_stroll_like` (
  `user_stroll_like_id` int NOT NULL AUTO_INCREMENT COMMENT '逛逛点赞表ID',
  `user_id` int DEFAULT NULL COMMENT '用户ID',
  `stroll_index_id` int DEFAULT NULL COMMENT '逛逛动态ID',
  PRIMARY KEY (`user_stroll_like_id`)
) ENGINE=InnoDB AUTO_INCREMENT=10 DEFAULT CHARSET=utf8mb3;

/*Data for the table `user_stroll_like` */

insert  into `user_stroll_like`(`user_stroll_like_id`,`user_id`,`stroll_index_id`) values (7,1,1),(8,1,5),(9,1,6);

/*Table structure for table `vip` */

DROP TABLE IF EXISTS `vip`;

CREATE TABLE `vip` (
  `vip_id` int NOT NULL AUTO_INCREMENT COMMENT 'VIP表ID',
  `user_id` int DEFAULT NULL COMMENT '用户ID',
  `vip_send_time` date DEFAULT NULL COMMENT '开通时间',
  `vip_end_time` date DEFAULT NULL COMMENT '结束时间',
  PRIMARY KEY (`vip_id`)
) ENGINE=InnoDB AUTO_INCREMENT=1957 DEFAULT CHARSET=utf8mb4 COLLATE=utf8mb4_general_ci;

/*Data for the table `vip` */

insert  into `vip`(`vip_id`,`user_id`,`vip_send_time`,`vip_end_time`) values (1468,1,'2023-01-01','2024-01-01'),(1469,2,'2023-01-01','2024-01-01'),(1470,4,'2023-01-01','2024-01-01'),(1471,8,'2023-01-01','2024-01-01'),(1472,13,'2023-01-01','2024-01-01'),(1473,14,'2023-01-01','2024-01-01'),(1474,15,'2023-01-01','2024-01-01'),(1475,16,'2023-01-01','2024-01-01'),(1476,17,'2023-01-01','2024-01-01'),(1477,20,'2023-01-01','2024-01-01'),(1478,22,'2023-01-01','2024-01-01'),(1479,26,'2023-01-01','2024-01-01'),(1480,27,'2023-01-01','2024-01-01'),(1481,28,'2023-01-01','2024-01-01'),(1482,29,'2023-01-01','2024-01-01'),(1483,31,'2023-01-01','2024-01-01'),(1484,32,'2023-01-01','2024-01-01'),(1485,33,'2023-01-01','2024-01-01'),(1486,35,'2023-01-01','2024-01-01'),(1487,36,'2023-01-01','2024-01-01'),(1488,37,'2023-01-01','2024-01-01'),(1489,38,'2023-01-01','2024-01-01'),(1490,40,'2023-01-01','2024-01-01'),(1491,41,'2023-01-01','2024-01-01'),(1492,45,'2023-01-01','2024-01-01'),(1493,48,'2023-01-01','2024-01-01'),(1494,52,'2023-01-01','2024-01-01'),(1495,56,'2023-01-01','2024-01-01'),(1496,57,'2023-01-01','2024-01-01'),(1497,59,'2023-01-01','2024-01-01'),(1498,60,'2023-01-01','2024-01-01'),(1499,62,'2023-01-01','2024-01-01'),(1500,64,'2023-01-01','2024-01-01'),(1501,66,'2023-01-01','2024-01-01'),(1502,67,'2023-01-01','2024-01-01'),(1503,68,'2023-01-01','2024-01-01'),(1504,76,'2023-01-01','2024-01-01'),(1505,82,'2023-01-01','2024-01-01'),(1506,86,'2023-01-01','2024-01-01'),(1507,88,'2023-01-01','2024-01-01'),(1508,92,'2023-01-01','2024-01-01'),(1509,93,'2023-01-01','2024-01-01'),(1510,96,'2023-01-01','2024-01-01'),(1511,98,'2023-01-01','2024-01-01'),(1512,99,'2023-01-01','2024-01-01'),(1513,104,'2023-01-01','2024-01-01'),(1514,105,'2023-01-01','2024-01-01'),(1515,107,'2023-01-01','2024-01-01'),(1516,109,'2023-01-01','2024-01-01'),(1517,110,'2023-01-01','2024-01-01'),(1518,111,'2023-01-01','2024-01-01'),(1519,112,'2023-01-01','2024-01-01'),(1520,114,'2023-01-01','2024-01-01'),(1521,118,'2023-01-01','2024-01-01'),(1522,119,'2023-01-01','2024-01-01'),(1523,120,'2023-01-01','2024-01-01'),(1524,121,'2023-01-01','2024-01-01'),(1525,122,'2023-01-01','2024-01-01'),(1526,125,'2023-01-01','2024-01-01'),(1527,130,'2023-01-01','2024-01-01'),(1528,131,'2023-01-01','2024-01-01'),(1529,134,'2023-01-01','2024-01-01'),(1530,136,'2023-01-01','2024-01-01'),(1531,138,'2023-01-01','2024-01-01'),(1532,141,'2023-01-01','2024-01-01'),(1533,142,'2023-01-01','2024-01-01'),(1534,144,'2023-01-01','2024-01-01'),(1535,146,'2023-01-01','2024-01-01'),(1536,150,'2023-01-01','2024-01-01'),(1537,151,'2023-01-01','2024-01-01'),(1538,153,'2023-01-01','2024-01-01'),(1539,156,'2023-01-01','2024-01-01'),(1540,160,'2023-01-01','2024-01-01'),(1541,161,'2023-01-01','2024-01-01'),(1542,162,'2023-01-01','2024-01-01'),(1543,163,'2023-01-01','2024-01-01'),(1544,165,'2023-01-01','2024-01-01'),(1545,169,'2023-01-01','2024-01-01'),(1546,170,'2023-01-01','2024-01-01'),(1547,172,'2023-01-01','2024-01-01'),(1548,173,'2023-01-01','2024-01-01'),(1549,174,'2023-01-01','2024-01-01'),(1550,175,'2023-01-01','2024-01-01'),(1551,177,'2023-01-01','2024-01-01'),(1552,179,'2023-01-01','2024-01-01'),(1553,180,'2023-01-01','2024-01-01'),(1554,181,'2023-01-01','2024-01-01'),(1555,184,'2023-01-01','2024-01-01'),(1556,186,'2023-01-01','2024-01-01'),(1557,187,'2023-01-01','2024-01-01'),(1558,189,'2023-01-01','2024-01-01'),(1559,191,'2023-01-01','2024-01-01'),(1560,194,'2023-01-01','2024-01-01'),(1561,197,'2023-01-01','2024-01-01'),(1562,199,'2023-01-01','2024-01-01'),(1563,200,'2023-01-01','2024-01-01'),(1564,203,'2023-01-01','2024-01-01'),(1565,204,'2023-01-01','2024-01-01'),(1566,207,'2023-01-01','2024-01-01'),(1567,208,'2023-01-01','2024-01-01'),(1568,209,'2023-01-01','2024-01-01'),(1569,214,'2023-01-01','2024-01-01'),(1570,219,'2023-01-01','2024-01-01'),(1571,220,'2023-01-01','2024-01-01'),(1572,223,'2023-01-01','2024-01-01'),(1573,224,'2023-01-01','2024-01-01'),(1574,225,'2023-01-01','2024-01-01'),(1575,228,'2023-01-01','2024-01-01'),(1576,229,'2023-01-01','2024-01-01'),(1577,232,'2023-01-01','2024-01-01'),(1578,233,'2023-01-01','2024-01-01'),(1579,234,'2023-01-01','2024-01-01'),(1580,236,'2023-01-01','2024-01-01'),(1581,237,'2023-01-01','2024-01-01'),(1582,239,'2023-01-01','2024-01-01'),(1583,241,'2023-01-01','2024-01-01'),(1584,242,'2023-01-01','2024-01-01'),(1585,243,'2023-01-01','2024-01-01'),(1586,244,'2023-01-01','2024-01-01'),(1587,245,'2023-01-01','2024-01-01'),(1588,246,'2023-01-01','2024-01-01'),(1589,249,'2023-01-01','2024-01-01'),(1590,251,'2023-01-01','2024-01-01'),(1591,254,'2023-01-01','2024-01-01'),(1592,256,'2023-01-01','2024-01-01'),(1593,260,'2023-01-01','2024-01-01'),(1594,261,'2023-01-01','2024-01-01'),(1595,262,'2023-01-01','2024-01-01'),(1596,263,'2023-01-01','2024-01-01'),(1597,264,'2023-01-01','2024-01-01'),(1598,266,'2023-01-01','2024-01-01'),(1599,267,'2023-01-01','2024-01-01'),(1600,268,'2023-01-01','2024-01-01'),(1601,270,'2023-01-01','2024-01-01'),(1602,271,'2023-01-01','2024-01-01'),(1603,272,'2023-01-01','2024-01-01'),(1604,274,'2023-01-01','2024-01-01'),(1605,277,'2023-01-01','2024-01-01'),(1606,282,'2023-01-01','2024-01-01'),(1607,284,'2023-01-01','2024-01-01'),(1608,289,'2023-01-01','2024-01-01'),(1609,290,'2023-01-01','2024-01-01'),(1610,291,'2023-01-01','2024-01-01'),(1611,294,'2023-01-01','2024-01-01'),(1612,295,'2023-01-01','2024-01-01'),(1613,296,'2023-01-01','2024-01-01'),(1614,299,'2023-01-01','2024-01-01'),(1615,300,'2023-01-01','2024-01-01'),(1616,304,'2023-01-01','2024-01-01'),(1617,306,'2023-01-01','2024-01-01'),(1618,309,'2023-01-01','2024-01-01'),(1619,311,'2023-01-01','2024-01-01'),(1620,316,'2023-01-01','2024-01-01'),(1621,319,'2023-01-01','2024-01-01'),(1622,320,'2023-01-01','2024-01-01'),(1623,321,'2023-01-01','2024-01-01'),(1624,322,'2023-01-01','2024-01-01'),(1625,323,'2023-01-01','2024-01-01'),(1626,325,'2023-01-01','2024-01-01'),(1627,326,'2023-01-01','2024-01-01'),(1628,327,'2023-01-01','2024-01-01'),(1629,328,'2023-01-01','2024-01-01'),(1630,329,'2023-01-01','2024-01-01'),(1631,330,'2023-01-01','2024-01-01'),(1632,334,'2023-01-01','2024-01-01'),(1633,335,'2023-01-01','2024-01-01'),(1634,338,'2023-01-01','2024-01-01'),(1635,340,'2023-01-01','2024-01-01'),(1636,343,'2023-01-01','2024-01-01'),(1637,344,'2023-01-01','2024-01-01'),(1638,347,'2023-01-01','2024-01-01'),(1639,349,'2023-01-01','2024-01-01'),(1640,350,'2023-01-01','2024-01-01'),(1641,354,'2023-01-01','2024-01-01'),(1642,355,'2023-01-01','2024-01-01'),(1643,357,'2023-01-01','2024-01-01'),(1644,358,'2023-01-01','2024-01-01'),(1645,360,'2023-01-01','2024-01-01'),(1646,362,'2023-01-01','2024-01-01'),(1647,363,'2023-01-01','2024-01-01'),(1648,364,'2023-01-01','2024-01-01'),(1649,366,'2023-01-01','2024-01-01'),(1650,367,'2023-01-01','2024-01-01'),(1651,370,'2023-01-01','2024-01-01'),(1652,374,'2023-01-01','2024-01-01'),(1653,375,'2023-01-01','2024-01-01'),(1654,376,'2023-01-01','2024-01-01'),(1655,378,'2023-01-01','2024-01-01'),(1656,381,'2023-01-01','2024-01-01'),(1657,382,'2023-01-01','2024-01-01'),(1658,383,'2023-01-01','2024-01-01'),(1659,384,'2023-01-01','2024-01-01'),(1660,385,'2023-01-01','2024-01-01'),(1661,387,'2023-01-01','2024-01-01'),(1662,388,'2023-01-01','2024-01-01'),(1663,389,'2023-01-01','2024-01-01'),(1664,391,'2023-01-01','2024-01-01'),(1665,395,'2023-01-01','2024-01-01'),(1666,397,'2023-01-01','2024-01-01'),(1667,398,'2023-01-01','2024-01-01'),(1668,399,'2023-01-01','2024-01-01'),(1669,400,'2023-01-01','2024-01-01'),(1670,402,'2023-01-01','2024-01-01'),(1671,404,'2023-01-01','2024-01-01'),(1672,405,'2023-01-01','2024-01-01'),(1673,408,'2023-01-01','2024-01-01'),(1674,409,'2023-01-01','2024-01-01'),(1675,410,'2023-01-01','2024-01-01'),(1676,411,'2023-01-01','2024-01-01'),(1677,412,'2023-01-01','2024-01-01'),(1678,413,'2023-01-01','2024-01-01'),(1679,414,'2023-01-01','2024-01-01'),(1680,415,'2023-01-01','2024-01-01'),(1681,417,'2023-01-01','2024-01-01'),(1682,422,'2023-01-01','2024-01-01'),(1683,423,'2023-01-01','2024-01-01'),(1684,424,'2023-01-01','2024-01-01'),(1685,425,'2023-01-01','2024-01-01'),(1686,426,'2023-01-01','2024-01-01'),(1687,429,'2023-01-01','2024-01-01'),(1688,432,'2023-01-01','2024-01-01'),(1689,433,'2023-01-01','2024-01-01'),(1690,436,'2023-01-01','2024-01-01'),(1691,440,'2023-01-01','2024-01-01'),(1692,441,'2023-01-01','2024-01-01'),(1693,442,'2023-01-01','2024-01-01'),(1694,444,'2023-01-01','2024-01-01'),(1695,453,'2023-01-01','2024-01-01'),(1696,454,'2023-01-01','2024-01-01'),(1697,455,'2023-01-01','2024-01-01'),(1698,456,'2023-01-01','2024-01-01'),(1699,457,'2023-01-01','2024-01-01'),(1700,458,'2023-01-01','2024-01-01'),(1701,460,'2023-01-01','2024-01-01'),(1702,461,'2023-01-01','2024-01-01'),(1703,462,'2023-01-01','2024-01-01'),(1704,463,'2023-01-01','2024-01-01'),(1705,464,'2023-01-01','2024-01-01'),(1706,467,'2023-01-01','2024-01-01'),(1707,471,'2023-01-01','2024-01-01'),(1708,474,'2023-01-01','2024-01-01'),(1709,477,'2023-01-01','2024-01-01'),(1710,478,'2023-01-01','2024-01-01'),(1711,481,'2023-01-01','2024-01-01'),(1712,483,'2023-01-01','2024-01-01'),(1713,484,'2023-01-01','2024-01-01'),(1714,485,'2023-01-01','2024-01-01'),(1715,488,'2023-01-01','2024-01-01'),(1716,489,'2023-01-01','2024-01-01'),(1717,490,'2023-01-01','2024-01-01'),(1718,492,'2023-01-01','2024-01-01'),(1719,495,'2023-01-01','2024-01-01'),(1720,496,'2023-01-01','2024-01-01'),(1721,497,'2023-01-01','2024-01-01'),(1722,500,'2023-01-01','2024-01-01'),(1723,501,'2023-01-01','2024-01-01'),(1724,502,'2023-01-01','2024-01-01'),(1725,503,'2023-01-01','2024-01-01'),(1726,504,'2023-01-01','2024-01-01'),(1727,505,'2023-01-01','2024-01-01'),(1728,512,'2023-01-01','2024-01-01'),(1729,514,'2023-01-01','2024-01-01'),(1730,516,'2023-01-01','2024-01-01'),(1731,517,'2023-01-01','2024-01-01'),(1732,518,'2023-01-01','2024-01-01'),(1733,521,'2023-01-01','2024-01-01'),(1734,522,'2023-01-01','2024-01-01'),(1735,523,'2023-01-01','2024-01-01'),(1736,529,'2023-01-01','2024-01-01'),(1737,532,'2023-01-01','2024-01-01'),(1738,533,'2023-01-01','2024-01-01'),(1739,535,'2023-01-01','2024-01-01'),(1740,538,'2023-01-01','2024-01-01'),(1741,539,'2023-01-01','2024-01-01'),(1742,541,'2023-01-01','2024-01-01'),(1743,548,'2023-01-01','2024-01-01'),(1744,550,'2023-01-01','2024-01-01'),(1745,551,'2023-01-01','2024-01-01'),(1746,552,'2023-01-01','2024-01-01'),(1747,553,'2023-01-01','2024-01-01'),(1748,554,'2023-01-01','2024-01-01'),(1749,555,'2023-01-01','2024-01-01'),(1750,556,'2023-01-01','2024-01-01'),(1751,558,'2023-01-01','2024-01-01'),(1752,559,'2023-01-01','2024-01-01'),(1753,560,'2023-01-01','2024-01-01'),(1754,561,'2023-01-01','2024-01-01'),(1755,562,'2023-01-01','2024-01-01'),(1756,564,'2023-01-01','2024-01-01'),(1757,565,'2023-01-01','2024-01-01'),(1758,567,'2023-01-01','2024-01-01'),(1759,572,'2023-01-01','2024-01-01'),(1760,574,'2023-01-01','2024-01-01'),(1761,575,'2023-01-01','2024-01-01'),(1762,576,'2023-01-01','2024-01-01'),(1763,577,'2023-01-01','2024-01-01'),(1764,583,'2023-01-01','2024-01-01'),(1765,588,'2023-01-01','2024-01-01'),(1766,589,'2023-01-01','2024-01-01'),(1767,592,'2023-01-01','2024-01-01'),(1768,594,'2023-01-01','2024-01-01'),(1769,595,'2023-01-01','2024-01-01'),(1770,598,'2023-01-01','2024-01-01'),(1771,599,'2023-01-01','2024-01-01'),(1772,600,'2023-01-01','2024-01-01'),(1773,603,'2023-01-01','2024-01-01'),(1774,604,'2023-01-01','2024-01-01'),(1775,606,'2023-01-01','2024-01-01'),(1776,610,'2023-01-01','2024-01-01'),(1777,612,'2023-01-01','2024-01-01'),(1778,614,'2023-01-01','2024-01-01'),(1779,616,'2023-01-01','2024-01-01'),(1780,617,'2023-01-01','2024-01-01'),(1781,620,'2023-01-01','2024-01-01'),(1782,621,'2023-01-01','2024-01-01'),(1783,625,'2023-01-01','2024-01-01'),(1784,627,'2023-01-01','2024-01-01'),(1785,628,'2023-01-01','2024-01-01'),(1786,629,'2023-01-01','2024-01-01'),(1787,630,'2023-01-01','2024-01-01'),(1788,634,'2023-01-01','2024-01-01'),(1789,636,'2023-01-01','2024-01-01'),(1790,637,'2023-01-01','2024-01-01'),(1791,640,'2023-01-01','2024-01-01'),(1792,642,'2023-01-01','2024-01-01'),(1793,643,'2023-01-01','2024-01-01'),(1794,646,'2023-01-01','2024-01-01'),(1795,650,'2023-01-01','2024-01-01'),(1796,651,'2023-01-01','2024-01-01'),(1797,654,'2023-01-01','2024-01-01'),(1798,657,'2023-01-01','2024-01-01'),(1799,658,'2023-01-01','2024-01-01'),(1800,659,'2023-01-01','2024-01-01'),(1801,662,'2023-01-01','2024-01-01'),(1802,663,'2023-01-01','2024-01-01'),(1803,665,'2023-01-01','2024-01-01'),(1804,667,'2023-01-01','2024-01-01'),(1805,670,'2023-01-01','2024-01-01'),(1806,672,'2023-01-01','2024-01-01'),(1807,674,'2023-01-01','2024-01-01'),(1808,675,'2023-01-01','2024-01-01'),(1809,678,'2023-01-01','2024-01-01'),(1810,679,'2023-01-01','2024-01-01'),(1811,681,'2023-01-01','2024-01-01'),(1812,684,'2023-01-01','2024-01-01'),(1813,685,'2023-01-01','2024-01-01'),(1814,686,'2023-01-01','2024-01-01'),(1815,688,'2023-01-01','2024-01-01'),(1816,691,'2023-01-01','2024-01-01'),(1817,699,'2023-01-01','2024-01-01'),(1818,701,'2023-01-01','2024-01-01'),(1819,702,'2023-01-01','2024-01-01'),(1820,705,'2023-01-01','2024-01-01'),(1821,706,'2023-01-01','2024-01-01'),(1822,708,'2023-01-01','2024-01-01'),(1823,709,'2023-01-01','2024-01-01'),(1824,711,'2023-01-01','2024-01-01'),(1825,717,'2023-01-01','2024-01-01'),(1826,718,'2023-01-01','2024-01-01'),(1827,719,'2023-01-01','2024-01-01'),(1828,721,'2023-01-01','2024-01-01'),(1829,723,'2023-01-01','2024-01-01'),(1830,727,'2023-01-01','2024-01-01'),(1831,728,'2023-01-01','2024-01-01'),(1832,729,'2023-01-01','2024-01-01'),(1833,731,'2023-01-01','2024-01-01'),(1834,732,'2023-01-01','2024-01-01'),(1835,735,'2023-01-01','2024-01-01'),(1836,736,'2023-01-01','2024-01-01'),(1837,737,'2023-01-01','2024-01-01'),(1838,738,'2023-01-01','2024-01-01'),(1839,739,'2023-01-01','2024-01-01'),(1840,743,'2023-01-01','2024-01-01'),(1841,744,'2023-01-01','2024-01-01'),(1842,745,'2023-01-01','2024-01-01'),(1843,746,'2023-01-01','2024-01-01'),(1844,747,'2023-01-01','2024-01-01'),(1845,748,'2023-01-01','2024-01-01'),(1846,750,'2023-01-01','2024-01-01'),(1847,752,'2023-01-01','2024-01-01'),(1848,754,'2023-01-01','2024-01-01'),(1849,755,'2023-01-01','2024-01-01'),(1850,762,'2023-01-01','2024-01-01'),(1851,763,'2023-01-01','2024-01-01'),(1852,768,'2023-01-01','2024-01-01'),(1853,773,'2023-01-01','2024-01-01'),(1854,777,'2023-01-01','2024-01-01'),(1855,779,'2023-01-01','2024-01-01'),(1856,780,'2023-01-01','2024-01-01'),(1857,781,'2023-01-01','2024-01-01'),(1858,784,'2023-01-01','2024-01-01'),(1859,789,'2023-01-01','2024-01-01'),(1860,790,'2023-01-01','2024-01-01'),(1861,791,'2023-01-01','2024-01-01'),(1862,792,'2023-01-01','2024-01-01'),(1863,793,'2023-01-01','2024-01-01'),(1864,799,'2023-01-01','2024-01-01'),(1865,802,'2023-01-01','2024-01-01'),(1866,803,'2023-01-01','2024-01-01'),(1867,806,'2023-01-01','2024-01-01'),(1868,807,'2023-01-01','2024-01-01'),(1869,808,'2023-01-01','2024-01-01'),(1870,810,'2023-01-01','2024-01-01'),(1871,812,'2023-01-01','2024-01-01'),(1872,813,'2023-01-01','2024-01-01'),(1873,817,'2023-01-01','2024-01-01'),(1874,818,'2023-01-01','2024-01-01'),(1875,819,'2023-01-01','2024-01-01'),(1876,822,'2023-01-01','2024-01-01'),(1877,827,'2023-01-01','2024-01-01'),(1878,828,'2023-01-01','2024-01-01'),(1879,830,'2023-01-01','2024-01-01'),(1880,833,'2023-01-01','2024-01-01'),(1881,838,'2023-01-01','2024-01-01'),(1882,849,'2023-01-01','2024-01-01'),(1883,851,'2023-01-01','2024-01-01'),(1884,852,'2023-01-01','2024-01-01'),(1885,853,'2023-01-01','2024-01-01'),(1886,855,'2023-01-01','2024-01-01'),(1887,856,'2023-01-01','2024-01-01'),(1888,857,'2023-01-01','2024-01-01'),(1889,858,'2023-01-01','2024-01-01'),(1890,860,'2023-01-01','2024-01-01'),(1891,861,'2023-01-01','2024-01-01'),(1892,863,'2023-01-01','2024-01-01'),(1893,864,'2023-01-01','2024-01-01'),(1894,866,'2023-01-01','2024-01-01'),(1895,867,'2023-01-01','2024-01-01'),(1896,868,'2023-01-01','2024-01-01'),(1897,869,'2023-01-01','2024-01-01'),(1898,870,'2023-01-01','2024-01-01'),(1899,874,'2023-01-01','2024-01-01'),(1900,877,'2023-01-01','2024-01-01'),(1901,879,'2023-01-01','2024-01-01'),(1902,880,'2023-01-01','2024-01-01'),(1903,881,'2023-01-01','2024-01-01'),(1904,882,'2023-01-01','2024-01-01'),(1905,884,'2023-01-01','2024-01-01'),(1906,890,'2023-01-01','2024-01-01'),(1907,892,'2023-01-01','2024-01-01'),(1908,893,'2023-01-01','2024-01-01'),(1909,895,'2023-01-01','2024-01-01'),(1910,896,'2023-01-01','2024-01-01'),(1911,898,'2023-01-01','2024-01-01'),(1912,899,'2023-01-01','2024-01-01'),(1913,901,'2023-01-01','2024-01-01'),(1914,902,'2023-01-01','2024-01-01'),(1915,903,'2023-01-01','2024-01-01'),(1916,906,'2023-01-01','2024-01-01'),(1917,907,'2023-01-01','2024-01-01'),(1918,908,'2023-01-01','2024-01-01'),(1919,910,'2023-01-01','2024-01-01'),(1920,912,'2023-01-01','2024-01-01'),(1921,913,'2023-01-01','2024-01-01'),(1922,914,'2023-01-01','2024-01-01'),(1923,916,'2023-01-01','2024-01-01'),(1924,918,'2023-01-01','2024-01-01'),(1925,921,'2023-01-01','2024-01-01'),(1926,925,'2023-01-01','2024-01-01'),(1927,926,'2023-01-01','2024-01-01'),(1928,927,'2023-01-01','2024-01-01'),(1929,932,'2023-01-01','2024-01-01'),(1930,933,'2023-01-01','2024-01-01'),(1931,938,'2023-01-01','2024-01-01'),(1932,939,'2023-01-01','2024-01-01'),(1933,941,'2023-01-01','2024-01-01'),(1934,944,'2023-01-01','2024-01-01'),(1935,950,'2023-01-01','2024-01-01'),(1936,952,'2023-01-01','2024-01-01'),(1937,954,'2023-01-01','2024-01-01'),(1938,957,'2023-01-01','2024-01-01'),(1939,959,'2023-01-01','2024-01-01'),(1940,960,'2023-01-01','2024-01-01'),(1941,962,'2023-01-01','2024-01-01'),(1942,969,'2023-01-01','2024-01-01'),(1943,971,'2023-01-01','2024-01-01'),(1944,972,'2023-01-01','2024-01-01'),(1945,973,'2023-01-01','2024-01-01'),(1946,974,'2023-01-01','2024-01-01'),(1947,975,'2023-01-01','2024-01-01'),(1948,977,'2023-01-01','2024-01-01'),(1949,981,'2023-01-01','2024-01-01'),(1950,987,'2023-01-01','2024-01-01'),(1951,989,'2023-01-01','2024-01-01'),(1952,991,'2023-01-01','2024-01-01'),(1953,992,'2023-01-01','2024-01-01'),(1954,994,'2023-01-01','2024-01-01'),(1955,996,'2023-01-01','2024-01-01'),(1956,997,'2023-01-01','2024-01-01');

/*!40101 SET SQL_MODE=@OLD_SQL_MODE */;
/*!40014 SET FOREIGN_KEY_CHECKS=@OLD_FOREIGN_KEY_CHECKS */;
/*!40014 SET UNIQUE_CHECKS=@OLD_UNIQUE_CHECKS */;
/*!40111 SET SQL_NOTES=@OLD_SQL_NOTES */;
